DB Index,Part Name,Batch Name,Log Date,Temp,PTI State,Comment,Ref,VIPR Code/Note,Part Class,Critical Defect,Dimensional,EC,Failure Type,IntSite,LPI,Picked,SubGroup,Visual,iPTI,Fail Reason,NDT_Comment,MfgMonth,MfgYear (YY),Tracker Result,Result,%PeaksIn,PTIScore,Freq 1,Freq 2,Freq 3,Freq 4,Freq 5,Freq 6,Freq 7,Freq 8,Freq 9,Freq 10,Freq 11,Freq 12,Freq 13,Freq 14,Freq 15,Freq 16,Freq 17,Freq 1,Amp 1,ZW 1,D2 1,Q 1,Freq 2,Amp 2,ZW 2,D2 2,Q 2,Freq 3,Amp 3,ZW 3,D2 3,Q 3,Freq 4,Amp 4,ZW 4,D2 4,Q 4,Freq 5,Amp 5,ZW 5,D2 5,Q 5,Freq 6,Amp 6,ZW 6,D2 6,Q 6,Freq 7,Amp 7,ZW 7,D2 7,Q 7,Freq 8,Amp 8,ZW 8,D2 8,Q 8,Freq 9,Amp 9,ZW 9,D2 9,Q 9,Freq 10,Amp 10,ZW 10,D2 10,Q 10,Freq 11,Amp 11,ZW 11,D2 11,Q 11,Freq 12,Amp 12,ZW 12,D2 12,Q 12,Freq 13,Amp 13,ZW 13,D2 13,Q 13,Freq 14,Amp 14,ZW 14,D2 14,Q 14,Freq 15,Amp 15,ZW 15,D2 15,Q 15,Freq 16,Amp 16,ZW 16,D2 16,Q 16,Freq 17,Amp 17,ZW 17,D2 17,Q 17
0,158,46037288_1450,2/1/2024 16:56,22.5,2,,TRUE,,B3,No Defect,Pass,Pass,(None),110_LVL (new),Not Done,Pass,(None),Pass,(None),none,0,2,1998,TRUE,Fail,0,0,-0.755,0,-0.117,-0.089,-0.215,-0.164,-0.215,-0.129,-1.266,-0.131,-0.137,-0.153,-0.245,-0.126,-0.175,-0.32,-0.136,-0.755,-8.456,-74.442,4.584,288.313,0,13.843,30.255,47.754,-23.227,-0.117,-3.697,9.884,55.565,-9.101,-0.089,42.568,45.215,22.99,-31.198,-0.215,44.508,-4.912,1.695,4.941,-0.164,57.821,-18.409,-4.294,22.361,-0.215,2.382,-5.906,4.812,6.048,-0.129,91.111,-28.785,-31.816,40.238,-1.266,-48.278,-25.757,8.558,32.987,-0.131,63.915,-2.064,6.856,1.974,-0.137,26.691,4.76,20.026,-4.675,-0.153,16.457,-10.929,21.378,12.098,-0.245,6.152,-7.162,-27.935,7.45,-0.126,102.195,7.356,10.27,-6.969,-0.175,10.926,8.825,23.162,-8.271,-0.32,14.065,53.171,59.036,-34.922,-0.136,84.849,-17.995,10.174,21.777
1,268,45614561_1450,6/22/2023 13:15,25.9,2,,TRUE,,GD,No Defect,Pass,Pass,Green,400_LA (new),Not Done,Pass,Orange,Pass,neon,none,,6,1998,TRUE,Fail,0,0,-100,-4.079,-0.551,-0.237,-0.223,-0.259,-0.059,-0.223,-0.238,-0.246,-0.69,-0.117,-0.256,-0.244,-0.212,-0.204,-0.29,-100,-100,-100,100,-100,-4.079,-24.335,75.622,0.504,-45.382,-0.551,61.844,16.755,-390.006,-14.823,-0.237,279.22,27.577,22.579,-21.802,-0.223,274.109,-13.102,22.28,14.821,-0.259,215.312,-11.594,8.148,12.821,-0.059,90.483,-40.34,55.514,67.518,-0.223,209.776,-29.357,-5.362,41.242,-0.238,251.356,-3.494,-12.847,3.374,-0.246,170.857,13.353,27.224,-11.997,-0.69,708.81,93.131,-544.425,-48.579,-0.117,208.84,-5.843,-28.202,6.081,-0.256,107.04,18.839,22.643,-16.068,-0.244,88.618,45.683,63.978,-31.525,-0.212,180.776,11.756,20.604,-10.709,-0.204,148.619,127.952,21.026,-56.221,-0.29,192.854,-10.413,-36.462,11.299
2,846,45860065_1450,10/26/2023 13:57,22.9,2,,TRUE,,GD,No Defect,Not Done,Pass,(None),110_LVL (new),Not Done,Pass,(None),Pass,green,none,0,10,1999,TRUE,Fail,0,0,-3.216,inf,-0.747,-0.011,-0.021,-0.08,-0.005,-0.157,-0.037,-0.123,-0.03,-0.002,-0.064,-0.11,-0.005,-0.03,-0.056,-3.216,-9.825,10.498,71.217,-12.411,inf,inf,inf,#NAME?,inf,-0.747,58.655,120.973,49.794,-55.084,-0.011,106.166,66.924,25.37,-40.099,-0.021,82.876,-11.407,43.598,12.852,-0.08,112.307,1.557,18.126,-1.612,-0.005,146.091,1.369,-7.433,-1.355,-0.157,122.455,149.738,59.038,-60.021,-0.037,141.721,-5.853,-6.706,6.178,-0.123,137.714,4.518,0.171,-4.44,-0.03,177.79,34.631,39.644,-25.745,-0.002,-49.982,14.58,61.041,-12.727,-0.064,97.662,-7.243,19.004,7.74,-0.11,70.099,5.529,-38.368,-5.344,-0.005,76.882,-18.534,-16.498,22.744,-0.03,125.25,-40.591,31.169,68.275,-0.056,180.093,-7.516,-70.022,8.067
3,1051,45760439_1450,9/12/2023 13:32,23.1,2,,TRUE,,GD,No Defect,Not Done,Pass,(None),110_LVL (new),Not Done,Pass,Orange,Pass,green,none,,2,2000,TRUE,Pass,0,0,-0.098,-0.05,0.303,0.206,-0.058,0.062,-0.019,-0.067,0.043,0.009,-0.009,-0.038,-0.044,0.052,-0.015,-0.011,0.067,-0.098,-39.074,-40.732,30.209,68.561,-0.05,125.7,8.019,75.158,-7.47,0.303,633.511,53.79,68.04,-34.779,0.206,2819.024,298.082,-121.973,-74.828,-0.058,1733.853,-5.729,-127.713,6.016,0.062,1593.695,-33.875,-421.284,51.324,-0.019,71.401,-1.049,-65.988,1.041,-0.067,1225.071,5.659,-115.003,-5.419,0.043,878.871,-14.845,-111.885,17.483,0.009,1186.654,-24.805,-335.529,33,-0.009,1181.145,23.967,-39.011,-19.341,-0.038,4447.587,12.54,-28.548,-11.176,-0.044,535.441,22.153,-47.784,-18.172,0.052,2369.946,-37.088,-544.654,59.036,-0.015,86.107,-27.956,-154.684,38.783,-0.011,505.533,68.486,-1.476,-40.655,0.067,38.051,-0.183,-7.494,0.251
4,1385,46061880_1450,2/13/2024 19:25,23.6,2,,TRUE,,GD,No Defect,Pass,Pass,(None),110_LVL (new),Not Done,Pass,(None),Pass,(None),none,0,12,2000,TRUE,Pass,0,0,0.719,0.451,0.645,-0.128,0.004,0.06,0.022,0,0.05,0.058,0.138,-0.004,0.017,-0.025,-0.016,-0.025,0.025,0.719,87.473,95.453,85.248,-48.469,0.451,22.367,-1.092,76.724,1.56,0.645,40.871,94.113,16.321,-48.151,-0.128,-17.487,-14.821,-36.649,17.25,0.004,-42.471,1.39,2.52,-1.367,0.06,-33.261,80.753,14.334,-44.642,0.022,-10.444,-8.122,-12.651,8.864,0,-30.058,0.444,13.903,-0.442,0.05,-29.066,7.504,12.847,-6.934,0.058,-10.159,-3.173,-18.037,3.336,0.138,4.843,61.097,-374.855,-37.84,-0.004,-39.835,4.156,23.046,-3.994,0.017,-7.874,-21.773,-36.02,27.855,-0.025,-22.125,-5.219,-7.336,5.48,-0.016,-46.605,5.114,16.205,-4.881,-0.025,-53.229,11.354,-19.19,-10.219,0.025,-2.788,-21.5,-54.261,27.42
5,1630,45423612_355,3/14/2023 10:52,22.1,2,,TRUE,,UN,(None),Not Done,Not Done,(None),110_LVL (new),Not Done,Pass,Grey,Not Done,(None),,,0,0,FALSE,Fail,0,0,-4.506,-0.787,0.617,-1.919,-1.715,0.557,-0.084,-1.305,0.979,0.82,0.652,0.918,-1.325,-1.168,-0.195,-100,-1.43,-4.506,1176.345,148.209,-20.978,-61.527,-0.787,1091.185,14.319,-303.147,-13.214,0.617,38.548,-42.711,-384.918,75.631,-1.919,-53.835,-51.802,-61.906,103.495,-1.715,-45.09,31.514,-98.628,-25.267,0.557,-44.137,-22.274,-86.537,29.374,-0.084,-50.516,-17.782,8.358,21.526,-1.305,-33.177,14.568,34.146,-13.854,0.979,-45.709,5.08,33.079,-3.903,0.82,-57.009,28.717,52.323,-21.673,0.652,-42.318,-30.944,-45.196,45.753,0.918,171.16,-30.178,-86.96,44.536,-1.325,-2.402,139.843,12.719,-58.859,-1.168,-50.82,4.761,1.362,-5.659,-0.195,-22.148,9.487,12.797,-8.843,-100,-100,-100,100,-100,-1.43,-50.404,4.599,49.855,-5.764
6,1797,45533791_1450,5/11/2023 18:06,26,2,,TRUE,,GD,No Defect,Pass,Pass,Green,300_FW,Not Done,Pass,Orange,Pass,green,none,,10,2001,TRUE,Pass,0,0,-0.312,0.383,0.587,0.198,0.016,0.112,0.085,-0.002,0.053,0.085,-0.259,0.069,0.052,0.081,0.081,-0.04,0.089,-0.312,269.216,-53.443,-39.63,114.123,0.383,425.842,52.942,56.423,-34.365,0.587,309.107,35.185,71.321,-25.593,0.198,822.672,295.765,27.103,-74.683,0.016,346.004,4.582,0.704,-4.366,0.112,444.861,-18.865,35.323,23.389,0.085,979.418,-15.434,-86,18.352,-0.002,282.87,-4.738,-79.593,4.972,0.053,246.369,18.855,3.208,-15.82,0.085,516.962,-6.93,-83.141,7.537,-0.259,2390.826,166.557,-599.198,-62.582,0.069,319.523,3.204,1.504,-3.037,0.052,216.166,21.347,13.187,-17.549,0.081,988.483,-47.847,-245.774,91.898,0.081,572.958,-4.233,-31.152,4.506,-0.04,746.364,262.9,29.039,-72.455,0.089,-40.69,4.648,-1.331,-4.357
7,2386,45404810_86833,3/17/2023 9:56,23.2,2,,TRUE,,GD,No Defect,Not Done,Pass,Green,110_LVL (new),Not Done,Pass,Orange,Pass,green,none,,11,2003,TRUE,Fail,0,0,0.952,0.528,0.632,0.444,0.221,0.165,-0.005,0.233,0.408,0.329,0.244,0.237,0.328,0.365,0.301,0.406,0.422,0.952,-31.485,-8.082,80.76,9.829,0.528,317.381,87.736,66.539,-46.453,0.632,393.526,19.935,54.252,-16.094,0.444,826.193,-55.828,-248.309,127.393,0.221,396.372,-43.475,-150.008,77.304,0.165,508.402,-28.942,-11.036,40.962,-0.005,-74.055,-47.257,46.136,89.589,0.233,413.573,5.178,-63.541,-4.701,0.408,-44.386,-6.621,13.827,7.528,0.329,13.478,2.912,-87.089,-2.51,0.244,401.031,-23.086,-66.957,30.333,0.237,341.509,-13.056,-34.949,15.289,0.328,334.539,17.835,-16.02,-14.857,0.365,1227.614,-53.802,-383.94,117.252,0.301,-16.691,-9.848,-11.14,11.257,0.406,-6.689,-30.186,-6.808,43.82,0.422,39.89,-13.586,-91.405,16.211
8,2546,45681871_1450,7/27/2023 12:16,24.7,2,,TRUE,,GD,No Defect,Not Done,Pass,Green,300_FW,Not Done,Pass,Orange,Pass,green,none,,3,2005,TRUE,Pass,0,0,0.697,0.323,0.424,0.195,-0.01,-0.072,-0.065,-0.068,-0.091,-0.083,0,-0.007,-0.112,0.001,-0.039,-0.141,-0.068,0.697,581.162,91.31,88.698,-47.364,0.323,947.614,47.093,43.753,-31.796,0.424,576.452,33.975,60.171,-25.043,0.195,2294.46,-4.182,-107.846,4.568,-0.01,729.19,69.235,50.175,-40.917,-0.072,831.872,29.748,-64.153,-22.982,-0.065,1125.885,-43.585,-262.736,77.142,-0.068,428.94,-13.645,-98.687,15.722,-0.091,319.105,-0.988,1.869,0.906,-0.083,-26.853,-9.646,-95.023,10.584,0,880.674,17.009,-52.366,-14.536,-0.007,4167.511,-4.054,-277.59,4.218,-0.112,222.718,34.973,-1.466,-25.994,0.001,1136.709,-10.445,-121.572,11.664,-0.039,-24.204,10.033,20.919,-9.153,-0.141,259.459,119.27,61.633,-54.458,-0.068,-30.279,-15.605,-8.945,18.41
9,2798,45523806_1450,5/8/2023 14:14,23.3,2,,TRUE,,GD,No Defect,Pass,Pass,Green,400_LA (new),Not Done,Pass,Orange,Pass,green,none,,4,2006,TRUE,Fail,0,0,-1.157,-1.158,0.426,0.239,-0.009,0.977,0.407,0.714,1.262,1.282,1.083,0.798,0.594,0.735,0.852,0.765,0.491,-1.157,31.44,-34.205,-21.619,50.228,-1.158,102.874,12.463,60.612,-12.112,0.426,62.484,-43.565,91.626,77.949,0.239,510.333,107.611,48.954,-51.718,-0.009,520.373,68.093,38.643,-40.515,0.977,-50.642,51.999,55.818,-33.567,0.407,-69,-18.647,-14.71,23.422,0.714,582.118,-30.943,-50.226,45.843,1.262,586.481,6.434,-27.34,-4.86,1.282,487.801,-18.623,1.552,24.459,1.083,371.034,18.533,8.999,-14.722,0.798,400.845,-2.594,-18.177,3.482,0.594,304.769,-4.787,-4.423,5.652,0.735,611.2,1.74,5.539,-0.987,0.852,870.483,9.006,-6.191,-7.481,0.765,271.818,20.841,4.15,-16.614,0.491,-36.338,-18.961,0.339,24.003
10,3069,45674709_1450,7/25/2023 12:44,24.5,2,,TRUE,,UN,11,Pass,Not Done,Purple,2022,Not Done,Pass,Grey,Not Done,neon,,,2,0,FALSE,Fail,0,0,-0.554,-0.098,-0.125,-0.061,-0.016,-0.071,-0.01,-0.022,0.014,-0.02,-0.009,-0.332,-0.239,-0.051,-0.033,-0.017,-0.085,-0.554,156.944,-14.163,51.5,15.855,-0.098,165.696,-30.739,-0.279,44.24,-0.125,211.06,19.982,35.76,-16.758,-0.061,343.011,5.231,-37.753,-5.029,-0.016,279.141,37.093,-9.007,-27.069,-0.071,253.399,-20.077,26.419,25.032,-0.01,238.881,0.616,0.833,-0.622,-0.022,255.134,10.543,-5.82,-9.558,0.014,301.667,-22.379,-31.617,28.849,-0.02,251.756,5.004,-1.796,-4.784,-0.009,300.391,-11.706,-7.102,13.247,-0.332,1709.257,19.036,-280.696,-16.271,-0.239,413.062,26.872,30.127,-21.368,-0.051,328.582,-21.152,-31.409,26.762,-0.033,293.376,0.417,-1.483,-0.447,-0.017,173.604,43.984,-47.279,-30.56,-0.085,-59.021,-19.141,-20.698,23.567
11,3114,45838399_1450,10/13/2023 18:15,23.5,2,,TRUE,,GD,No Defect,Pass,Pass,(None),300_FW,Not Done,Pass,(None),Pass,green,none,0,4,2007,TRUE,Pass,0,0,0.928,0.562,0.443,-0.185,-0.02,0.051,0.027,-0.02,0.014,0.014,0.008,0.015,0.007,0.023,0.033,-0.049,0.022,0.928,-22.398,68.294,77.592,-40.029,0.562,77.188,172.74,-189.993,-63.129,0.443,11.906,-2.375,-20.062,2.887,-0.185,-23.028,-26.474,-86.698,35.754,-0.02,-55.783,-38.689,-77.523,63.069,0.051,-39.928,-5.125,15.59,5.456,0.027,38.536,-5.457,-44.447,5.801,-0.02,-55.766,-18.82,19.862,23.159,0.014,-50.823,-1.07,2.925,1.096,0.014,-40.357,-16.223,7.156,19.381,0.008,-39.183,-8.002,-61.299,8.707,0.015,-35.266,11.431,3.539,-10.245,0.007,-35.04,-4.338,-2.353,4.543,0.023,-17.607,-21.028,-48.754,26.657,0.033,-30.673,-8.317,-25.796,9.107,-0.049,-58.341,20.225,-13.732,-16.863,0.022,-72.288,-29.476,-32.241,41.827
12,3171,45744613_1450,8/26/2023 14:47,24.4,2,,TRUE,,GD,No Defect,Pass,Pass,(None),300_FW,Not Done,Pass,Orange,Pass,green,none,,8,2007,TRUE,Pass,0,0,0.8,0.501,0.335,-0.233,0.037,0.005,0.002,0.005,0.014,-0.032,0.013,-0.01,-0.01,-0.025,-0.015,-0.006,-0.057,0.8,97.719,211.138,79.103,-67.603,0.501,32.503,36.888,18.658,-26.582,0.335,-2.876,18.626,-218.631,-15.419,-0.233,-24.593,-18.11,-32.099,21.83,0.037,-64.665,-8.713,-1.546,9.585,0.005,-44.608,7.502,24.636,-6.974,0.002,-35.491,3.837,-22.27,-3.693,0.005,-55.03,9.754,15.215,-8.883,0.014,-48.417,5.005,0.891,-4.753,-0.032,-42.41,-10.566,10.366,11.779,0.013,-34.102,-1.069,-36.03,1.094,-0.01,-24.091,9.819,7.7,-8.95,-0.01,-33.25,-10.472,-42.59,11.686,-0.025,-22.528,-3.323,-22.422,3.411,-0.015,-40.359,-0.749,4.556,0.74,-0.006,-45.684,4.431,-16.795,-4.249,-0.057,-45.391,-1.948,-44.869,1.928
13,4237,45827890_1450,10/17/2023 9:36,22.6,2,,TRUE,,GD,No Defect,Not Done,Pass,(None),110_LVL (new),Not Done,Pass,(None),Pass,green,none,0,10,2011,TRUE,Pass,0,0,0.808,0.25,0.116,0.23,0.046,0.042,0.009,0.01,-0.038,-0.005,-0.025,-0.064,-0.065,0.007,-0.013,-0.077,-0.032,0.808,671.433,157.714,70.579,-60.884,0.25,1034.271,12.428,44.637,-10.832,0.116,556.032,32.203,43.678,-24.271,0.23,2140.464,383.035,21.538,-79.25,0.046,1459.577,101.354,-2.795,-50.313,0.042,1119.872,10.437,-240.275,-9.413,0.009,926.127,52.977,-91.538,-34.625,0.01,630.162,6.06,-58.157,-5.704,-0.038,461.25,26.966,-22.454,-21.269,-0.005,1.625,-8.914,-41.127,9.781,-0.025,868.684,25.404,-9.332,-20.278,-0.064,3575.637,24.098,7.627,-19.47,-0.065,302.769,44.319,15.704,-30.754,0.007,1030.588,-11.486,-103.269,12.984,-0.013,-27.057,25.117,39.369,-20.085,-0.077,103.958,320.231,10.75,-76.222,-0.032,17.774,67.119,41.465,-40.182
14,4258,45323100_1450,1/20/2023 13:17,24.7,2,,TRUE,,GD,No Defect,Not Done,Pass,Green,300_FW,Not Done,Pass,Grey,Pass,green,none,,0,0,TRUE,Fail,0,0,0.555,0.382,0.462,0.264,0.02,0.115,0.576,0.086,0.109,0.042,0.152,0.164,0.067,0.205,0.151,0.222,0.109,0.555,126.296,52.747,87.23,-34.169,0.382,289.365,40.466,52.263,-28.536,0.462,244.208,23.77,54.25,-18.832,0.264,457,-27.834,-71.902,38.934,0.02,81.194,-51.869,-112.23,107.808,0.115,342.832,-52.858,-120.739,112.368,0.576,-43.002,-21.762,-103.424,28.552,0.086,50.27,-12.862,-25.894,14.86,0.109,-68.534,17.803,29.144,-15.02,0.042,-56.233,-5.553,-22.225,5.924,0.152,145.035,21.162,16.174,-17.341,0.164,245.533,-7.919,-8.744,8.778,0.067,42.332,-9.86,-41.607,11.013,0.205,1.578,-39.845,-153.552,66.58,0.151,-31.12,-26.137,-90.424,35.59,0.222,-30.374,-7.596,21.958,8.46,0.109,-73.392,13.859,25.757,-12.077
15,4263,45662780_1450,7/20/2023 16:29,27.8,2,,TRUE,,GD,No Defect,Pass,Pass,Green,400_LA (new),Not Done,Pass,Blue,Pass,green,none,,1,2012,TRUE,Pass,0,0,-1.707,0.126,0.579,0.238,-0.056,0.058,-0.04,-0.075,0.076,0.032,0.038,-0.023,-0.067,0.102,0.016,-0.155,0.023,-1.707,-14.385,-50.613,67.424,99.024,0.126,846.078,44.72,83.673,-30.814,0.579,587.592,50.19,76.979,-33.032,0.238,3034.268,111.42,-133.347,-52.588,-0.056,1253.71,-14.986,-36.756,17.562,0.058,1429.719,-33.15,-59.509,49.675,-0.04,23.367,-21.931,9.639,28.039,-0.075,744.001,-17.545,-53.61,21.187,0.076,901.461,0.776,-33.816,-0.694,0.032,1123.06,-3.587,-134.995,3.753,0.038,1009.967,-40.171,-69.55,67.207,-0.023,350.074,31.65,-64.582,-24.058,-0.067,609.387,10.703,-70.617,-9.729,0.102,3620.136,-33.145,-223.042,49.732,0.016,126.728,-6.676,-23.434,7.171,-0.155,144.9,88.456,61.756,-47.02,0.023,66.791,18.763,-19.426,-15.78
16,4268,45725950_1450,8/17/2023 18:27,30.1,2,,TRUE,,GD,No Defect,Pass,Pass,Green,400_LA (new),Not Done,Pass,Blue,Pass,green,none,,1,2012,TRUE,Fail,0,0,-1.567,-0.518,1.44,-0.292,-0.121,-0.094,inf,-0.105,-0.185,-0.218,-0.153,-0.132,-0.091,-0.243,-0.147,-0.157,-0.159,-1.567,-31.846,10.121,-191.923,-10.614,-0.518,153.214,110.311,11.392,-52.698,1.44,275.287,245.048,-366.12,-70.601,-0.292,124.496,-7.835,-80.306,8.185,-0.121,181.059,-40.086,-79.181,66.705,-0.094,139.515,-20.858,-28.548,26.236,inf,inf,inf,#NAME?,inf,-0.105,199.271,11.639,0.868,-10.519,-0.185,170.319,-3.437,9.545,3.367,-0.218,156.86,0.91,-18.561,-1.118,-0.153,165.977,8.096,7.052,-7.631,-0.132,153.338,-7.548,-80.439,8.022,-0.091,359.753,-17.21,-21.95,20.678,-0.243,91.526,12.581,22.539,-11.39,-0.147,127.959,-1.039,-2.563,0.902,-0.157,68.018,-0.202,21.194,0.045,-0.159,150.566,-34.086,-61.628,51.472
17,4282,45753578_1450,9/7/2023 9:44,22.4,2,,TRUE,,GD,No Defect,Not Done,Pass,(None),300_FW,Not Done,Pass,Blue,Pass,green,none,,1,2012,TRUE,Pass,0,0,-0.448,-0.245,-0.385,-0.047,-0.054,-0.062,0.007,-0.025,0.012,-0.012,-0.008,0.237,-0.056,-0.088,-0.07,0.042,0.249,-0.448,82.108,-63.9,-26.799,175.769,-0.245,168.884,-36.8,-48.477,57.839,-0.385,181.128,21.168,31.04,-17.788,-0.047,324.094,-10.53,-19.502,11.717,-0.054,368.761,-24.207,-34.639,31.867,-0.062,331.831,-1.333,-4.103,1.288,0.007,107.927,22.766,23.913,-18.539,-0.025,414.364,2.863,31.263,-2.808,0.012,390.782,10.557,3.854,-9.538,-0.012,-41.594,-20.553,-0.522,25.856,-0.008,380.844,-15.472,-20.981,18.294,0.237,-35.501,40.643,88.856,-28.729,-0.056,375.993,9.451,2.144,-8.686,-0.088,238.603,6.955,15.405,-6.585,-0.07,169.053,28.095,42.997,-21.988,0.042,-65.445,-48.092,-24.481,92.729,0.249,-84.042,-44.658,2.598,81.144
18,4289,45943614_1450,12/11/2023 14:51,23.5,2,,TRUE,,GD,No Defect,Pass,Pass,(None),110_LVL (new),Not Done,Pass,(None),Pass,(None),none,"Mate to Flat, no OOR found",2,2012,TRUE,Pass,0,0,0.049,-0.076,0,-0.036,-0.12,-0.01,0.05,0.022,0.029,0.009,-0.025,-0.009,0.007,-0.008,0.21,-0.025,-0.015,0.049,129.945,11.095,35.919,-9.943,-0.076,-9.906,-11.466,23.151,12.865,0,4.357,-1.78,24.159,1.813,-0.036,2.282,11.745,30.5,-10.543,-0.12,67.211,209.073,-486.248,-67.684,-0.01,0.479,10.419,-13.588,-9.445,0.05,-10.347,-0.871,-2.82,0.93,0.022,12.601,-22.615,-53.621,29.252,0.029,1.843,3.925,-20.896,-3.749,0.009,-3.643,20.741,32.516,-17.171,-0.025,1.644,3.802,40.973,-3.687,-0.009,-5.328,12.291,19.029,-10.954,0.007,9.236,-21.612,-34.071,27.58,-0.008,-1.562,5.262,7.28,-5.007,0.21,-65.559,-34.908,66.05,53.951,-0.025,30.352,-8.514,11.536,9.279,-0.015,-0.579,-0.489,22.731,0.477
19,4289,45876558_1450,11/7/2023 14:44,22.8,2,,TRUE,,GD,No Defect,Not Done,Pass,(None),110_LVL (new),Not Done,Pass,(None),Pass,green,none,0,2,2012,TRUE,Pass,0,0,0.784,0.426,0.264,-0.03,0.149,-0.03,0.019,0.014,0.019,0.037,0.015,-0.005,0.007,-0.013,-0.006,0.117,0.005,0.784,127.046,30.431,60.565,-22.73,0.426,18.593,-58.066,-163.478,139.487,0.264,-3.361,-19.161,-216.03,24.03,-0.03,-18.547,-6.24,-151.388,6.623,0.149,-63.36,-63.494,82.912,174.334,-0.03,-40.333,28.685,44.502,-22.314,0.019,-13.231,4.858,10.608,-4.615,0.014,-39.823,44.02,48.524,-30.555,0.019,-34.62,-1.316,18.094,1.352,0.037,-24.864,8.262,12.849,-7.597,0.015,-22.522,-25.411,-48.23,34.087,-0.005,-37.271,-16.18,-13.371,19.297,0.007,-22.372,18.247,23.638,-15.426,-0.013,-15.645,-21.049,-63.561,26.643,-0.006,-38.987,16.372,31.951,-14.074,0.117,-83.648,-21.502,-14.837,27.541,0.005,-15.56,-0.04,-40.891,0.045
20,4291,45569124_1450,5/31/2023 15:12,23.6,2,,TRUE,,GD,No Defect,Pass,Pass,Green,400_LA (new),Not Done,Pass,Blue,Pass,green,none,,2,2012,TRUE,Pass,0,0,-0.084,-0.374,-0.11,0.089,-0.119,-0.021,0.022,-0.016,0.033,0.023,0.025,-0.024,-0.056,0.013,-0.022,-0.074,-0.028,-0.084,-56.704,-71.216,-106.847,247.125,-0.374,417.539,70.39,59.433,-41.531,-0.11,281.569,39.158,7.958,-28.219,0.089,454.805,50.804,6.983,-33.63,-0.119,465.967,98.684,43.484,-49.729,-0.021,357.134,-15.21,-5.312,17.913,0.022,117.478,23.364,33.318,-18.921,-0.016,483.084,-16.031,-6.139,19.073,0.033,574.785,-0.51,-19.894,0.546,0.023,460.721,8.846,31.796,-8.106,0.025,387.1,12.3,8.776,-10.931,-0.024,375.443,-19.472,-16.577,24.151,-0.056,502.364,17.654,-3.81,-15.052,0.013,601.528,4.175,-2.515,-3.995,-0.022,557.452,1.057,-6.639,-1.068,-0.074,-56.455,-16.554,36.453,19.749,-0.028,-41.052,5.038,1.586,-4.823
21,4292,45637613_1450,7/5/2023 18:32,26.1,2,,TRUE,,GD,No Defect,Not Done,Pass,Green,300_FW,Not Done,Pass,Grey,Pass,green,none,,0,0,TRUE,Pass,0,0,-0.723,-0.065,0.063,-0.129,-0.032,-0.031,-0.01,-0.014,0.014,-0.014,-0.008,-0.034,-0.039,-0.06,-0.038,-0.005,-0.061,-0.723,0.957,-60.289,-8.786,149.999,-0.065,238.063,10.359,35.953,-9.446,0.063,193.605,20.154,43.548,-16.721,-0.129,269.797,70.064,10.525,-41.274,-0.032,290.563,1.143,1.986,-1.162,-0.031,235.998,22.623,40.043,-18.474,-0.01,-59.974,6.745,9.88,-6.329,-0.014,263.974,49.71,17.679,-33.214,0.014,343.24,-19.897,-46.345,24.857,-0.014,291.201,-5.228,-16.351,5.502,-0.008,336.395,-0.492,-34.933,0.486,-0.034,281.675,4.543,6.921,-4.378,-0.039,302.204,0.738,-10.708,-0.771,-0.06,266.468,8.677,18.232,-8.04,-0.038,241.69,6.641,11.9,-6.263,-0.005,-45.955,-16.185,-3.015,19.305,-0.061,-60.715,1.975,5.473,-1.996
22,4296,45985632_1450,1/4/2024 18:03,19.7,2,,TRUE,,GD,No Defect,Pass,Pass,(None),400_LA (new),Not Done,Pass,(None),Pass,(None),none,0,2,2012,TRUE,Pass,0,0,inf,0.6,0.327,-0.107,-0.104,-0.011,0.028,-0.011,0.05,0.052,0.004,-0.014,-0.001,0.034,0.015,-0.057,-0.014,inf,inf,inf,#NAME?,inf,0.6,-75.828,-39.202,-327.44,65.467,0.327,-6.907,-7.673,-58.506,8.665,-0.107,-15.955,-39.006,-98.916,63.776,-0.104,-49.284,-14.544,12.336,16.898,-0.011,-36.05,-1.558,5.324,1.572,0.028,-41.971,-12.31,12.648,14.07,-0.011,-33.994,24.044,13.983,-19.392,0.05,-16.614,-13.968,-1.946,16.294,0.052,-18.833,-13.889,-23.286,16.189,0.004,-21.752,-5.255,-21.63,5.55,-0.014,-16.645,-4.589,-3.675,4.795,-0.001,-19.441,-3.502,-17.688,3.628,0.034,11.19,-8.253,-19.743,9.032,0.015,-17.469,8.556,7.139,-7.868,-0.057,-57.556,3.711,47.064,-3.633,-0.014,-2.765,0.75,-32.303,-0.758
23,4297,45975628_1450,12/28/2023 16:50,22.9,2,,TRUE,,GD,No Defect,Not Done,Pass,(None),300_FW,Not Done,Pass,(None),Pass,(None),none,0,2,2012,TRUE,Pass,0,0,0.318,0.076,0.085,0.003,-0.066,0,-0.004,-0.048,0.024,0.009,0.004,-0.064,-0.022,-0.017,-0.018,-0.085,-0.009,0.318,-84.705,16.462,4.005,-13.861,0.076,-82.873,-4.711,-7.001,5.024,0.085,16.002,8.837,25.768,-8.041,0.003,27.347,13.554,-27.524,-11.933,-0.066,26.999,12.204,22.636,-10.936,0,15.174,-1.093,10.704,1.105,-0.004,20.969,8.463,-41.118,-7.806,-0.048,39.322,-6.305,-13.749,6.678,0.024,15.046,21.137,1.857,-17.429,0.009,21.043,-7.953,-9.946,8.65,0.004,7.378,-6.654,-7.248,7.133,-0.064,41.339,12.791,17.726,-11.397,-0.022,32.881,2.781,6.576,-2.727,-0.017,18.946,0.031,10.442,-0.048,-0.018,24.617,2.316,6.437,-2.281,-0.085,-10.053,17.973,29.302,-15.307,-0.009,40.547,-16.25,-30.355,19.393
24,4299,45873841_1450,11/3/2023 14:52,22.4,2,,TRUE,,GD,No Defect,Not Done,Pass,(None),110_LVL (new),Not Done,Pass,(None),Pass,green,none,0,2,2012,TRUE,Pass,0,0,1.322,0.022,0.458,0.105,-0.058,-0.081,0.419,-0.05,0,0.003,0.004,-0.032,-0.144,0.06,-0.033,-0.064,-0.055,1.322,14.664,-75.617,6.744,315.539,0.022,19.453,48.538,-36.357,-32.662,0.458,-14.025,-57.178,-171.196,134.597,0.105,-4.843,-42.842,-145.29,75.137,-0.058,-38.896,147.625,10.705,-59.64,-0.081,-31.272,70.068,44.337,-41.247,0.419,99.058,2.403,-9.629,-1.938,-0.05,-48.332,-14.051,-30.516,16.289,0,-32.415,104.039,4.22,-50.99,0.003,-21.886,2.345,17.047,-2.289,0.004,-27.098,-17.848,-29.415,21.73,-0.032,-26.858,-3.214,28.483,3.288,-0.144,-65.113,7.539,-5.625,-7.144,0.06,-5.881,25.726,29.256,-20.415,-0.033,-47.368,14.015,30.558,-12.321,-0.064,-60.322,-13.074,30.063,14.967,-0.055,-30.854,19.753,13.352,-16.541
25,4308,45635149_1450,7/3/2023 19:19,26,2,,TRUE,,UN,(None),Not Done,Not Done,(None),300_FW,Not Done,Pass,Grey,Not Done,neon,,,0,0,FALSE,Pass,0,0,0.661,0.323,0.63,0.068,-0.079,0.053,0.199,-0.094,0.047,0.011,0.026,0.015,0.034,0.125,0.061,-0.049,0.08,0.661,260.751,88.857,80.818,-46.7,0.323,481.947,32.962,54.051,-24.548,0.63,388.169,20.197,59.228,-16.279,0.068,1102.198,38.807,-155.089,-27.908,-0.079,284.115,-25.671,-73.91,34.432,0.053,538.882,-11.747,-28.118,13.371,0.199,492.672,8.886,-62.909,-7.979,-0.094,251.533,-1.071,-20.857,0.987,0.047,257.428,-6.905,-19.311,7.468,0.011,489.125,-9.504,-77.176,10.514,0.026,353.465,-32.184,-71.977,47.497,0.015,471.079,-9.742,-55.591,10.81,0.034,302.178,-5.809,-52.245,6.203,0.125,1685.816,-54.886,-426.208,121.94,0.061,40.369,-32.051,-147.834,47.259,-0.049,146.767,186.214,22.475,-65.078,0.08,-38.579,-11.445,-82.699,13.014
26,4309,45597637_1450,6/13/2023 12:23,24.1,2,,TRUE,,GD,No Defect,Pass,Pass,Green,300_FW,Not Done,Pass,Blue,Pass,green,none,,2,2012,TRUE,Pass,0,0,-0.429,-0.445,0.974,0.067,-0.104,0.03,0.025,-0.068,-0.054,-0.09,-0.042,0.01,-0.074,0.012,0.019,0.051,-0.005,-0.429,-17.072,-51.931,51.356,107.141,-0.445,304.13,3.005,83.653,-3.349,0.974,250.262,115.45,92.613,-53.133,0.067,694.225,-43.892,-102.688,78.346,-0.104,254.923,-61.966,-194.109,162.651,0.03,582.567,-11.087,-137.957,12.503,0.025,534.938,-44.77,-187.686,81.106,-0.068,163.098,4.44,-8.849,-4.317,-0.054,-65.786,15.44,6.875,-13.422,-0.09,-38.487,-19.866,-63.321,24.679,-0.042,274.268,-16.686,-28.975,19.977,0.01,328.571,10.863,-28.681,-9.79,-0.074,206.691,6.673,-15.879,-6.325,0.012,93.086,-51.129,-302.104,104.646,0.019,1.021,-23.528,-72.132,30.792,0.051,-11.131,7.782,19.256,-7.173,-0.005,-31.589,-16.963,-55.86,20.423
27,4310,45493854_1450,4/19/2023 9:55,24.8,2,,TRUE,,GD,No Defect,Pass,Pass,Green,300_FW,Not Done,Pass,Blue,Pass,green,none,,2,2012,TRUE,Pass,0,0,-2.317,-0.196,-0.14,-0.131,-0.011,0.041,-0.138,-0.009,0.069,-0.046,0.089,0.059,0.056,-0.034,0.017,0.069,-0.063,-2.317,149.696,7.154,58.63,-8.839,-0.196,43.767,7.019,55.623,-6.741,-0.14,110.686,22.821,15.264,-18.695,-0.131,114.503,7.116,13.512,-6.765,-0.011,76.332,0.062,17.104,-0.073,0.041,130.416,9.363,-6.199,-8.524,-0.138,67.435,-49.429,37.635,97.468,-0.009,48.261,43.274,32.964,-30.21,0.069,87.939,5.522,-3.225,-5.168,-0.046,62.037,14.439,3.989,-12.658,0.089,113.119,35.88,-27.076,-26.34,0.059,154.919,14.824,-56.811,-12.859,0.056,87.794,14.282,-3.71,-12.448,-0.034,64.277,-0.674,9.188,0.645,0.017,86.927,0.578,0.77,-0.558,0.069,153.436,70.101,28.242,-41.171,-0.063,27.601,20.401,37.12,-16.997
28,4312,46041527_1450,2/2/2024 16:53,20.5,2,,TRUE,,GD,No Defect,Pass,Pass,(None),400_LA (new),Not Done,Pass,(None),Pass,(None),none,0,2,2012,TRUE,Pass,0,0,0.068,0.053,0.082,-0.028,-0.016,-0.121,-0.237,0.03,0.052,0.032,0.021,0,0.024,-0.029,-0.005,-0.118,-0.03,0.068,-87.355,-70.102,15.185,234.695,0.053,-86.118,-16.313,39.735,19.556,0.082,-1.731,0.643,14.195,-0.557,-0.028,-4.578,-22.219,-40.558,28.531,-0.016,13.879,112.442,-2.276,-52.936,-0.121,-35.795,-53.782,81.003,116.106,-0.237,-33.275,3.536,-49.29,-3.645,0.03,38.365,-9.949,-43.729,11.081,0.052,4.038,15.135,17.209,-13.1,0.032,-2.433,13.385,26.762,-11.777,0.021,5.482,11.067,-25.135,-9.945,0,19.432,-0.706,-41.098,0.711,0.024,86.488,-5.054,-2.499,5.348,-0.029,4.512,19.572,24.962,-16.392,-0.005,37.197,-14.529,-42.951,16.993,-0.118,-25.628,160.087,-42.839,-61.597,-0.03,9.572,-7.436,-35.245,8.001
29,4313,45935484_1450,12/3/2023 12:58,24.1,2,,TRUE,,GD,No Defect,Pass,Pass,(None),300_FW,Not Done,Pass,(None),Pass,(None),none,0,2,2012,TRUE,Fail,0,0,1.273,0.584,0.59,0.534,0.366,0.473,0.496,0.425,0.552,0.571,0.441,0.526,0.403,0.428,0.397,0.379,0.412,1.273,-6.324,142.232,62.593,-58.192,0.584,12.213,-28.393,17.155,40.466,0.59,9.083,22.483,18.23,-17.874,0.534,33.886,6.176,-75.006,-5.314,0.366,47.754,-15.848,-14.212,19.267,0.473,8.647,-1.583,28.86,2.089,0.496,-3.39,18.986,22.392,-15.54,0.425,35.957,-11.354,-24.628,13.289,0.552,15.24,2.876,13.711,-2.259,0.571,37.923,7.306,-19.467,-6.276,0.441,0.808,11.606,20.119,-10.003,0.526,14.101,3.17,-8.148,-2.563,0.403,25.844,5.792,1.452,-5.094,0.428,29.484,0.375,1.624,0.053,0.397,27.495,4.314,10.82,-3.755,0.379,-11.123,6.833,13.733,-6.041,0.412,68.401,-39.951,-68.249,67.216
30,4314,46045357_1450,2/2/2024 13:56,25.1,2,,TRUE,,GD,No Defect,Pass,Pass,(None),300_FW,Not Done,Pass,(None),Pass,(None),none,0,2,2012,TRUE,Fail,0,0,0.161,0.401,0.569,0.244,-0.127,0.043,0.019,-0.094,0.074,0.02,0.38,0.009,-0.013,0.104,0.039,-0.097,0.014,0.161,283.002,-24.026,90.001,31.836,0.401,121.197,-4.124,53.144,4.72,0.569,798.395,34.342,49.628,-25.139,0.244,2999.321,165.618,-346.661,-62.26,-0.127,1284.351,147.26,-155.841,-59.608,0.043,1121.511,76.561,-101.902,-43.338,0.019,1253.009,1.935,-426.091,-1.879,-0.094,794.245,-19.331,-189.472,23.848,0.074,-15.786,-32.344,-54.962,47.916,0.02,10.82,-10.039,-84.417,11.182,0.38,2746.053,141.905,-805.054,-58.505,0.009,673.705,9.27,3.065,-8.475,-0.013,464.527,1.448,-128.615,-1.44,0.104,1962.162,-30.799,-255.65,44.656,0.039,143.073,-20.84,-127.522,26.376,-0.097,348.267,149.013,15.584,-59.88,0.014,-0.247,21.655,-10.035,-17.789
31,4315,45534850_1450,5/16/2023 15:32,24.9,2,,TRUE,,GD,No Defect,Not Done,Pass,Green,110_LVL (new),Not Done,Pass,Blue,Pass,green,none,,2,2012,TRUE,Pass,0,0,-1.069,-0.399,-0.5,-0.074,-0.008,-0.083,-0.02,-0.013,0.014,-0.125,-0.013,-0.028,0.01,-0.115,-0.046,0.297,-0.041,-1.069,-57.134,-28.869,42.04,39.083,-0.399,-73.846,-33.019,-23.771,48.7,-0.5,-65.005,17.107,23.774,-15.036,-0.074,215.037,133.631,0.834,-57.229,-0.008,144.526,63.839,55.112,-38.969,-0.083,180.978,11.934,25,-10.736,-0.02,180,12.192,-12.245,-10.885,-0.013,139.169,-11.975,20.703,13.59,0.014,183.785,0.698,-4.478,-0.679,-0.125,169.338,3.572,25.303,-3.569,-0.013,165.05,-3.962,22.267,4.112,-0.028,145.707,14.72,22.007,-12.856,0.01,188.477,-3.967,-5.807,4.142,-0.115,123.322,0.62,2.951,-0.73,-0.046,75.687,7.041,19.039,-6.621,0.297,316.753,480.556,5.92,-82.724,-0.041,-65.844,-40.474,-55.703,67.925
32,4317,45690798_1450,8/1/2023 15:35,25.1,2,,TRUE,,GD,No Defect,Pass,Pass,Green,300_FW,Not Done,Pass,Blue,Pass,green,none,,2,2012,TRUE,Fail,0,0,-0.582,-0.19,0.018,0.04,-0.002,0.104,0.486,0.052,0.071,0.046,0.056,0.04,0.044,0.059,0.059,0.086,0.024,-0.582,195.706,-26.273,12.222,34.846,-0.19,193.459,32.109,2.068,-24.448,0.018,223.113,12.508,1.964,-11.101,0.04,271.061,25.527,29.242,-20.304,-0.002,201.824,-7.364,-24.181,7.947,0.104,283.754,-9.209,-29.763,10.258,0.486,198.547,-7.576,26.219,8.722,0.052,193.602,29.299,12.562,-22.62,0.071,304.97,21.215,-19.313,-17.444,0.046,260.375,-11.366,-18.569,12.875,0.056,265.311,-3.943,-25.088,4.162,0.04,295.723,38.795,38.86,-27.922,0.044,283.311,-4.885,-38.423,5.182,0.059,359.505,5.281,-0.787,-4.96,0.059,263.008,1.725,3.324,-1.637,0.086,16.754,11.246,-37.013,-10.032,0.024,-59.355,-18.997,-25.349,23.482
33,4319,45620408_1450,6/29/2023 10:18,22.8,2,,TRUE,,GD,No Defect,Not Done,Pass,Green,110_LVL (new),Not Done,Pass,Blue,Pass,green,none,,2,2012,TRUE,Fail,0,0,-1.286,-1.172,0.047,0.02,0.04,-0.02,-0.009,0.025,0.033,0.052,-0.004,-0.024,0,-0.012,-0.023,-0.073,0.014,-1.286,-38.014,-65.173,-47.075,183.438,-1.172,-3.412,-55.421,51.009,121.693,0.047,162.742,-32.931,68.689,49.171,0.02,415.033,42.272,28.847,-29.698,0.04,701.919,82.744,16.494,-45.257,-0.02,437.777,-3.605,2.408,3.719,-0.009,363.368,3.624,24.866,-3.506,0.025,603.644,10.652,-21.45,-9.604,0.033,413.671,4.045,7.864,-3.856,0.052,425.019,9.924,-4.814,-8.981,-0.004,426.534,14.439,11.342,-12.62,-0.024,320.22,20.697,43.964,-17.168,0,475.976,-5.066,-15.126,5.336,-0.012,390.823,0.826,-1.452,-0.831,-0.023,272.21,12.555,24.262,-11.175,-0.073,-14.721,-30.447,-11.564,43.67,0.014,-33.912,11.641,15.606,-10.415
34,4320,45869190_1450,10/28/2023 12:12,24.6,2,,TRUE,,GD,No Defect,Pass,Pass,(None),400_LA (new),Not Done,Pass,(None),Pass,green,none,0,2,2012,TRUE,Pass,0,0,0.068,-0.1,-0.101,0,0.043,0.011,-0.003,-0.023,0.009,0.023,0.013,-0.019,-0.024,0.03,0.016,-0.099,-0.052,0.068,161.164,259.653,-25.934,-72.177,-0.1,16.292,75.404,-65.884,-43.046,-0.101,8.235,25.264,-7.935,-20.249,0,13.43,15.858,-5.524,-13.687,0.043,-21.896,-6.614,0.847,7.129,0.011,-6.291,16.661,3.14,-14.272,-0.003,-27.62,-6.861,0.876,7.363,-0.023,-15.206,-15.39,-11.18,18.162,0.009,7.765,13.322,3.615,-11.747,0.023,3.977,-8.401,-14.216,9.197,0.013,-12.994,9.959,19.456,-9.045,-0.019,17.548,21.272,-15.659,-17.557,-0.024,10.533,17.446,9.995,-14.875,0.03,48.683,6.437,4.474,-6.02,0.016,78.846,-14.978,-55.191,17.635,-0.099,-6.047,151.357,46.518,-60.255,-0.052,-16.433,12.548,28.419,-11.195
35,4321,45832706_1450,10/17/2023 16:46,22.5,2,,TRUE,,GD,No Defect,Not Done,Pass,(None),110_LVL (new),Not Done,Pass,(None),Pass,green,none,0,2,2012,TRUE,Pass,0,0,1.262,0.348,0.372,0.251,-0.012,0.083,0.029,0.009,0.033,0.087,0.085,-0.01,-0.046,0.057,0.005,0.134,0.036,1.262,827.497,118.618,80.534,-53.681,0.348,1162.506,6.744,34.535,-5.991,0.372,582.364,26.981,54.977,-20.955,0.251,2747.99,-17.057,-126.285,20.868,-0.012,1434.838,166.147,-10.014,-62.431,0.083,1324.075,30.189,-185.735,-23.125,0.029,53.866,-3.709,-48.077,3.881,0.009,1137.83,-29.312,-221.448,41.479,0.033,-16.653,23.748,-92.443,-19.164,0.087,38.06,-18.097,-99.57,22.203,0.085,1139.683,-4.167,-77.351,4.437,-0.01,4226.071,10.283,-54.55,-9.333,-0.046,479.748,12.617,-11.101,-11.244,0.057,1801.419,-40.929,-327.598,69.386,0.005,6.3,20.64,28.248,-17.104,0.134,-24.218,-8.472,-33.599,9.403,0.036,50.048,0.308,-37.478,-0.271
36,4322,45620762_1450,6/30/2023 11:46,23.9,2,,TRUE,,GD,No Defect,Not Done,Pass,Green,110_LVL (new),Not Done,Pass,Blue,Pass,green,none,,2,2012,TRUE,Fail,0,0,-3.78,-0.245,-0.1,0,-0.04,-0.062,-0.012,-0.02,-0.048,-0.038,-0.012,-0.04,-0.002,-0.062,-0.054,-0.051,-0.013,-3.78,-30.096,37.354,87.543,-29.947,-0.245,-61.72,-39.706,-88.258,65.448,-0.1,203.639,26.255,55.166,-20.875,0,345.942,78.942,29.266,-44.116,-0.04,515.967,139.78,13.749,-58.312,-0.062,352.629,-7.385,6.452,7.907,-0.012,-65.397,1.194,19.179,-1.192,-0.02,539.938,-13.591,-30.764,15.706,-0.048,372.985,7.734,18.187,-7.222,-0.038,411.81,-2.27,6.582,2.284,-0.012,323.327,11.186,20.003,-10.071,-0.04,318.839,-17.726,-3.982,21.496,-0.002,428.389,-5.171,-28.89,5.451,-0.062,334.693,-0.259,-2.591,0.197,-0.054,276.616,4.499,9.458,-4.357,-0.051,-70.461,-20.479,27.734,25.688,-0.013,-45.663,3.699,0.386,-3.579
37,4323,45676772_1450,7/31/2023 17:14,24.2,2,,TRUE,,GD,No Defect,Not Done,Pass,Green,110_LVL (new),Not Done,Pass,Blue,Pass,green,none,,2,2012,TRUE,Pass,0,0,inf,-0.231,-0.42,0.02,-0.125,-0.071,-0.008,-0.055,0,-0.07,-0.018,-0.014,-0.024,-0.113,-0.055,0.002,-0.09,inf,inf,inf,#NAME?,inf,-0.231,93.86,18.943,44.078,-16.121,-0.42,118.99,-31.983,1.452,46.406,0.02,213.197,16.658,-136.763,-14.262,-0.125,292.356,-10.259,-312.137,11.293,-0.071,213.805,-6.128,11.137,6.452,-0.008,276.428,-5.385,-12.785,5.683,-0.055,124.662,37.347,45.644,-27.232,0,161.58,15.11,-18.922,-13.127,-0.07,181.888,-3.748,-35.897,3.822,-0.018,168.972,32.505,39.241,-24.544,-0.014,152.496,-23.653,-7.959,30.963,-0.024,193.568,2.763,-3.659,-2.712,-0.113,132.455,-6.939,-7.577,7.335,-0.055,100.858,4.998,13.036,-4.813,0.002,175.881,-56.381,16.531,129.265,-0.09,162.98,-3.724,-28.658,3.774
38,4324,45580217_1450,6/5/2023 21:29,23.3,2,,TRUE,,GD,No Defect,Pass,Pass,Green,400_LA (new),Not Done,Pass,Blue,Pass,green,none,,2,2012,TRUE,Fail,0,0,-3.117,1.063,-0.238,-0.117,-0.044,-0.051,0.019,-0.032,-0.043,-0.067,0,-0.063,-0.06,-0.106,-0.053,-0.063,-0.108,-3.117,151.258,212.695,60.853,-69.017,1.063,655.97,30.826,58.516,-22.75,-0.238,115.993,29.894,44.01,-23.198,-0.117,174.504,134.732,50.794,-57.448,-0.044,133.469,37.452,39.231,-27.279,-0.051,162.382,46.332,31.272,-31.697,0.019,103.846,54.47,-15.894,-35.251,-0.032,136.321,-5.348,26.767,5.616,-0.043,217.268,14.567,13.533,-12.753,-0.067,175.138,-4.327,-29.627,4.452,0,186.021,-9.206,2.892,10.14,-0.063,201.962,37.376,2.143,-27.253,-0.06,172.305,10.484,25.04,-9.543,-0.106,162.993,6.323,9.147,-6.046,-0.053,138.636,2.833,4.139,-2.806,-0.063,91.72,50.564,37.871,-33.625,-0.108,-68.759,-37.238,-51.24,59.16
39,4325,45591817_1450,6/8/2023 18:06,24.3,2,,TRUE,,GD,No Defect,Pass,Pass,Green,300_FW,Not Done,Pass,Blue,Pass,green,none,,2,2012,TRUE,Pass,0,0,-0.408,-0.144,-0.187,-0.208,-0.088,-0.031,0.009,-0.106,-0.05,-0.075,-0.037,-0.056,-0.099,-0.116,-0.065,-0.094,-0.155,-0.408,83.744,-2.626,63.463,2.277,-0.144,151.085,-7.986,19.475,8.522,-0.187,161.927,-0.573,12.981,0.388,-0.208,194.483,-24.48,-22.585,32.139,-0.088,133.15,-2.536,-10.504,2.511,-0.031,158.544,0.272,18.176,-0.303,0.009,140.582,-0.236,-0.675,0.246,-0.106,144.821,-29.076,-59.565,40.846,-0.05,138.922,-7.317,24.358,7.841,-0.075,138.677,-7.805,-10.369,8.384,-0.037,139.011,-3.511,12.482,3.601,-0.056,226.038,-2.118,-7.617,2.106,-0.099,207.642,0.801,-11.876,-0.893,-0.116,222.467,2.928,0.913,-2.957,-0.065,202.88,1.315,-1.997,-1.362,-0.094,-54.624,-29.497,-29.569,41.704,-0.155,-75.918,-16.631,10.175,19.763
40,4329,45758226_1450,9/11/2023 13:51,23.1,2,,TRUE,,GD,No Defect,Not Done,Pass,(None),110_LVL (new),Not Done,Pass,Blue,Pass,green,none,,2,2012,TRUE,Pass,0,0,1.107,0.301,0.191,0.35,-0.021,0.006,0.008,-0.036,0.029,-0.006,-0.004,-0.049,-0.065,-0.01,-0.033,0.08,-0.004,1.107,-36.351,-53.531,66.229,117.58,0.301,942.548,-36.56,4.754,58.103,0.191,592.139,24.32,54.287,-19.409,0.35,2063.81,339.035,-69.598,-77.143,-0.021,1453.015,50.034,-76.31,-33.363,0.006,1008.065,-13.327,-69.577,15.383,0.008,968.424,11.403,-104.494,-10.229,-0.036,736.568,-41.213,-68.48,70.044,0.029,-26.469,31.919,16.923,-24.174,-0.006,12.428,-13.117,-49.158,15.091,-0.004,955.793,1.88,-22.414,-1.849,-0.049,3195.157,63.89,2.117,-39.013,-0.065,402.215,14.379,-16.62,-12.628,-0.01,56.93,-25.689,-153.678,34.557,-0.033,-36.723,46.889,41.643,-31.944,0.08,52.468,-15.18,21.28,17.99,-0.004,12.23,7.989,-5.699,-7.401
41,4330,45905501_1450,11/16/2023 15:01,23.8,2,,TRUE,,GD,No Defect,Pass,Pass,(None),400_LA (new),Not Done,Pass,(None),Pass,green,none,0,2,2012,TRUE,Fail,0,0,0.222,-1.202,-0.082,-0.106,0.008,0.007,-0.051,-0.009,0.014,0.009,-0.061,-0.06,-0.003,-0.08,-0.058,-0.085,0.01,0.222,-76.674,-18.36,-189.944,22.761,-1.202,-94.838,-68.315,47.291,211.815,-0.082,-0.165,-33.978,12.522,51.341,-0.106,25.043,-29.679,5.045,42.055,0.008,76.783,-17.369,5.371,21.03,0.007,10.767,-35.001,-37.617,53.861,-0.051,-37.07,11.219,30.936,-10.133,-0.009,139.479,7.654,-17.446,-7.119,0.014,60.147,-3.37,2.75,3.502,0.009,63.726,-2,-3.436,2.05,-0.061,29.802,-6.766,18.006,7.191,-0.06,21.254,1.685,7.68,-1.716,-0.003,182.811,1.168,1.168,-1.157,-0.08,64.989,-6.778,-5.75,7.184,-0.058,92.937,-3.069,-8.391,3.107,-0.085,14.217,11.585,-76.057,-10.459,0.01,94.141,22.559,30.991,-18.398
42,4352,45649288_1450,7/11/2023 18:53,25.2,2,,TRUE,,GD,No Defect,Pass,Pass,Green,300_FW,Not Done,Pass,Blue,Pass,green,none,,2,2012,TRUE,Fail,0,0,-2.44,-0.643,-1.222,-0.406,-0.257,-0.278,-0.01,-0.192,-0.27,-0.297,-0.157,-0.168,-0.209,-0.292,-0.165,-0.128,-0.314,-2.44,3370.591,272.289,82.497,-73.795,-0.643,251.698,64.272,-176.116,-39.517,-1.222,51.416,81.437,-89.681,-45.558,-0.406,68.484,35.03,-81.581,-26.244,-0.257,-31.943,-21.3,-6.785,26.738,-0.278,43.361,0.004,-23.597,-0.283,-0.01,31.533,-43.954,-36.104,78.407,-0.192,-0.254,-6.451,-17.865,6.691,-0.27,34.494,-7.349,8.438,7.64,-0.297,34.407,-27.094,-39.7,36.756,-0.157,98.047,-17.068,-51.037,20.39,-0.168,50.011,8.782,-0.631,-8.228,-0.209,46.426,11.982,13.551,-10.887,-0.292,35.054,9.524,15.688,-8.963,-0.165,44.401,-10.125,-26.037,11.082,-0.128,-47.944,6.951,-9.345,-6.618,-0.314,-84.171,-54.525,-65.702,119.211
43,4353,45946633_1450,12/11/2023 10:36,22.5,2,,TRUE,,GD,No Defect,Pass,Pass,(None),300_FW,Not Done,Pass,(None),Pass,(None),none,0,2,2012,TRUE,Pass,0,0,0.054,-0.075,-0.094,0.066,-0.067,-0.072,-0.037,-0.029,-0.009,0.023,0.008,0.01,-0.053,-0.054,-0.033,-0.053,-0.047,0.054,-83.36,-5.215,-43.116,5.56,-0.075,6.812,73.197,-143.508,-42.306,-0.094,-6.047,-5.755,9.862,6.006,0.066,1.98,26.937,-9.428,-21.169,-0.067,6.049,16.847,22.194,-14.475,-0.072,-18.074,61.564,48.475,-38.15,-0.037,-1.461,0.323,21.041,-0.359,-0.029,2.838,17.214,16.821,-14.71,-0.009,3.371,4.791,16.806,-4.581,0.023,18.664,-10.957,-26.04,12.332,0.008,14.281,-6.86,-20.587,7.374,0.01,36.066,-15.113,-33.678,17.815,-0.053,-4.48,-1.855,1.699,1.837,-0.054,-12.559,16.289,26.351,-14.053,-0.033,10.807,-2.151,-4.998,2.165,-0.053,-16.706,6.162,28.873,-5.854,-0.047,13.409,9.635,6.604,-8.831
44,4354,45706680_1450,8/15/2023 13:45,23.7,2,,TRUE,,GD,No Defect,Not Done,Pass,(None),110_LVL (new),Not Done,Pass,Blue,Pass,green,none,,2,2012,TRUE,Fail,0,0,1.106,0.448,0.408,0.566,0.261,0.241,0.266,0.273,0.224,0.225,0.299,0.237,0.193,0.234,0.24,0.264,0.28,1.106,300.224,21.991,74.784,-17.12,0.448,561.418,-7.944,40.392,9.116,0.408,440.897,6.653,42.875,-5.855,0.566,1862.602,11.908,-58.797,-10.135,0.261,1408.926,-48.68,-209.496,95.365,0.241,784.994,-21.71,-148.356,28.038,0.266,0.199,21.798,-52.599,-17.678,0.273,561.926,14.105,-62.666,-12.123,0.224,382.335,11.988,-6.56,-10.505,0.225,567.846,-17.672,-122.668,21.739,0.299,788.2,12.892,-28.601,-11.155,0.237,1370.544,9.633,-4.997,-8.57,0.193,332.724,14.969,-10.747,-12.852,0.234,1019.339,-23.853,-154.195,31.633,0.24,-33.714,19.929,38.846,-16.417,0.264,60.384,49.636,58.347,-32.994,0.28,33.021,19.2,13.37,-15.872
45,4356,45948617_1450,12/11/2023 13:49,21,2,,TRUE,,GD,No Defect,Pass,Pass,(None),400_LA (new),Not Done,Pass,(None),Pass,(None),none,0,2,2012,TRUE,Pass,0,0,0.062,0.05,-0.025,-0.01,-0.047,0.029,0.01,-0.046,0.004,0.041,0.03,-0.038,-0.051,0.003,-0.033,-0.038,-0.005,0.062,-83.518,-34.303,60.961,52.309,0.05,-81.103,-54.39,9.187,119.362,-0.025,9.722,46.97,21.04,-31.976,-0.01,45.554,57.278,45.215,-36.425,-0.047,58.623,-26.378,-33.405,35.765,0.029,37.988,-18.275,-26.457,22.396,0.01,-24.508,-9.393,-16.264,10.378,-0.046,82.605,-28.819,-22.496,40.423,0.004,63.204,-5.443,15.02,5.761,0.041,65.431,-4.527,-15.615,4.785,0.03,77.088,-19.03,-64.055,23.539,-0.038,41.59,-9.186,-19.204,10.074,-0.051,49.84,14.566,11.684,-12.759,0.003,47.577,24.084,30.844,-19.407,-0.033,61.839,2.734,8.549,-2.693,-0.038,15.121,3.642,9.92,-3.551,-0.005,104.206,16.901,17.626,-14.461
46,4358,45393358_1450,3/1/2023 14:40,23.8,2,,TRUE,,GD,No Defect,Not Done,Pass,Green,110_LVL (new),Not Done,Pass,Blue,Pass,green,none,,2,2012,TRUE,Fail,0,0,1.343,0.299,0.257,0.154,-0.251,-0.186,-0.228,-0.294,-0.184,-0.17,-0.203,-0.176,-0.323,-0.096,-0.201,-0.123,-0.447,1.343,-41.87,-39.347,48.439,67.086,0.299,-10.232,46.802,65.364,-31.677,0.257,-16.033,42.58,64.923,-29.684,0.154,1171.075,111.375,19.609,-52.618,-0.251,525.389,-15.778,-197.237,18.437,-0.186,880.86,-13.299,-151.929,15.125,-0.228,748.266,-15.78,-114.558,18.467,-0.294,291.266,30.767,34.517,-23.753,-0.184,451.304,25.474,12.663,-20.449,-0.17,991.294,-4.991,-115.568,5.074,-0.203,433.992,13.744,25.439,-12.262,-0.176,335.762,34.998,44.199,-26.055,-0.323,296.756,-16.089,-45.932,18.789,-0.096,2051.703,-7.527,-63.41,8.036,-0.201,540.507,12.53,15.795,-11.313,-0.123,770.343,38.439,45.271,-27.855,-0.447,158.553,149.09,43.811,-60.033
47,4362,45536124_1450,5/11/2023 18:59,26.1,2,,TRUE,,GD,No Defect,Pass,Pass,Green,300_FW,Not Done,Pass,Blue,Pass,green,none,,2,2012,TRUE,Pass,0,0,0.801,0.398,0.581,0.253,0.081,0.115,0.104,0.081,0.161,0.067,0.048,0.031,-0.002,0.105,0.07,-0.008,0.047,0.801,603.441,60.944,79.318,-37.369,0.398,958.891,0.956,47.545,-0.553,0.581,564.266,33.837,58.064,-24.848,0.253,1807.887,164.11,-3.477,-62.041,0.081,1013.169,-16.099,-77.68,19.284,0.115,774.108,17.543,-68.096,-14.827,0.104,1170.123,-7.648,-205.168,8.394,0.081,353.734,9.678,-13.355,-8.75,0.161,453.4,-39.868,-211.333,66.568,0.067,-26.901,-8.734,1.132,9.644,0.048,723.376,-2.541,-14.878,2.657,0.031,3394.729,38.514,-15.52,-27.783,-0.002,175.997,32.595,5.292,-24.584,0.105,997.901,-12.493,-81.626,14.397,0.07,-26.213,19.017,32.303,-15.92,-0.008,228.564,240.746,49.233,-70.655,0.047,-31.805,-3.644,15.575,3.83
48,4363,45858390_1450,10/26/2023 10:25,22.4,2,,TRUE,,GD,No Defect,Not Done,Pass,(None),110_LVL (new),Not Done,Pass,(None),Pass,green,none,0,2,2012,TRUE,Pass,0,0,-0.008,0.534,0.67,-0.03,0.038,-0.031,0,0.054,-0.009,0.014,-0.026,-0.03,-0.102,0.037,-0.038,-0.126,-0.047,-0.008,37.317,-56.18,57.875,128.188,0.534,42.584,-23.399,51.697,31.244,0.67,-4.825,-25.311,-171.036,34.786,-0.03,-29.822,-28.273,-62.155,39.376,0.038,-63.07,-6.649,-28.782,7.163,-0.031,-37.869,-38.997,-84.709,63.876,0,-31.732,8.975,23.76,-8.236,0.054,-84.797,-59.777,-140.956,148.749,-0.009,-41.568,-8.284,-14.527,9.022,0.014,-24.43,0.213,-13.489,-0.198,-0.026,-47.268,-25.706,-15.649,34.565,-0.03,-66.018,-15.54,-0.082,18.363,-0.102,-60.893,-2.672,-17.059,2.641,0.037,-5.986,-9.193,-16.323,10.165,-0.038,-46.799,-20.682,-27.219,26.027,-0.126,-59.689,15.531,49.882,-13.552,-0.047,-45.669,46.63,34.927,-31.833
49,4365,45975569_1450,12/29/2023 15:47,22.6,2,,TRUE,,GD,No Defect,Pass,Pass,(None),110_LVL (new),Not Done,Pass,(None),Pass,(None),none,0,2,2012,TRUE,Pass,0,0,0.049,-0.074,-0.164,0.01,0.018,-0.093,-0.039,-0.022,-0.014,0.012,-0.021,-0.043,-0.032,-0.06,-0.071,-0.057,0.009,0.049,159.049,-8.048,65.226,8.806,-0.074,0.01,-39.086,57.438,64.045,-0.164,-18.267,14.492,45.326,-12.801,0.01,43.416,-41.679,-23.381,71.481,0.018,77.877,121.388,51.619,-54.822,-0.093,66.63,-37.116,-102.922,58.876,-0.039,-12.851,7.854,7.187,-7.319,-0.022,97.268,-15.911,-27.519,18.895,-0.014,40.569,2.986,0.938,-2.913,0.012,45.641,-13.787,-10.224,16.005,-0.021,48.654,-16.285,-23.168,19.427,-0.043,-15.731,-0.472,12.649,0.431,-0.032,69.271,-16.243,-18.403,19.355,-0.06,3.574,-0.683,3.295,0.627,-0.071,-16.96,13.69,31.382,-12.104,-0.057,-36.911,-7.324,1.014,7.842,0.009,101.766,-25.974,-19.339,35.099
50,4371,45636437_1450,7/4/2023 11:34,24.8,2,,TRUE,,GD,No Defect,Not Done,Pass,Green,300_FW,Not Done,Pass,Blue,Pass,green,none,,3,2012,TRUE,Pass,0,0,0.654,0.322,0.537,0.311,0.241,0.25,0.286,0.109,0.18,0.134,0.212,0.259,0.137,0.248,0.209,0.218,0.225,0.654,597.559,137.038,77.762,-57.537,0.322,674.162,-4.023,67.51,4.527,0.537,555.73,14.249,49.413,-12.002,0.311,2464.382,131.847,-109.22,-56.734,0.241,718.349,62.06,-8.936,-38.146,0.25,914.428,-32.97,-285.243,49.559,0.286,1539.323,73.491,-108.531,-42.195,0.109,537.914,10.089,-115.23,-9.066,0.18,470.697,-6.019,-86.613,6.596,0.134,-14.268,-18.294,-124.623,22.554,0.212,729.851,-7.296,-73.275,8.099,0.259,4928.099,1.494,-177.955,-1.217,0.137,412.788,-22.016,-177.205,28.406,0.248,2196.011,-56.933,-608.799,132.774,0.209,108.727,-37.236,-201.549,59.662,0.218,409.155,135.692,-25.771,-57.479,0.225,-1.163,-8.258,-37.279,9.246
51,4387,46061623_1450,2/13/2024 14:45,19.4,2,,TRUE,,GD,No Defect,Pass,Pass,(None),400_LA (new),Not Done,Pass,(None),Pass,(None),none,0,3,2012,TRUE,Fail,0,0,2.677,0.635,-2.21,-0.262,-0.179,-0.133,-0.267,-0.117,-0.057,-0.192,-0.017,-0.062,-0.153,-0.192,-0.113,-0.064,-0.226,2.677,242.097,126.793,57.681,-54.726,0.635,689.591,9.917,-10.274,-8.445,-2.21,178.593,250.334,-152.89,-72.087,-0.262,115.919,0.913,-64.138,-1.164,-0.179,-18.342,-28.479,34.993,39.568,-0.133,108.641,-7.352,-25.006,7.791,-0.267,52.365,22.252,54.968,-18.42,-0.117,96.278,-0.755,-26.032,0.643,-0.057,82.753,1.121,31.964,-1.165,-0.192,102.859,-3.417,4.743,3.339,-0.017,240.967,-24.084,-135.401,31.703,-0.062,128.852,1.325,15.247,-1.369,-0.153,90.559,7.732,4.551,-7.319,-0.192,95.123,10.141,17.09,-9.382,-0.113,111.34,-4.543,-13.704,4.641,-0.064,124.629,14.669,26.262,-12.848,-0.226,105.752,2.557,-31.156,-2.713
52,4387,45057728_1450,8/25/2022 17:00,28.9,2,,TRUE,,GD,No Defect,Pass,Pass,Green,200_LA (old),Pass,Pass,Blue,Pass,green,none,,3,2012,TRUE,Fail,0,0,-2.223,-0.753,2.15,0.083,-0.119,-0.222,-0.017,-0.223,-0.179,-0.039,-0.173,-0.152,-0.198,-0.128,-0.173,-0.21,-0.113,-2.223,-83.726,-34.396,12.978,49.041,-0.753,-20.145,-5.833,54.98,5.395,2.15,45.659,-55.831,82.318,131.27,0.083,412.694,-18.603,-83.964,22.958,-0.119,451.292,-1.195,-52.746,1.089,-0.222,239.857,-2.793,-41.971,2.646,-0.017,-56.327,-53.979,-181.074,117.256,-0.223,297.348,-13.679,-6.882,15.589,-0.179,-68.506,-44.225,-65.822,78.971,-0.039,-57.06,-11.113,-44.696,12.459,-0.173,120.72,14.934,35.677,-13.144,-0.152,-33.704,18.241,-12.588,-15.555,-0.198,-69.65,-8.052,7.849,8.543,-0.128,18.19,-51.136,-439.565,104.388,-0.173,-46.163,-10.105,-21.521,11.049,-0.21,-56.175,35.783,-11.124,-26.508,-0.113,-52.462,-9.146,12.24,9.942
53,4404,45780111_1450,9/19/2023 13:49,21.2,2,,TRUE,,GD,No Defect,Not Done,Pass,(None),110_LVL (new),Not Done,Pass,(None),Pass,green,none,0,3,2012,TRUE,Pass,0,0,inf,-0.146,-0.193,-0.043,-0.078,-0.023,-0.004,-0.036,-0.05,-0.035,-0.034,-0.065,-0.069,-0.105,-0.092,-0.044,-0.056,inf,inf,inf,#NAME?,inf,-0.146,157.737,-2.346,27.946,2.253,-0.193,157.733,-45.594,35.365,83.45,-0.043,354.971,33.001,-8.117,-24.845,-0.078,501.798,-12.414,-6.814,14.084,-0.023,598.285,-21.395,-118.852,27.19,-0.004,226.499,-17.787,-9.878,21.63,-0.036,580.41,-10.819,-9.71,12.091,-0.05,440.965,11.781,-5.662,-10.584,-0.035,382.063,16.278,17.752,-14.029,-0.034,403.764,7.607,-12.368,-7.101,-0.065,245.315,-6.021,-6.753,6.338,-0.069,432.859,6.443,5.439,-6.118,-0.105,294.683,2.402,2.844,-2.449,-0.092,219.6,45.081,37.777,-31.136,-0.044,-70.001,32.523,-72.963,-24.574,-0.056,-43.94,-9.993,9.589,11.04
54,4408,45620759_1450,6/30/2023 12:03,23.2,2,,TRUE,,GD,No Defect,Not Done,Pass,Green,110_LVL (new),Not Done,Pass,Blue,Pass,green,none,,3,2012,TRUE,Pass,0,0,-2.612,-0.046,0.523,0.308,-0.022,0.054,0.109,-0.014,-0.014,0.084,0.021,0.011,-0.007,0.056,0.02,-0.121,0.178,-2.612,57.66,12.775,87.488,-13.644,-0.046,449.796,-48.567,68.653,94.338,0.523,568.263,49.104,75.249,-32.582,0.308,1736.316,513.157,40.416,-83.641,-0.022,822.924,33.108,9.145,-24.89,0.054,1051.238,66.34,-6.232,-39.85,0.109,885.615,-0.805,-48.789,0.921,-0.014,718.997,14.75,-32.325,-12.866,-0.014,411.968,0.173,-19.424,-0.187,0.084,754.442,-21.755,-62.379,27.91,0.021,1140,286.289,27.026,-74.107,0.011,132.401,-14.884,16.384,17.499,-0.007,510.835,32.637,2.429,-24.612,0.056,2109.245,-34.119,-246.413,51.874,0.02,33.771,1.326,-12.819,-1.289,-0.121,129.268,189.235,39.585,-65.468,0.178,5.928,16.007,34.78,-13.644
55,4410,45863643_1450,10/26/2023 15:54,26.3,2,,TRUE,,GD,No Defect,Pass,Pass,(None),400_LA (new),Pass,Pass,(None),Pass,green,none,0,3,2012,TRUE,Pass,0,0,1.246,0.458,0.606,0.27,0.025,0.063,0.017,-0.011,0.038,0.102,0.029,-0.059,-0.048,0.11,0.042,-0.151,0.123,1.246,161.538,-20.079,45.787,26.683,0.458,132.234,-25.054,23.889,34.04,0.606,67.18,14.122,32.028,-11.843,0.27,3632.08,51.77,-97.036,-33.933,0.025,1843.711,52.366,-87.075,-34.352,0.063,1538.308,-4.763,-139.084,5.068,0.017,92.606,5.917,-67.059,-5.571,-0.011,768.494,13.369,-3.498,-11.802,0.038,798.705,3.48,-53.934,-3.327,0.102,32.205,-8.615,-54.582,9.539,0.029,1096.64,7.867,-42.108,-7.267,-0.059,8401.685,7.674,-216.651,-7.182,-0.048,535.858,30.179,-26.15,-23.219,0.11,265.132,-30.22,-126.267,43.466,0.042,70.045,8.344,6.222,-7.663,-0.151,169.363,302.588,47.199,-75.198,0.123,40.219,2.218,14.819,-2.05
56,4411,46043019_1450,2/2/2024 17:13,20.8,2,,TRUE,,GD,No Defect,Pass,Pass,(None),400_LA (new),Not Done,Pass,(None),Pass,(None),none,0,3,2012,TRUE,Pass,0,0,-0.321,0.025,0.017,0.03,0.052,0.02,0.008,-0.04,0.06,0.084,-0.029,-0.047,-0.031,0.037,-0.006,-0.08,-0.032,-0.321,6.921,-60.478,-132.287,152.21,0.025,52.358,-28.678,36.258,40.245,0.017,-7.02,32.146,65.144,-24.314,0.03,72.394,-11.04,-44.876,12.444,0.052,49.502,-50.557,57.475,102.358,0.02,32.419,27.981,-8.024,-21.848,0.008,-47.837,5.75,36.496,-5.43,-0.04,74.465,9.131,1.573,-8.403,0.06,87.981,-16.956,1.925,20.489,0.084,74.914,-0.184,-1.391,0.268,-0.029,21.281,36.158,47.094,-26.577,-0.047,49.157,-9.152,-33.299,10.023,-0.031,38.044,17.337,25.921,-14.801,0.037,43.504,0.022,11.338,0.015,-0.006,45.452,5.68,12.624,-5.381,-0.08,5.384,10.247,27.777,-9.368,-0.032,92.304,38.512,4.903,-27.827
57,4416,45511027_1450,4/27/2023 16:39,24.9,2,,TRUE,,GD,No Defect,Not Done,Pass,Green,300_FW,Not Done,Pass,Grey,Pass,green,none,,0,0,TRUE,Pass,0,0,inf,-0.159,-0.264,-0.061,-0.036,0,-0.243,-0.036,0.024,0,-0.013,-0.023,-0.01,-0.035,-0.021,0.057,-0.021,inf,inf,inf,#NAME?,inf,-0.159,172.807,18.658,51.941,-15.858,-0.264,225.311,354.06,80.142,-78.035,-0.061,296.098,27.912,1.003,-21.869,-0.036,252.866,22.777,29.581,-18.581,0,284.432,-7.288,-35.476,7.86,-0.243,62.069,-15.33,49.246,17.819,-0.036,316.952,-25.249,-66.978,33.73,0.024,269.294,1.203,1.89,-1.165,0,230.978,10.448,15.819,-9.46,-0.013,219.551,24.283,30.705,-19.549,-0.023,324.066,-7.423,-16.765,7.993,-0.01,289.792,0.07,-21.027,-0.079,-0.035,210.128,15.02,17.458,-13.089,-0.021,263.183,5.342,10.782,-5.091,0.057,-42.755,-19.775,-46.283,24.721,-0.021,-63.918,6.644,2.209,-6.25
58,4420,45608072_1450,6/17/2023 13:27,24.3,2,,TRUE,,GD,No Defect,Pass,Pass,Green,300_FW,Not Done,Pass,Blue,Pass,green,none,,3,2012,TRUE,Pass,0,0,-0.184,0.421,0.719,0.222,-0.201,0.124,0.03,-0.022,-0.064,-0.023,0.03,-0.01,-0.009,0.049,0.022,0.021,0.004,-0.184,100.701,-20.929,85.396,26.237,0.421,342.38,77.734,81.201,-43.499,0.719,236.549,46.728,77.431,-31.357,0.222,839.21,95.036,2.632,-48.614,-0.201,443.177,160.49,-45.83,-61.688,0.124,451.04,-13.222,-84.715,15.38,0.03,564.655,17.341,-41.301,-14.752,-0.022,166.286,-19.608,-9.483,24.363,-0.064,149.153,-31.807,65.441,46.548,-0.023,312.483,-1.804,-21.85,1.813,0.03,327.75,-4.682,-54.79,4.943,-0.01,291.606,19.474,-2.656,-16.308,-0.009,126.332,42.385,42.255,-29.774,0.049,687.436,-32.215,-100.378,47.596,0.022,-59.61,18.799,39.185,-15.805,0.021,-50.473,127.908,52.127,-56.113,0.004,-40.122,46.531,42.994,-31.752
59,4441,45618943_1450,6/26/2023 11:59,24,2,,TRUE,,GD,No Defect,Pass,Pass,Green,300_FW,Not Done,Pass,Blue,Pass,green,none,,4,2012,TRUE,Fail,0,0,inf,inf,inf,-0.127,-0.045,0,-0.108,-0.052,-0.176,-0.096,-0.01,-0.063,-0.018,-0.032,-0.038,-0.011,-0.067,inf,inf,inf,#NAME?,inf,inf,inf,inf,#NAME?,inf,inf,inf,inf,#NAME?,inf,-0.127,-51.581,-12.497,-54.321,14.137,-0.045,-57.06,-24.027,-185.651,31.567,0,-8.234,-14.035,0.912,16.327,-0.108,57.186,26.879,-181.961,-21.27,-0.052,-57.918,-22.289,-61.712,28.614,-0.176,-4.999,2.067,-94.324,-2.198,-0.096,43.507,38.59,16.274,-27.914,-0.01,-22.715,5.821,-45.728,-5.509,-0.063,-42.482,-7.741,30.742,8.322,-0.018,-11.214,-5.775,-29.127,6.11,-0.032,-2.006,-0.169,1.326,0.137,-0.038,-17.761,-2.369,1.363,2.388,-0.011,-65.258,52.658,34.969,-34.501,-0.067,-33.781,-9.439,-7.402,10.35
60,4442,45567247_1450,5/26/2023 15:09,24.3,2,,TRUE,,GD,No Defect,Pass,Pass,Green,300_FW,Not Done,Pass,Blue,Pass,green,none,,4,2012,TRUE,Pass,0,0,-2.557,0.182,0.613,0.254,0.061,0.157,0.061,-0.068,0.036,0.019,0.084,0.029,-0.045,0.052,0.026,0.066,-0.004,-2.557,255.776,-61.223,-70.198,151.288,0.182,97.051,-48.732,53.538,95.408,0.613,369.881,146.474,91.182,-59.179,0.254,1771.57,277.46,54.607,-73.44,0.061,813.7,23.955,29.532,-19.277,0.157,847.73,70.232,-38.217,-41.164,0.061,913.068,-3.389,-71.894,3.571,-0.068,54.744,189.489,23.867,-65.48,0.036,32.232,257.322,48.948,-72.004,0.019,430.534,-14.218,-87.695,16.596,0.084,935.497,-38.211,-180.646,61.978,0.029,3346.56,23.194,-31.362,-18.804,-0.045,172.886,31.624,12.049,-24.061,0.052,940.343,-11.449,-88.215,12.988,0.026,-38.632,15.385,29.848,-13.311,0.066,48.551,91.819,52.834,-47.833,-0.004,-29.804,12.348,-3.662,-10.994
61,4463,45858376_1450,10/26/2023 12:55,22.5,2,,TRUE,,GD,No Defect,Not Done,Pass,(None),110_LVL (new),Not Done,Pass,(None),Pass,green,none,0,5,2012,TRUE,Pass,0,0,1.067,0.323,0.565,0.237,-0.109,-0.072,-0.09,-0.137,-0.157,-0.061,-0.103,-0.04,-0.215,-0.015,-0.098,0.045,-0.062,1.067,545.584,25.139,69.313,-19.236,0.323,797.176,7.133,21.74,-6.357,0.565,477.125,-54.569,12.015,121.359,0.237,2064.582,171.337,-121.796,-63.058,-0.109,1105.03,7.432,-249.627,-7.019,-0.072,1081.612,-19.157,-157.979,23.607,-0.09,69.541,5.73,-57.51,-5.504,-0.137,552.823,-6.439,-96.822,6.735,-0.157,481.052,26.082,-2.585,-20.811,-0.061,22.094,-8.049,-69.75,8.687,-0.103,729.457,-13.368,-17.065,15.313,-0.04,609.463,-35.206,-88.952,54.272,-0.215,459.66,-10.643,-89.203,11.67,-0.015,2473,-43.51,-342.56,76.996,-0.098,32.026,-8.845,-23.736,9.596,0.045,81.542,-36.338,3.15,57.15,-0.062,38.043,-9.255,-47.967,10.131
62,4467,45711386_1450,8/17/2023 10:03,23.5,2,,TRUE,,GD,No Defect,Not Done,Pass,(None),110_LVL (new),Not Done,Pass,Blue,Pass,green,none,,5,2012,TRUE,Pass,0,0,inf,0.251,0.13,-0.15,-0.179,-0.196,-0.264,-0.318,-0.304,-0.2,-0.156,-0.176,-0.263,-0.171,-0.206,-0.122,-0.151,inf,inf,inf,#NAME?,inf,0.251,471.449,-2.517,72.861,2.839,0.13,450.155,57.479,69.92,-36.417,-0.15,1075.088,89.595,-14.13,-47.335,-0.179,383.415,108.197,-2.819,-52.055,-0.196,640.957,28.289,-43.417,-22.204,-0.264,865.579,-27.321,-93.296,37.228,-0.318,551.464,24.014,-31.577,-19.621,-0.304,407.614,-35.473,2.592,54.502,-0.2,767.957,-16.992,-84.039,20.229,-0.156,399.474,-0.284,14.304,0.128,-0.176,494.835,-3.126,-110.322,3.046,-0.263,398.925,-12.757,-31.168,14.321,-0.171,1752.333,-48.333,-241.693,93.217,-0.206,8.236,-23.494,18.862,30.439,-0.122,-19.099,13.024,8.712,-11.631,-0.151,10.828,3.189,11.86,-3.237
63,4494,45904491_1450,11/21/2023 14:02,23,2,,TRUE,,GD,No Defect,Pass,Pass,(None),110_LVL (new),Not Done,Pass,(None),Pass,green,none,0,5,2012,TRUE,Pass,0,0,0.552,-0.01,-0.405,-0.041,-0.005,-0.048,-0.125,-0.072,-0.053,-0.005,-0.063,-0.041,-0.046,-0.077,-0.075,0.017,-0.005,0.552,-42.555,66.354,-46.071,-39.555,-0.01,337.902,1.622,-142.543,-1.606,-0.405,329.828,-3.626,-34.37,3.343,-0.041,349.432,3.531,-36,-3.451,-0.005,469.171,22.282,8.764,-18.226,-0.048,389.637,-12.362,7.027,14.051,-0.125,191.212,-56.324,57.39,128.672,-0.072,610.803,-19.371,-58.018,23.936,-0.053,451.025,-13.805,3.799,15.955,-0.005,483.64,-8.821,-16.706,9.668,-0.063,317.419,14.844,12.891,-12.98,-0.041,3.609,16.682,36.549,-14.332,-0.046,537.569,9.665,-16.517,-8.855,-0.077,399,-17.916,-37.805,21.733,-0.075,314.016,10.488,14.623,-9.56,0.017,-40.896,-62.51,-28.058,166.786,-0.005,-9.432,-4.621,-16.045,4.84
64,4506,45856955_1450,10/22/2023 10:22,23.1,2,,TRUE,,GD,No Defect,Pass,Pass,(None),300_FW,Not Done,Pass,(None),Pass,green,none,0,5,2012,TRUE,Pass,0,0,1.654,0.71,0.479,-0.02,0.182,0.167,0.142,0.124,0.142,0.144,0.125,0.073,0.135,0.129,0.109,0.071,0.055,1.654,71.456,14.581,24.203,-11.281,0.71,33.212,-38.731,14.194,64.373,0.479,17.85,-20.139,-222.677,25.817,-0.02,-35.946,-20.995,-69.883,26.549,0.182,-61.875,-16.679,-23.075,20.236,0.167,-36.07,-10.54,0.994,11.969,0.142,16.272,-3.113,-28.046,3.36,0.124,-52.5,2.815,33.187,-2.618,0.142,-46.507,16.02,-18.904,-13.685,0.144,-28.06,-11.733,-17.466,13.456,0.125,-42.404,0.97,-7.963,-0.837,0.073,-45.963,16.791,41.262,-14.314,0.135,-28.954,-1.247,-31.121,1.399,0.129,-18.382,-4.54,-16.08,4.891,0.109,-36.168,2.537,4.155,-2.368,0.071,-38.702,-22.11,-0.751,28.478,0.055,-42.855,-27.336,-11.329,37.696
65,4507,45719286_1450,8/14/2023 21:17,32.1,2,,TRUE,,GD,No Defect,Pass,Pass,Green,400_LA (new),Not Done,Pass,Blue,Pass,green,none,,2,2012,TRUE,Pass,0,0,-1.856,-0.729,-0.334,0.122,-0.064,-0.041,0.007,0.027,0.081,0.072,-0.191,-0.046,-0.078,0,-0.033,-0.133,-0.039,-1.856,51.793,-1.671,-69.79,-0.189,-0.729,115.545,35.856,51.838,-26.929,-0.334,103.518,-35.332,89.903,54.12,0.122,513.821,-8.287,28.142,9.169,-0.064,1365.759,73.482,-21.504,-42.394,-0.041,603.309,12.214,-1.191,-10.921,0.007,218.905,26.09,-35.472,-20.687,0.027,751.765,-6.915,-35.603,7.457,0.081,698.659,-11.839,-110.195,13.521,0.072,548.533,21.453,-24.273,-17.604,-0.191,583.22,32.058,40.768,-24.42,-0.046,621.781,-20.882,-81.53,26.336,-0.078,475.684,20.013,16.055,-16.741,0,499.693,32.394,39.258,-24.468,-0.033,509.155,17.901,27.547,-15.211,-0.133,-67.402,-32.638,29.112,48.256,-0.039,-41.305,58.285,49.507,-36.848
66,4513,45865236_1450,10/26/2023 11:55,24.4,2,,TRUE,,GD,No Defect,Not Done,Pass,(None),300_FW,Not Done,Pass,(None),Pass,green,none,0,6,2012,TRUE,Pass,0,0,-1.337,0.015,0.075,-0.049,-0.02,0.01,-0.014,-0.011,-0.005,0,-0.021,-0.029,-0.032,-0.015,-0.031,-0.037,-0.029,-1.337,-22.31,-17.253,3.941,19.234,0.015,-2.896,-58.266,13.102,139.648,0.075,-4.499,-2.697,23.038,2.849,-0.049,18.285,19.01,-1.385,-16.015,-0.02,10.724,-8.699,-19.36,9.506,0.01,17.803,-10.614,-29.421,11.886,-0.014,6.227,0.913,6.331,-0.918,-0.011,4.851,-9.408,-1.232,10.374,-0.005,4.762,19.482,10.836,-16.309,0,5.229,4.675,10.169,-4.466,-0.021,14.102,2.619,15.08,-2.573,-0.029,4.397,3.439,8.949,-3.353,-0.032,23.52,1.605,-1.666,-1.612,-0.015,35.542,-7.234,-13.685,7.782,-0.031,18.704,-1.496,-5.897,1.487,-0.037,24.271,-1.074,19.973,1.049,-0.029,3.466,-0.248,-18.263,0.22
67,4516,45614548_1450,6/23/2023 15:30,24.5,2,,TRUE,,GD,No Defect,Pass,Pass,Green,400_LA (new),Not Done,Pass,Blue,Pass,green,none,,6,2012,TRUE,Pass,0,0,inf,-0.055,-0.246,-0.056,-0.054,-0.051,0.009,-0.005,0.009,-0.052,0.008,-0.001,-0.031,-0.042,-0.008,-0.017,-0.08,inf,inf,inf,#NAME?,inf,-0.055,169.969,-35.068,69.888,53.924,-0.246,130.765,52.561,50.74,-34.614,-0.056,172.413,81.671,17.203,-44.986,-0.054,139.961,14.252,19.81,-12.522,-0.051,241.972,-19.031,-25.811,23.441,0.009,131.962,-1.218,-18.566,1.242,-0.005,144.919,-11.448,4.221,12.923,0.009,197.351,2.661,-5.717,-2.583,-0.052,174.043,-10.901,-17.703,12.176,0.008,131.777,0.825,3.111,-0.811,-0.001,212.673,108.756,-22.878,-52.098,-0.031,172.096,4.134,3.964,-3.999,-0.042,161.838,11.691,20.867,-10.505,-0.008,188.973,-5.395,-15.113,5.695,-0.017,82.913,107.112,12.812,-51.725,-0.08,127.643,1.451,-37.867,-1.509
68,4521,45240150_1450,11/29/2022 17:34,24.4,2,,TRUE,,GD,No Defect,Pass,Pass,Green,200_LA (old),Not Done,Pass,Blue,Pass,green,none,,6,2012,TRUE,Fail,0,0,-0.258,-0.284,-0.839,0.324,-0.064,-0.018,-0.051,-0.074,-0.071,-0.068,-0.069,-0.043,-0.101,0.009,-0.047,-0.594,0.004,-0.258,-60.425,-50.368,-48.459,100.964,-0.284,304.143,7.57,-47.152,-7.302,-0.839,-12.401,-14.668,87.729,16.206,0.324,1211.335,-37.307,-86.297,60.023,-0.064,810.992,-54.855,-297.661,121.367,-0.018,832.048,-6.931,-60.498,7.428,-0.051,-16.785,-8.549,-13.856,9.293,-0.074,392.646,-16.773,-41.402,20.064,-0.071,-30.151,28.82,-19.568,-22.427,-0.068,2.403,-17.484,-110.822,21.106,-0.069,572.906,-16.947,-24.167,20.322,-0.043,659.63,-23.003,-88.348,29.82,-0.101,230.576,8.236,-4.574,-7.703,0.009,49.821,-33.478,-143.893,50.339,-0.047,18.691,-19.902,-55.242,24.789,-0.594,232.649,38.856,45.972,-28.411,0.004,-20.819,4.521,7.993,-4.322
69,4521,45930444_1450,11/29/2023 19:15,24.7,2,,TRUE,,GD,No Defect,Pass,Pass,(None),400_LA (new),Not Done,Pass,(None),Pass,(None),none,0,6,2012,TRUE,Fail,0,0,-2.377,0.859,1.387,-0.025,0.089,0.081,0.066,0.05,0.094,0.124,0.106,0.061,0.627,0.083,-0.531,-1.99,0.244,-2.377,30.253,6.481,54.338,-8.319,0.859,109.658,20.664,64.061,-16.413,1.387,375.571,105.985,-452.582,-50.779,-0.025,2.816,-27.462,-176.348,37.824,0.089,-53.645,-16.492,14.463,19.855,0.081,-22.096,-20.373,-48.021,25.687,0.066,-10.208,-12.65,-71.799,14.558,0.05,-26.454,-10.108,-4.548,11.301,0.094,-21.422,-37.535,59.395,60.239,0.124,-7.572,-12.351,-9.845,14.234,0.106,-31.449,-12.02,11.583,13.783,0.061,-3.498,-8.299,-20.883,9.117,0.627,-54.26,-55.993,28.107,128.664,0.083,30.4,-23.044,-48.411,30.051,-0.531,-74.39,27.815,38.873,-22.177,-1.99,387.531,-44.495,-387.625,76.576,0.244,-57.441,-42.132,-17.885,73.228
70,4526,46032395_1450,1/26/2024 19:29,23.1,2,,TRUE,,GD,No Defect,Pass,Pass,(None),400_LA (new),Not Done,Pass,(None),Pass,(None),none,0,6,2012,TRUE,Pass,0,0,-1.397,0.775,0.039,-0.044,-0.031,-0.028,0.268,0.086,0.212,0.11,0.04,0.045,0.129,0.04,0.055,0.062,0.102,-1.397,8.46,12.185,-244.911,-12.107,0.775,-72.925,36.324,16.942,-26.077,0.039,-81.685,37.18,-65.282,-27.074,-0.044,-25.812,-14.767,-26.996,17.273,-0.031,-0.735,0.678,-86.529,-0.705,-0.028,125.892,181.897,-146.661,-64.536,0.268,-28.852,-37.237,-75.558,59.758,0.086,23.296,-7.124,-51.021,7.763,0.212,66.414,54.713,22.699,-35.227,0.11,219.5,3.348,-14.355,-3.134,0.04,-10.687,-13.776,-12.985,16.023,0.045,-7.514,-18.65,-12.623,22.982,0.129,135.964,0.231,13.493,-0.103,0.04,54.541,8.565,15.167,-7.852,0.055,96.743,-6.236,-13.349,6.709,0.062,-65.926,21.706,48.253,-17.784,0.102,88.534,-13.223,-7.094,15.355
71,4527,45017094_1450,7/29/2022 16:34,27.1,2,,TRUE,,UN,(None),Not Done,Not Done,(None),300_FW,Not Done,Pass,Grey,Not Done,green,,,0,0,FALSE,Pass,0,0,1.228,0.613,0.771,0.319,0.173,0.218,0.141,0.188,0.176,0.139,0.11,0.086,0.283,0.112,0.132,0.194,0.282,1.228,0.189,-59.572,75.175,150.39,0.613,168.641,-9.045,62.407,10.618,0.771,74.798,16.673,58.128,-13.63,0.319,214.434,-47.396,-379.728,90.708,0.173,126.997,12.939,-358.165,-11.303,0.218,191.774,-40.543,-322.253,68.556,0.141,137.913,4.037,-81.106,-3.745,0.188,224.028,103.154,-90.816,-50.684,0.176,-83.486,-9.279,-19.2,10.422,0.139,-77.621,-23.647,-57.271,31.152,0.11,136.723,-31.348,-68.048,45.823,0.086,-50.061,1.986,-2.837,-1.863,0.283,124.243,33.644,22.607,-24.963,0.112,321.233,-43.346,-405.132,76.708,0.132,-72.05,-16.488,-38.698,19.902,0.194,-71.434,-57.446,-3.929,135.453,0.282,92.846,6.468,1.021,-5.81
72,4527,45545588_1450,5/17/2023 15:48,25.3,2,,TRUE,,GD,No Defect,Pass,Pass,Green,300_FW,Not Done,Pass,Blue,Pass,green,none,,6,2012,TRUE,Pass,0,0,0.128,-0.132,0.073,-0.065,-0.044,0.03,0.047,0.023,0.038,0.032,0.005,0.018,0.034,0.005,0.021,-0.059,0.009,0.128,-47.726,213.143,-78.521,-68.025,-0.132,210.249,41.083,25.054,-29.213,0.073,188.772,58.013,62.29,-36.668,-0.065,332.336,-7.503,8.279,8.041,-0.044,244.444,-6.949,20.417,7.42,0.03,239.722,-17.183,-13.828,20.784,0.047,-59.539,5.425,-8.453,-5.101,0.023,299.385,29.196,7.577,-22.58,0.038,282.264,9.169,11.476,-8.364,0.032,240.733,9.209,11.629,-8.403,0.005,231.898,66.055,12.087,-39.776,0.018,228.176,8.556,28.927,-7.865,0.034,379.904,-12.419,-26.294,14.219,0.005,320.496,-0.679,-5.027,0.689,0.021,265.487,4.463,8.79,-4.252,-0.059,326.174,176.386,-22.319,-63.84,0.009,-62.661,0.886,-0.539,-0.869
73,4529,45506393_1450,4/25/2023 18:16,25.7,2,,TRUE,,GD,No Defect,Pass,Pass,Green,300_FW,Not Done,Pass,Blue,Pass,green,none,,6,2012,TRUE,Fail,0,0,-0.013,0.019,0.121,-0.048,0.04,0.081,-0.454,0.011,0.071,0.046,0.056,0.053,0.031,0.028,0.039,0.049,-0.021,-0.013,128.466,-29.618,40.401,42.063,0.019,209.565,28.475,37.399,-22.149,0.121,160.234,-7.128,30.724,7.806,-0.048,285.1,123.581,-11.826,-55.295,0.04,258.523,9.605,-19.461,-8.727,0.081,156.815,-21.331,-7.181,27.218,-0.454,114.533,7.591,10.411,-7.477,0.011,222.52,6.491,3.512,-6.085,0.071,274.665,-11.662,-46.012,13.281,0.046,199.983,9.474,16.585,-8.612,0.056,168.051,10.237,13.868,-9.236,0.053,350.163,-10.845,-29.069,12.224,0.031,220.674,20.791,3.447,-17.187,0.028,231.363,-0.919,0.715,0.956,0.039,191.933,-0.217,-2.916,0.257,0.049,286.56,7.79,-5.493,-7.182,-0.021,-73.535,-30.48,-4.506,43.814
74,4539,45652311_1450,7/13/2023 16:28,29.9,2,,TRUE,,GD,No Defect,Pass,Pass,Green,400_LA (new),Not Done,Pass,Blue,Pass,green,none,,6,2012,TRUE,Pass,0,0,0.476,0.596,0.635,0.394,0.256,0.273,0.16,0.133,0.238,0.244,0.213,0.184,0.155,0.24,0.208,0.215,0.23,0.476,1297.723,28.841,57.27,-22.015,0.596,1241.371,-55.463,-78.148,125.869,0.635,597.507,46.685,37.424,-31.393,0.394,3532.422,-8.996,-193.756,10.318,0.256,2221.213,-9.63,-190.908,10.939,0.273,1118.329,14.807,-63.207,-12.659,0.16,1215.274,-6.824,-135.559,7.495,0.133,1093.678,15.687,-70.629,-13.445,0.238,16.682,-15.702,-33.721,18.909,0.244,40.309,-6.402,-40.2,7.1,0.213,1125.231,3.87,-69.003,-3.521,0.184,6123.82,-14.624,-225.49,17.345,0.155,986.636,-4.458,-96.515,4.828,0.24,2877.198,-41.733,-508.751,72.036,0.208,126.007,-17.603,-90.259,21.616,0.215,681.219,-20.576,-10.79,26.178,0.23,26.363,15.992,25.761,-13.589
75,4542,45662844_1450,7/20/2023 15:48,27.3,2,,TRUE,,GD,No Defect,Pass,Pass,Green,400_LA (new),Not Done,Pass,Blue,Pass,green,none,,6,2012,TRUE,Pass,0,0,-1.96,-0.127,0.564,0.285,-0.03,0.021,0.051,-0.05,0.044,0.065,0.017,-0.005,-0.041,0.074,0,-0.143,0.025,-1.96,29.016,-24.855,91.617,30.469,-0.127,-10.788,-54.532,62.727,119.658,0.564,360.751,37.07,81.303,-26.633,0.285,1356.718,54.625,-77.734,-35.143,-0.03,823.578,92.31,-93.156,-48.016,0.021,707.501,6.29,-91.517,-5.898,0.051,-45.362,-4.362,11.994,4.614,-0.05,307.836,36.522,37.912,-26.789,0.044,559.179,-2.348,-1.027,2.449,0.065,724.768,13.12,-29.784,-11.541,0.017,406.034,42.625,28.059,-29.874,-0.005,365.734,12.429,3.306,-11.059,-0.041,284.44,19.006,31.882,-16.005,0.074,1265.085,-1.92,-52.434,2.032,0,780.454,7.703,13.509,-7.152,-0.143,4.652,145.109,62.299,-59.26,0.025,-12.31,56.967,52.745,-36.277
76,4543,45711362_1450,8/17/2023 8:51,23.7,2,,TRUE,,GD,No Defect,Not Done,Pass,(None),110_LVL (new),Not Done,Pass,Blue,Pass,green,none,,6,2012,TRUE,Fail,0,0,-0.305,-0.182,-0.147,-0.338,-0.125,-0.054,-0.066,-0.119,-0.074,-0.155,-0.039,-0.67,-0.082,-0.108,-0.083,-0.707,-0.06,-0.305,193.279,143.487,86.335,-59.055,-0.182,213.066,32.837,51.654,-24.857,-0.147,208.569,20.32,33.509,-17.01,-0.338,377.312,106.454,26.816,-51.727,-0.125,361.91,96.982,35.882,-49.297,-0.054,397.999,-48.849,-137.644,95.395,-0.066,211.307,-16.415,-8.833,19.56,-0.119,577.259,27.501,12.748,-21.662,-0.074,359.674,17.974,5.178,-15.298,-0.155,326.762,-35.53,-33.475,54.872,-0.039,382.661,-15.138,-39.227,17.793,-0.67,142.157,39.381,35.437,-28.735,-0.082,406.195,8.402,-6.779,-7.826,-0.108,294.963,8.133,13.51,-7.621,-0.083,-61.37,16.061,32.479,-13.91,-0.707,-44.034,-6.273,24.76,5.938,-0.06,443.129,34.821,20.974,-25.872
77,4544,45675720_1450,7/25/2023 16:14,24.3,2,,TRUE,,UN,(None),Not Done,Not Done,(None),300_FW,Not Done,Pass,Grey,Not Done,neon,,,0,0,FALSE,Pass,0,0,0.33,1.085,1.051,-0.293,-0.091,-0.022,0.008,-0.014,0,-0.139,0.005,0.013,-0.019,-0.087,0,0.074,-0.108,0.33,4910.581,552.494,85.774,-84.624,1.085,1943.104,74.848,7.176,-42.187,1.051,293.18,238.376,9.729,-70.136,-0.293,66.83,171.946,59.247,-63.336,-0.091,-19.132,-15.686,-15.924,18.496,-0.022,50.809,9.394,47.59,-8.607,0.008,377.107,7.351,-48.691,-6.84,-0.014,41.355,-9.799,-17.939,10.847,0,92.461,-10.889,5.886,12.22,-0.139,77.374,4.34,19.129,-4.292,0.005,168.542,-20.726,-67.484,26.15,0.013,114.813,5.712,-54.182,-5.391,-0.019,100.513,8.188,5.414,-7.586,-0.087,62.957,25.594,38.329,-20.448,0,103.15,-3.514,-10.848,3.642,0.074,201.69,64.451,-6.389,-39.147,-0.108,70.082,-4.196,-95.704,4.267
78,4570,45456211_1450,3/29/2023 9:30,25.1,2,,TRUE,,GD,No Defect,Not Done,Pass,Green,300_FW,Not Done,Pass,Blue,Pass,green,none,,7,2012,TRUE,Fail,0,0,inf,-0.218,-0.527,-0.221,0.02,-0.087,-0.522,0.002,-0.036,-0.169,-0.038,0.008,-0.044,-0.134,-0.038,-0.06,-0.149,inf,inf,inf,#NAME?,inf,-0.218,115.497,122.135,-72.039,-55.08,-0.527,146.578,-1.805,-83.795,1.301,-0.221,81.891,7.108,41.98,-6.843,0.02,49.707,133.734,31.271,-57.208,-0.087,103.135,15.098,18.8,-13.193,-0.522,-19.916,-23.56,49.528,30.138,0.002,57.139,-35.888,-49.561,55.979,-0.036,88.054,32.173,-27.13,-24.369,-0.169,67.335,23.624,14.404,-19.247,-0.038,122.855,-3.518,-47.304,3.607,0.008,116.706,7.83,-7.455,-7.255,-0.044,93.987,-4.539,-21.956,4.708,-0.134,69.505,2.196,7.137,-2.28,-0.038,68.312,-0.252,-6.324,0.215,-0.06,136.869,3.392,-11.133,-3.338,-0.149,48.926,2.652,-38.123,-2.729
79,4573,45991009_1450,1/11/2024 12:47,19.5,2,,TRUE,,GD,No Defect,Pass,Pass,(None),400_LA (new),Not Done,Pass,(None),Pass,(None),none,0,8,2012,TRUE,Pass,0,0,inf,-0.244,-0.4,-0.082,-0.113,-0.012,-0.008,-0.023,-0.005,-0.076,0.005,-0.014,-0.034,-0.074,-0.043,-0.006,-0.085,inf,inf,inf,#NAME?,inf,-0.244,-64.601,-37.58,-59.661,59.814,-0.4,-57.677,1.948,0.025,-2.304,-0.082,205.715,-7.603,-4.081,8.14,-0.113,110.048,-20.696,48.327,25.955,-0.012,210.796,-0.54,-15.915,0.531,-0.008,288.643,-7.796,-22.6,8.446,-0.023,188.614,4.625,1.602,-4.442,-0.005,220.554,-2.507,1.836,2.566,-0.076,193.003,-14.368,-10.787,16.69,0.005,316.156,-13.523,-46.665,15.643,-0.014,312.111,-8.021,-139.391,8.706,-0.034,237.146,-8.642,-21.13,9.422,-0.074,207.292,12.805,22.03,-11.417,-0.043,267.507,-7.865,-27.046,8.49,-0.006,178.03,-23.236,22.051,30.261,-0.085,-56.396,-38.474,-95.524,62.394
80,4577,45933063_1450,12/1/2023 20:19,24.1,2,,TRUE,,GD,No Defect,Pass,Pass,(None),400_LA (new),Not Done,Pass,(None),Pass,(None),none,0,8,2012,TRUE,Pass,0,0,-1.193,-0.48,0.155,-0.018,-0.01,0.041,-0.022,0,0.009,0.05,-0.017,0.01,-0.033,0.044,-0.018,-0.049,-0.03,-1.193,-37.811,-75.995,-220.854,311.618,-0.48,-7.331,-36.601,53.574,56.973,0.155,-73.56,27.218,44.497,-21.272,-0.018,-3.652,-22.42,-30.571,28.876,-0.01,10.314,-40.427,-35.462,67.843,0.041,116.264,-5.787,-7.502,6.187,-0.022,35.8,29.764,-49.502,-22.954,0,7.225,7.141,-14.052,-6.665,0.009,44.046,-14.755,-57.373,17.32,0.05,272.317,9.37,-6.056,-8.521,-0.017,35.016,-13.146,-21.466,15.117,0.01,-16.018,-10.107,25.565,11.254,-0.033,67.826,3.679,-1.742,-3.58,0.044,101.379,18.458,35.767,-15.545,-0.018,124.325,55.542,7.277,-35.72,-0.049,-55.8,118.694,41.031,-54.296,-0.03,94.846,-10.564,-3.206,11.778
81,4584,45423601_1450,3/10/2023 10:27,25.1,2,,TRUE,,GD,No Defect,Pass,Pass,Green,300_FW,Not Done,Pass,Blue,Pass,green,none,,8,2012,TRUE,Fail,0,0,0.79,0.47,0.738,0.178,0.005,0.138,-0.493,0.036,0.114,0.075,0.112,0.091,0.076,0.186,0.141,0.031,0.146,0.79,574.863,53.791,89.511,-34.463,0.47,994.384,-5.709,61.48,6.553,0.738,596.916,65.557,62.552,-39.152,0.178,2057.933,20.485,-53.394,-16.854,0.005,966.032,-23.46,-107.028,30.658,0.138,953.678,45.516,-147.076,-31.184,-0.493,-38.357,-19.201,-49.195,23.154,0.036,673.942,-33.938,-183.06,51.428,0.114,399.814,15.737,-43.149,-13.499,0.075,-17.691,-14.477,-53.028,17.016,0.112,774.337,1.634,-76.004,-1.498,0.091,436.084,29.796,8.816,-22.886,0.076,480.539,-6.511,-112.735,7.046,0.186,2372.206,-43.328,-466.604,76.782,0.141,1730.982,-27.577,-270.417,38.272,0.031,385.384,94.933,40.802,-48.684,0.146,-0.235,9.703,-27.888,-8.711
82,4587,45442187_1450,3/22/2023 18:33,21.2,2,,TRUE,,UN,(None),Not Done,Not Done,(None),400_LA (new),Not Done,Pass,Grey,Not Done,neon,,,0,0,FALSE,Fail,0,0,-4.601,-0.648,-0.02,-0.08,-0.093,-0.041,-0.522,-0.034,-0.071,-0.032,-0.062,0.012,-0.057,-0.062,-0.07,-0.111,-0.052,-4.601,22.302,161.117,82.222,-63.465,-0.648,-54.312,-56.072,61.033,126.172,-0.02,-43.502,22.268,-1.368,-18.229,-0.08,359.919,34.351,8.311,-25.628,-0.093,489.438,15.116,12.591,-13.211,-0.041,415.639,-35.978,-116.08,56.132,-0.522,5.931,7.26,31.694,-7.255,-0.034,483.174,-27.68,-30.764,38.227,-0.071,445.933,-10.986,-0.117,12.262,-0.032,336.049,25.032,40.441,-20.046,-0.062,314.326,-4.315,23.603,4.445,0.012,349.277,0.207,-2.28,-0.194,-0.057,576.042,8.694,7.546,-8.051,-0.062,458.059,-3.006,0.86,3.035,-0.07,435.703,13.021,5.058,-11.583,-0.111,-34.459,-47.952,37.778,91.918,-0.052,-40.656,1.615,39.564,-1.64
83,4589,45958220_1450,12/19/2023 16:44,23,2,,TRUE,,GD,No Defect,Not Done,Pass,(None),110_LVL (new),Not Done,Pass,(None),Pass,(None),none,0,8,2012,TRUE,Pass,0,0,inf,0.003,-0.512,-0.06,-0.062,0.008,0.006,-0.054,-0.034,-0.04,-0.034,-0.014,-0.04,-0.077,-0.071,-0.076,-0.032,inf,inf,inf,#NAME?,inf,0.003,-51.042,-30.43,-160.278,43.744,-0.512,271.313,158.567,-33.648,-61.523,-0.06,367.918,18.187,-7.595,-15.439,-0.062,442.089,-20.336,-21.261,25.45,0.008,477.271,6.098,-40.131,-5.74,0.006,-68.797,-3.258,1.771,3.374,-0.054,565.799,-3.569,-22.299,3.645,-0.034,426.84,72.399,-6.055,-42.015,-0.04,436.488,-0.178,-6.845,0.138,-0.034,393.431,-22.931,-52.738,29.709,-0.014,355.757,-69.533,6.818,228.182,-0.04,494.547,-8.282,-22.133,8.986,-0.077,405.283,2.753,-5.984,-2.754,-0.071,354.283,-7.649,-26.236,8.206,-0.076,238.193,-26.573,-23.383,36.086,-0.032,-39.15,-9.125,8.377,10.006
84,4595,45043219_1450,8/18/2022 9:27,24.2,2,,TRUE,,GD,No Defect,Not Done,Not Done,Green,100_LVL (old),Pass,Pass,Blue,Pass,green,none,,8,2012,TRUE,Pass,0,0,0.12,0.074,0.052,0.104,0.024,0.059,0.021,0.039,0.014,0.012,0.024,0.088,0.01,0.018,0.038,0.055,0.039,0.12,8.621,59.735,40.374,-37.322,0.074,28.683,9.173,3.272,-8.335,0.052,9.172,5.841,11.067,-5.469,0.104,21.466,-57.233,-31.099,134.068,0.024,-8.598,136.478,39.81,-57.703,0.059,33.622,50.796,-60.669,-33.646,0.021,-80.601,-59.927,-181.336,149.597,0.039,54.095,-8.666,-47.788,9.532,0.014,38.796,-6.808,-18.258,7.321,0.012,-86.155,-8.303,-5.328,9.067,0.024,42.424,0.709,22.5,-0.68,0.088,-59.339,-11.712,-13.655,13.365,0.01,-80.614,-25.841,-54.865,34.859,0.018,-77.966,-29.495,-113.029,41.859,0.038,-77.456,-25.922,-51.565,35.044,0.055,-71.63,-21.784,-47.415,27.922,0.039,54.304,-7.24,-17.869,7.847
85,4595,45693092_1450,8/2/2023 14:42,24.5,2,,TRUE,,GD,No Defect,Not Done,Pass,Green,300_FW,Not Done,Pass,Grey,Pass,green,none,,0,0,TRUE,Pass,0,0,0.922,0.45,0.6,0.161,-0.058,-0.028,-0.02,-0.063,0,-0.029,-0.013,-0.033,-0.039,0.025,0,0.023,-0.015,0.922,162.916,46.863,92.194,-31.282,0.45,503.468,-43.369,53.654,77.377,0.6,346.035,61.947,78.326,-37.881,0.161,936.021,41.944,-148.211,-29.436,-0.058,375.023,-18.924,4.975,23.27,-0.028,544.247,-39.738,-12.542,65.895,-0.02,708.288,161.044,19.056,-61.7,-0.063,201.127,11.279,24.095,-10.192,0,285.719,0.376,-17.095,-0.374,-0.029,447.93,-3.818,-21.985,3.94,-0.013,388.995,-12.983,-62.22,14.905,-0.033,354.459,19.656,15.552,-16.455,-0.039,164.28,15.031,19.046,-13.101,0.025,797.277,-16.557,-68.735,19.872,0,433.367,10.877,8.386,-9.81,0.023,493.403,110.178,37.64,-52.41,-0.015,-47.798,21.146,24.066,-17.467
86,4603,45832889_1450,10/11/2023 18:54,25.3,2,,TRUE,,GD,No Defect,Pass,Pass,(None),300_FW,Not Done,Pass,(None),Pass,green,none,0,8,2012,TRUE,Pass,0,0,0.534,0.664,0.265,-0.142,0.01,-0.009,0.024,0.046,-0.024,-0.019,-0.008,0.001,0.009,-0.01,-0.001,-0.006,-0.043,0.534,129.576,-23.404,2.849,31.252,0.664,385.567,-71.323,-77.829,251.025,0.265,21.357,79.096,-2.595,-44.016,-0.142,-38.339,-65.931,-114.177,193.102,0.01,-62.161,-37.951,-14.272,61.179,-0.009,-46.105,-36.865,-54.383,58.376,0.024,-13.421,5.97,-45.211,-5.611,0.046,-60.426,22.975,-4.182,-18.645,-0.024,-55.563,-4.803,7.017,5.02,-0.019,-51.492,-20.508,-10.235,25.776,-0.008,-43.447,73.353,-25.991,-42.319,0.001,-42.891,15.945,27.054,-13.751,0.009,-45.418,-28.939,-34.314,40.736,-0.01,-17,-18.3,-76.888,22.387,-0.001,-35.114,-41.576,-99.316,71.161,-0.006,-57.908,-30.495,-65.732,43.867,-0.043,-60.062,-26.741,-0.606,36.445
87,4606,45424366_1450,3/10/2023 17:54,22.3,2,,TRUE,,GD,No Defect,Pass,Pass,Green,200_LA (old),Not Done,Pass,Blue,Pass,green,none,,8,2012,TRUE,Pass,0,0,0.366,-0.418,-0.305,0.001,0.083,-0.052,-0.155,0.091,-0.029,0.039,0.029,0.03,-0.018,-0.025,0.046,-0.118,0.024,0.366,-42.045,-62.67,-196.219,168.864,-0.418,58.38,-3.076,10.436,2.743,-0.305,152.869,14.642,-25.36,-13.038,0.001,619.172,20.766,25.516,-17.195,0.083,434.069,35.156,68.119,-25.95,-0.052,233.944,-1.376,-23.306,1.343,-0.155,278.12,-7.537,60.092,7.983,0.091,605.858,18.591,9.889,-15.599,-0.029,259.646,-20.52,-12.678,25.782,0.039,85.585,-15.691,-17.899,18.657,0.029,351.631,-0.401,6.209,0.431,0.03,445.035,-1.069,-36.727,1.111,-0.018,275.68,34.777,8.62,-25.817,-0.025,228.65,-0.11,-7.281,0.085,0.046,130.281,-37.821,8.38,60.9,-0.118,1857.995,98.532,-93.147,-49.69,0.024,-53.507,15.324,-0.383,-13.267
88,4608,45902508_1450,11/20/2023 13:12,22.3,2,,TRUE,,GD,No Defect,Pass,Pass,(None),110_LVL (new),Not Done,Pass,(None),Pass,green,none,0,8,2012,TRUE,Pass,0,0,0.726,0.336,0.196,0.087,-0.101,-0.009,0.105,-0.087,0.045,0.05,0.022,-0.004,-0.039,0.002,-0.016,0.022,0.065,0.726,1020.478,92.877,83.28,-47.777,0.336,1091.396,-35.206,-20.58,54.853,0.196,690.414,17.137,47.174,-14.462,0.087,3140.925,181.352,-358.511,-64.427,-0.101,1402.254,4.497,-122.55,-4.401,-0.009,1280.534,-8.462,-129.086,9.235,0.105,890.225,-5.425,-236.874,5.847,-0.087,1222.186,5.326,-169.516,-5.14,0.045,-11.234,18.087,-18.013,-15.279,0.05,31.276,-23.359,-117.413,30.545,0.022,1358.92,-15.6,-184.624,18.509,-0.004,487.346,-24.381,-49.472,32.237,-0.039,724.458,-5.68,-152.252,5.981,0.002,2186.562,-43.799,-628.849,77.936,-0.016,77.342,-23.405,-81.875,30.536,0.022,259.42,30.448,-10.31,-23.324,0.065,70.994,-15.325,-72.722,18.175
89,4619,45976389_1450,12/28/2023 13:47,22.1,2,,TRUE,,GD,No Defect,Not Done,Pass,(None),300_FW,Not Done,Pass,(None),Pass,(None),none,0,0,0,TRUE,Pass,0,0,0.705,0.273,0.359,0.239,0.04,0.034,0.02,-0.029,-0.01,0.018,0.048,0.071,-0.048,0.046,0.028,-0.077,0.029,0.705,49.412,42.532,21.405,-29.345,0.273,868.236,72.757,22.293,-41.957,0.359,569.137,27.955,51.774,-21.567,0.239,1949.191,146.516,-26.093,-59.338,0.04,961.257,119.552,-11.923,-54.434,0.034,1039.15,10.901,-140.456,-9.799,0.02,1252.86,-0.009,-81.392,0.029,-0.029,668.188,-0.733,-90.95,0.709,-0.01,492.016,-5.445,-63.239,5.748,0.018,-10.143,-19.06,-34.383,23.571,0.048,1036.083,-20.837,-109.252,26.383,0.071,3470.781,63.817,-13.943,-38.913,-0.048,327.046,37.989,14.979,-27.565,0.046,1285.166,-14.908,-142.272,17.573,0.028,2.832,14.666,23.3,-12.766,-0.077,153.112,99.682,63.253,-49.959,0.029,-11.557,8.986,13.949,-8.219
90,4646,45636448_1450,7/4/2023 11:56,24.9,2,,TRUE,,GD,No Defect,Not Done,Pass,Green,300_FW,Not Done,Pass,Orange,Pass,green,none,,9,2010,TRUE,Fail,0,0,-2.553,inf,-1.093,-0.232,-0.078,-0.012,0.009,-0.058,0.043,-0.16,0.045,0.018,0.023,-0.119,-0.01,0.044,-0.091,-2.553,355.987,72.926,75.395,-43.648,inf,inf,inf,#NAME?,inf,-1.093,83.703,61.118,-20.472,-38.612,-0.232,91.618,-16.526,-72.928,19.52,-0.078,-18.6,-23.324,3.581,30.316,-0.012,59.035,4.677,-9.965,-4.479,0.009,146.118,-0.248,-25.81,0.258,-0.058,24.662,-30.034,-3.965,42.845,0.043,53.082,-5.065,-16.391,5.38,-0.16,28.472,-6.291,5.972,6.542,0.045,87.746,-6.998,-32.502,7.574,0.018,127.603,13.526,-75.154,-11.899,0.023,61.832,-36.003,-55.356,56.292,-0.119,35.041,6.352,10.901,-6.085,-0.01,94.839,-12.347,-47.836,14.075,0.044,144.649,-21.57,-28.729,27.559,-0.091,43.074,-21.953,-163.691,28.011
91,4648,45707476_1450,8/9/2023 17:47,29.4,2,,TRUE,,GD,No Defect,Pass,Pass,Green,400_LA (new),Not Done,Pass,Blue,Pass,green,none,,9,2012,TRUE,Fail,0,0,-0.106,-0.152,-0.246,-0.005,-0.018,0.001,0.266,1.121,0.1,0.093,0.023,0.006,0.023,0.066,0.028,0.007,0.005,-0.106,49.531,192.681,-120.442,-65.87,-0.152,-32.997,-21.303,-120.811,26.877,-0.246,229.105,-54.916,23.584,121.265,-0.005,340.914,53.743,39.949,-34.96,-0.018,459.391,-16.184,-34.172,19.288,0.001,306.897,-2.815,24.821,2.897,0.266,257.18,1.341,-40.141,-1.061,1.121,108.217,-45.43,-86.067,85.305,0.1,411.841,9.539,14.675,-8.617,0.093,418.529,-8.745,-5.056,9.685,0.023,401.381,-9.789,-26.14,10.877,0.006,342.959,-9.516,-37.449,10.523,0.023,391.603,0.986,-15.677,-0.954,0.066,429.467,21.809,26.733,-17.85,0.028,437.588,5.084,4.05,-4.812,0.007,91.304,64.221,34.982,-39.102,0.005,371.812,7.772,20.346,-7.207
92,4654,45676749_1450,8/1/2023 9:29,23.1,2,,TRUE,,GD,No Defect,Not Done,Pass,Green,110_LVL (new),Not Done,Pass,Blue,Pass,green,none,,10,2012,TRUE,Pass,0,0,0.176,-0.077,-0.246,-0.019,-0.014,-0.069,0.046,-0.004,0.073,0.018,-0.021,-0.019,-0.015,-0.054,-0.049,-0.016,0,0.176,-68.704,-83.206,-40.458,496.491,-0.077,213.055,-21.599,-6.904,27.451,-0.246,184.139,17.229,43.633,-14.906,-0.019,480.899,-12.814,-35.708,14.676,-0.014,487.852,-22.816,-35.186,29.542,-0.069,526.393,-23.262,-47.889,30.223,0.046,195.272,-8.193,-11.966,8.974,-0.004,538.459,30.226,29.605,-23.213,0.073,451.182,-12.397,-39.214,14.235,0.018,413.679,-5.109,12.66,5.402,-0.021,323.235,5.738,11.261,-5.447,-0.019,306.314,-6.463,-6.699,6.888,-0.015,437.78,0.686,-12.92,-0.696,-0.054,349.406,3.241,3.229,-3.191,-0.049,276.953,12.333,23.887,-11.023,-0.016,-76.546,-35.584,-5.387,55.215,0,-29.353,-19.037,-55.455,23.514
93,4655,45624344_1450,6/27/2023 11:48,24.4,2,,TRUE,,GD,No Defect,Pass,Pass,Green,300_FW,Not Done,Pass,Blue,Pass,green,none,,10,2012,TRUE,Pass,0,0,inf,-0.075,-0.1,-0.052,-0.034,-0.083,-0.022,-0.086,-0.061,-0.084,-0.034,-0.07,-0.076,-0.106,-0.06,-0.028,-0.051,inf,inf,inf,#NAME?,inf,-0.075,140.703,-22.635,5.034,29.16,-0.1,154.214,3.235,26.161,-3.231,-0.052,311.762,27.59,-221.754,-21.664,-0.034,197.891,1.628,20.5,-1.635,-0.083,159.274,2.654,21.045,-2.667,-0.022,201.828,6.615,0.091,-6.225,-0.086,178.136,18.378,22.41,-15.598,-0.061,204.195,-4.268,-2.606,4.394,-0.084,169.966,2.309,-6.197,-2.339,-0.034,238.241,-7.149,-21.06,7.662,-0.07,291.208,0.722,-2.615,-0.786,-0.076,205.567,20.99,-6.691,-17.411,-0.106,173.889,10.263,16.018,-9.404,-0.06,193.012,2.826,-3.585,-2.806,-0.028,-50.764,61.93,-14.908,-38.262,-0.051,-72.268,1.221,23.611,-1.257
94,4658,45902762_1450,11/21/2023 16:12,23.5,2,,TRUE,,GD,No Defect,Pass,Pass,(None),110_LVL (new),Not Done,Pass,(None),Pass,green,none,0,10,2012,TRUE,Pass,0,0,1.284,-0.048,-0.321,-0.035,-0.058,-0.071,0.036,0.029,0.047,0.023,-0.007,0.169,-0.029,-0.093,-0.088,-0.238,-0.038,1.284,-30.779,31.957,-72.736,-23.245,-0.048,-60.947,11.643,19.994,-10.472,-0.321,203.118,28.06,31.79,-22.162,-0.035,344.02,-2.768,-15.424,2.811,-0.058,493.978,-1.679,-118.882,1.649,-0.071,333.331,-7.648,-8.301,8.205,0.036,154.827,-11.356,-15.982,12.851,0.029,460.264,39.653,-0.492,-28.374,0.047,415.403,4.682,14.66,-4.427,0.023,384.456,12.004,-3.899,-10.697,-0.007,275.716,56.008,19.885,-35.905,0.169,-10.963,4.452,46.825,-4.101,-0.029,551.849,-39.155,-161.177,64.304,-0.093,256.662,-4.977,-10.637,5.14,-0.088,92.31,21.193,40.179,-17.559,-0.238,-87.927,-41.85,56.386,71.558,-0.038,-11.016,-41.261,-153.397,70.18
95,4660,45933061_1450,12/1/2023 20:34,24.2,2,,TRUE,,GD,No Defect,Pass,Pass,(None),400_LA (new),Not Done,Pass,(None),Pass,(None),none,0,10,2012,TRUE,Pass,0,0,-0.279,-0.105,-0.292,-0.081,-0.083,-0.011,0,-0.04,-0.024,-0.023,-0.051,-0.081,-0.04,-0.005,-0.059,-0.144,-0.022,-0.279,6.664,-17.569,-8.856,20.974,-0.105,-47.578,-38.077,0.977,61.322,-0.292,-38.514,-22.508,1.162,28.669,-0.081,448.316,-33.109,20.089,49.375,-0.083,460.26,-13.786,-7.652,15.895,-0.011,388.712,3.764,-15.231,-3.638,0,-73.135,-8.136,25.241,8.856,-0.04,542.872,0.834,-24.024,-0.866,-0.024,495.263,11.598,12.27,-10.414,-0.023,447.189,0.667,-14.106,-0.685,-0.051,357.233,11.875,24.904,-10.661,-0.081,493.511,-13.856,-42.04,15.991,-0.04,517.313,0.705,-18.757,-0.74,-0.005,516.123,14.515,26.548,-12.68,-0.059,559.822,3.465,-0.836,-3.406,-0.144,-31.73,12.907,4.905,-11.558,-0.022,-22.151,13.563,18.545,-11.963
96,4661,45697246_1450,8/3/2023 18:17,25.1,2,,TRUE,,GD,No Defect,Not Done,Pass,Green,300_FW,Not Done,Pass,Blue,Pass,green,none,,10,2012,TRUE,Pass,0,0,-2.318,inf,-0.237,-0.094,0.01,-0.092,0.013,-0.009,-0.002,-0.141,0.005,0.004,0.03,-0.104,-0.005,0.109,-0.074,-2.318,141.105,-5.123,-32.269,2.956,inf,inf,inf,#NAME?,inf,-0.237,109.803,41.906,59.603,-29.697,-0.094,205.699,68.753,30.096,-40.798,0.01,76.663,47.029,29.641,-31.979,-0.092,116.217,66.557,37.583,-40.016,0.013,548.065,-17.059,-29.328,20.583,-0.009,61.84,-16.199,0.212,19.32,-0.002,119.18,-12.752,7.628,14.613,-0.141,102.288,-9.448,-22.097,10.278,0.005,149.8,17.078,33.223,-14.583,0.004,176.347,16.36,-15.409,-14.056,0.03,140.198,-3.594,-47.275,3.759,-0.104,85.498,5.767,10.063,-5.551,-0.005,138.817,-10.922,-21.512,12.256,0.109,183.251,531.341,-67.862,-84.143,-0.074,-81.656,-48.859,-167.309,95.394
97,4665,45668836_1450,7/20/2023 14:59,26.6,2,,TRUE,,GD,No Defect,Pass,Pass,Green,400_LA (new),Not Done,Pass,Blue,Pass,green,none,,10,2012,TRUE,Fail,0,0,-3.195,inf,-0.639,-0.152,-0.101,-0.195,-0.094,-0.065,-0.088,-0.244,-0.097,-0.082,0.05,-0.186,-0.097,-0.145,-0.184,-3.195,60.305,11.109,-110.745,-12.874,inf,inf,inf,#NAME?,inf,-0.639,138.334,1.53,19.59,-2.137,-0.152,184.435,39.646,-1.246,-28.5,-0.101,123.546,-35.111,-5.731,53.955,-0.195,163.858,-2.663,3.858,2.536,-0.094,87.883,43.636,27.495,-30.445,-0.065,77.855,21.843,6.704,-17.98,-0.088,191.833,5.441,8.231,-5.243,-0.244,137.585,10.087,19.254,-9.385,-0.097,142.62,-8.868,16.079,9.624,-0.082,158.426,-1.673,-19.341,1.619,0.05,240.795,57.995,-151.101,-36.675,-0.186,157.245,-5.637,-9.471,5.776,-0.097,133.697,-3.205,3.307,3.212,-0.145,-18.676,20.873,42.15,-17.389,-0.184,87.573,-1.378,-4.962,1.212
98,4667,45525658_1450,5/10/2023 13:31,22.9,2,,TRUE,,GD,No Defect,Not Done,Not Done,Green,110_LVL (new),Not Done,Pass,Blue,Pass,green,none,,10,2012,TRUE,Pass,0,0,1.56,0.274,0.127,0.064,-0.301,-0.215,0.112,-0.277,-0.26,-0.214,-0.148,-0.194,-0.302,-0.174,-0.2,0.019,-0.183,1.56,388.277,145.476,77.271,-58.627,0.274,670.331,3.881,51.977,-3.472,0.127,466.19,48.255,44.222,-32.463,0.064,1277.121,38.934,-206.331,-27.978,-0.301,479.517,-25.329,-148.844,33.517,-0.215,809.819,-32.25,-96.033,47.284,0.112,960.694,32.545,-125.845,-24.47,-0.277,572.55,-20.551,-97.33,25.518,-0.26,379.393,35.828,-8.003,-26.569,-0.214,736.756,-12.327,-55.497,13.816,-0.148,522.145,-4.422,-23.338,4.471,-0.194,626.511,-13.321,-39.641,15.145,-0.302,337.88,-0.895,6.912,0.598,-0.174,1991.709,-30.87,-298.184,44.403,-0.2,-1.744,-10.298,-7.306,11.256,0.019,50.489,-31.825,-20.959,46.709,-0.183,-1.586,21.236,33.307,-17.668
99,4668,45500090_1450,4/21/2023 20:49,25.4,2,,TRUE,,GD,No Defect,Pass,Pass,Green,300_FW,Not Done,Pass,Blue,Pass,green,none,,10,2012,TRUE,Pass,0,0,0.834,0.412,0.386,0.353,0.075,0.083,-0.385,0.042,0.073,0.046,0.053,0.05,0.011,0.089,0.043,-0.036,-0.102,0.834,385.018,112.038,84.408,-52.446,0.412,668.335,-31.59,37.716,46.78,0.386,467.584,30.323,57.97,-22.971,0.353,1668.479,127.576,-59.333,-55.904,0.075,794.583,184.591,34.679,-64.836,0.083,603.201,0.863,-135.455,-0.773,-0.385,-62.144,10.933,-9.573,-10.202,0.042,270.717,-13.363,-26.95,15.472,0.073,299.235,7.804,-32.41,-7.171,0.046,-44.319,-30.008,-49.008,42.939,0.053,643.208,-4.476,-75.044,4.741,0.05,2773.662,30.483,7.864,-23.323,0.011,232.046,42.902,-256.27,-30.014,0.089,708.172,5.85,-53.284,-5.443,0.043,-60.303,32.534,43.618,-24.516,-0.036,88.424,257.629,58.252,-72.048,-0.102,-31.494,59.559,40.535,-37.391
100,4670,45574835_1450,6/1/2023 11:40,25,2,,TRUE,,GD,No Defect,Pass,Pass,Green,300_FW,Not Done,Pass,Blue,Pass,green,none,,10,2012,TRUE,Pass,0,0,-0.48,-0.049,-0.085,-0.074,-0.088,-0.06,0.01,0.061,0,-0.023,0.005,-0.024,-0.049,-0.06,-0.04,0.015,-0.06,-0.48,112.558,-56.942,52.671,131.128,-0.049,150.777,11.785,42.042,-10.586,-0.085,185.564,12.029,34.521,-10.813,-0.074,327.105,-8.996,-110.794,9.805,-0.088,229.833,-25.787,-69.18,34.628,-0.06,212.338,19.299,44.954,-16.227,0.01,267.076,-8.261,-49.045,9.016,0.061,95.68,155.1,89.602,-60.776,0,220.11,0.199,-11.276,-0.198,-0.023,190.939,-6.462,-40.957,6.884,0.005,236.438,-15.577,-24.856,18.456,-0.024,305.527,-2.137,-11.132,2.159,-0.049,232.895,-10.065,-32.079,11.137,-0.06,243.179,-7.24,-26.392,7.74,-0.04,243.847,-6.406,-20.936,6.801,0.015,-56.104,-15.048,-0.28,17.731,-0.06,-68.258,-0.897,-1.778,0.845
101,4671,45935480_1450,12/3/2023 11:39,23.7,2,,TRUE,,GD,No Defect,Pass,Pass,(None),300_FW,Not Done,Pass,(None),Pass,(None),none,0,10,2012,TRUE,Pass,0,0,0.642,-0.049,0.167,-0.077,-0.04,0.04,0.002,-0.025,0.026,0.009,-0.03,0.005,-0.028,-0.017,-0.011,-0.12,0.226,0.642,-77.964,552.237,81.329,-84.57,-0.049,-81.51,-37.08,4.899,58.854,0.167,-80.709,-16.136,-4.744,19.44,-0.077,13.396,10.232,13.791,-9.352,-0.04,42.492,-14.481,-37.19,16.886,0.04,46.682,-16.499,-49.712,19.806,0.002,21.827,-7.244,13.253,7.812,-0.025,16.905,-9.761,-15.304,10.789,0.026,19.895,-15.658,-21.63,18.595,0.009,22.19,1.988,25.083,-1.941,-0.03,7.402,19.214,38.844,-16.142,0.005,83.812,0.91,-31.019,-0.896,-0.028,23.756,14.698,3.661,-12.839,-0.017,43.274,-8.446,-22.75,9.206,-0.011,35.913,-0.446,-1.975,0.437,-0.12,1.353,113.881,42.803,-53.301,0.226,-46.021,-31.476,43.774,46.264
102,4673,45980527_1450,1/2/2024 15:14,22.9,2,,TRUE,,GD,No Defect,Pass,Pass,(None),400_LA (new),Not Done,Pass,(None),Pass,(None),none,0,10,2012,TRUE,Pass,0,0,-0.419,-0.218,-0.556,-0.115,-0.181,-0.277,-0.296,-0.231,-0.247,-0.264,-0.146,-0.173,-0.249,-0.224,-0.185,-0.209,-0.231,-0.419,132.818,-61.117,-36.215,156.106,-0.218,145.175,-20.999,-61.312,26.304,-0.556,121.115,2.217,25.942,-2.713,-0.115,240.67,74.806,32.791,-42.859,-0.181,216.173,0.644,15.992,-0.82,-0.277,292.345,5.533,-136.228,-5.506,-0.296,74.255,-13.469,23.462,15.225,-0.231,272.137,-28.334,-65.017,39.214,-0.247,198.852,4.821,13.767,-4.835,-0.264,113.553,-6.772,-20.02,6.981,-0.146,270.748,-11.007,-61.899,12.204,-0.173,361.557,-7.551,4.116,7.98,-0.249,165.393,4.207,7.844,-4.275,-0.224,174.801,10.889,15.847,-10.022,-0.185,116.249,17.619,25.546,-15.137,-0.209,-65.294,162.315,23.482,-61.958,-0.231,-69.394,-1.305,9.346,1.088
103,4675,45395789_1450,2/23/2023 20:12,25.3,2,,TRUE,,GD,No Defect,Pass,Pass,Green,300_FW,Not Done,Pass,Blue,Pass,green,none,,10,2012,TRUE,Pass,0,0,inf,0.224,0.363,0.016,-0.248,-0.031,0.259,-0.227,-0.118,-0.153,-0.077,-0.066,-0.22,0,-0.089,0.002,-0.126,inf,inf,inf,#NAME?,inf,0.224,912.36,41.065,23.626,-28.952,0.363,520.237,39.68,63.513,-28.148,0.016,1360.372,7.98,-159.951,-7.375,-0.248,262.864,40.457,-99.699,-28.98,-0.031,652.889,3.055,-63.326,-2.994,0.259,2423.063,125.267,-357.372,-55.493,-0.227,271.341,5.435,-22.584,-5.37,-0.118,404.908,-12.925,-69.819,14.707,-0.153,521.53,-9.955,-32.053,10.885,-0.077,633.869,-43.429,-22.202,76.635,-0.066,1895.769,17.908,-89.133,-15.244,-0.22,275,-12.721,-192.517,14.323,0,2519.327,-32.494,-353.885,48.135,-0.089,28.952,-24.172,-53.226,31.76,0.002,162.897,-6.841,-27.035,7.346,-0.126,-23.448,6.053,-32.608,-5.827
104,4675,44090314_1450,10/27/2021 14:55,23.2,2,,TRUE,,GD,No Defect,Pass,Pass,Green,100_LVL (old),Pass,Pass,Blue,Pass,green,_none,,10,2012,TRUE,Pass,0,0,-100,-0.024,-0.049,-0.047,0.053,-0.057,-0.218,0.043,-0.021,0.017,-0.046,-0.005,0.031,-0.07,-0.016,-0.089,-0.007,-100,-100,-100,100,-100,-0.024,-38.856,-4.397,8.149,4.574,-0.049,-34.316,1.812,11.923,-1.828,-0.047,-47.479,-25.672,6.57,34.475,0.053,-23.498,-50.955,22.036,104.001,-0.057,-33.288,-0.888,-12.161,0.838,-0.218,-93.932,-58.046,38.823,137.836,0.043,-25.458,74.153,53.744,-42.554,-0.021,-90.934,5.153,31.87,-4.921,0.017,-89.435,-7.964,-5.03,8.671,-0.046,-41.567,12.92,-19.512,-11.483,-0.005,-72.373,-11.031,19.263,12.393,0.031,-92.284,5.017,54.401,-4.748,-0.07,-93.879,-25.728,4.081,34.546,-0.016,-43.135,5.37,34.265,-5.111,-0.089,-68.619,18.2,24.717,-15.473,-0.007,-34.305,-30.294,9.003,43.448
105,4678,45946193_1450,12/9/2023 12:13,22.2,2,,TRUE,,GD,No Defect,Pass,Pass,(None),400_LA (new),Not Done,Pass,(None),Pass,(None),none,0,10,2012,TRUE,Pass,0,0,0.405,0.158,-0.276,-0.093,-0.056,0.041,0.012,-0.002,0.045,0.009,-0.012,-0.005,-0.03,0.017,0.005,-0.056,-0.052,0.405,-33.441,333.199,3.049,-76.823,0.158,-80.418,74.743,-103.034,-42.683,-0.276,22.979,-3.775,-231.134,3.636,-0.093,34.049,-39.993,-35.034,66.491,-0.056,-5.162,-40.813,-73.891,68.862,0.041,4.658,12.876,23.53,-11.371,0.012,-19.521,7.81,26.535,-7.233,-0.002,-3.182,25.685,11.323,-20.438,0.045,19.557,11.731,-7.053,-10.459,0.009,13.648,8.747,-5.539,-8.036,-0.012,8.441,-7.122,15.206,7.656,-0.005,867.471,-24.831,-259.557,33.027,-0.03,15.491,-28.191,-60.496,39.217,0.017,34.864,23.723,36.934,-19.161,0.005,113.681,-16.05,-60.933,19.124,-0.056,409.324,29.837,32.596,-23.024,-0.052,34.944,4.397,-27.223,-4.261
106,4690,45711367_1450,8/17/2023 13:18,23.6,2,,TRUE,,GD,No Defect,Not Done,Pass,(None),110_LVL (new),Not Done,Pass,Blue,Pass,green,none,,10,2012,TRUE,Fail,0,0,1.076,-0.354,-0.732,-0.26,-0.202,-0.3,-0.28,-0.237,-0.288,-0.321,-0.22,-0.236,-0.602,-0.347,-0.275,-0.364,-0.021,1.076,-16.846,182.468,70.276,-64.217,-0.354,69.963,22.829,54.849,-18.874,-0.732,149.724,17.097,40.816,-15.226,-0.26,143.936,53.464,23.685,-35.008,-0.202,178.151,13.024,14.377,-11.702,-0.3,204.697,-21.36,-46.502,26.78,-0.28,275.991,-10.794,-16.55,11.786,-0.237,158.543,16.305,48.72,-14.223,-0.288,157.046,13.116,3.885,-11.85,-0.321,140.082,-7.196,21.593,7.408,-0.22,136.798,38.192,37.007,-27.796,-0.236,190.141,-3.847,-25.326,3.756,-0.602,23.882,-60.071,42.001,148.937,-0.347,87.454,2.515,7.833,-2.792,-0.275,85.385,-5.353,-21.283,5.365,-0.364,206.871,155.205,66.995,-60.958,-0.021,-87.704,-34.919,28.043,53.622
107,4692,45707246_1450,8/8/2023 20:22,25.5,2,,TRUE,,GD,No Defect,Pass,Pass,Green,300_FW,Not Done,Pass,Blue,Pass,green,none,,10,2012,TRUE,Pass,0,0,0.895,0.185,0.435,0.463,0.142,0.197,0.153,0.112,0.124,0.134,0.153,0.082,0.032,0.163,0.103,0.079,0.099,0.895,436.62,91.478,82.671,-47.307,0.185,886.983,-2.352,45.969,2.598,0.435,615.42,31.962,43.22,-23.891,0.463,2295.542,183.421,-111.422,-64.553,0.142,902.424,39.033,-31.693,-27.973,0.197,1131.572,-40.756,-295.014,69.126,0.153,50.642,2.743,-25.617,-2.52,0.112,408.341,-13.864,-20.813,16.226,0.124,475.616,-3.597,-52.707,3.86,0.134,-12.386,-16.197,-21.639,19.487,0.153,971.284,-9.236,-128.093,10.345,0.082,2118.168,47.902,16.236,-32.332,0.032,203.837,33.789,16.49,-25.231,0.163,1004.865,0.215,-25.238,-0.051,0.103,-22.283,22.654,43.491,-18.386,0.079,197.098,240.314,40.946,-70.592,0.099,-21.191,42.418,30.53,-29.714
108,4704,45519403_1450,5/3/2023 14:57,25.2,2,,TRUE,,GD,No Defect,Pass,Pass,Green,300_FW,Not Done,Pass,Blue,Pass,green,none,,10,2012,TRUE,Pass,0,0,-0.27,0.322,0.424,0.256,0.052,0.053,-0.22,0.018,0.09,0.065,0.048,0.021,0.013,0.085,0.06,-0.059,0.035,-0.27,3372.911,293.194,82.468,-74.636,0.322,853.909,-5.518,43.398,6.18,0.424,576.17,33.926,33.655,-25.015,0.256,1722.813,29.002,-56.355,-22.283,0.052,946.195,-5.059,-25.902,5.383,0.053,655.909,23.468,-45.496,-18.964,-0.22,361.479,-29.775,42.435,42.086,0.018,393.21,3.276,-26.415,-3.154,0.09,310.018,22.551,11.985,-18.328,0.065,-38.685,4.23,-17.32,-3.996,0.048,635.549,3.513,-1.621,-3.347,0.021,2407.279,11.446,-0.723,-10.252,0.013,283.653,41.599,18.674,-29.368,0.085,1117.395,-17.504,-135.858,21.32,0.06,-30.223,5.827,14.089,-5.45,-0.059,316.993,96.889,48.199,-49.24,0.035,-29.059,13.054,10.374,-11.516
109,4706,45933057_1450,12/1/2023 16:52,24.1,2,,TRUE,,GD,No Defect,Pass,Pass,(None),400_LA (new),Not Done,Pass,(None),Pass,(None),none,0,10,2012,TRUE,Pass,0,0,inf,0.107,0.194,-0.062,0.012,0.03,0.027,-0.02,0.044,0.031,0.026,0.014,-0.014,-0.035,-0.001,-0.036,-0.03,inf,inf,inf,#NAME?,inf,0.107,-58.816,7.187,42.277,-6.605,0.194,225.336,299.511,-35.348,-74.921,-0.062,363.62,-33.249,-43.091,49.718,0.012,263.428,117.493,24.621,-54.016,0.03,324.928,-20.364,-60.943,25.609,0.027,266.794,-5.368,17.917,5.7,-0.02,259.253,12.598,-16.973,-11.206,0.044,222.988,2.404,-14.302,-2.304,0.031,205.616,10.568,-6.524,-9.53,0.026,259.531,9.049,-7.998,-8.274,0.014,346.781,2.518,-74.185,-2.443,-0.014,230.525,3.673,-21.66,-3.556,-0.035,211.886,5.409,12.071,-5.165,-0.001,286.227,-8.463,-26.658,9.245,-0.036,317.15,0.743,16.18,-0.773,-0.03,-51.878,-33.414,-92.304,50.138
110,4711,45827764_1450,10/10/2023 16:29,23.8,2,,TRUE,,GD,No Defect,Pass,Pass,(None),300_FW,Not Done,Pass,(None),Pass,green,none,0,10,2012,TRUE,Pass,0,0,0.757,0.609,0.281,-0.197,-0.036,-0.041,-0.056,-0.064,-0.04,-0.069,-0.06,-0.048,-0.067,-0.081,-0.053,-0.041,-0.118,0.757,71.097,9.99,65.816,-8.394,0.609,33.226,-36.73,-105.22,59.017,0.281,17.031,-18.582,-98.541,23.167,-0.197,-41.782,346.54,-299.654,-77.65,-0.036,-71.431,54.517,1.682,-35.305,-0.041,-52.923,1.601,22.461,-1.616,-0.056,7.017,8.619,-7.042,-7.987,-0.064,-64.924,31.021,14.439,-23.726,-0.04,-54.599,-1.471,-8.43,1.451,-0.069,-46.877,-0.777,7.354,0.713,-0.06,-55.292,10.779,13.745,-9.784,-0.048,-42.361,10.46,20.374,-9.513,-0.067,-41.329,-0.74,-12.4,0.678,-0.081,-27.844,-13.972,-48.92,16.147,-0.053,-52.727,-6.637,-15.667,7.052,-0.041,90.281,-46.003,47.713,85.12,-0.118,-58.537,-43.864,-248.069,77.929
111,4729,45780846_1450,9/15/2023 11:42,23.7,2,,TRUE,,GD,No Defect,Pass,Pass,(None),300_FW,Not Done,Pass,(None),Pass,green,none,0,11,2012,TRUE,Pass,0,0,-0.577,-0.387,-0.252,-0.05,-0.031,-0.031,-0.01,-0.025,0.014,-0.044,-0.03,-0.019,-0.052,-0.044,-0.048,-0.038,-0.049,-0.577,-17.377,-47.143,-41.313,88.097,-0.387,506.416,38.548,14.366,-28.102,-0.252,-9.03,-10.156,-52.437,11.024,-0.05,-12.647,1.746,-1.215,-1.765,-0.031,-17.201,-2.937,-19.844,2.994,-0.031,-15.008,-7.341,-20.922,7.889,-0.01,-37.113,-8.89,11.178,9.747,-0.025,-25.048,29.534,32.783,-22.82,0.014,-3.9,-15.623,-43.487,18.533,-0.044,-10.233,-9.869,-21.021,10.902,-0.03,-7.431,-12.601,-15.527,14.383,-0.019,-11.213,-2.147,4.159,2.175,-0.052,0.361,-0.146,-2.288,0.094,-0.044,13.571,-6.489,-16.567,6.892,-0.048,-8.235,-4.081,-12.149,4.206,-0.038,373.441,-11.49,-3.388,12.939,-0.049,-21.385,-13.738,-4.177,15.869
112,4730,45541507_1450,5/16/2023 12:27,25.6,2,,TRUE,,GD,No Defect,Pass,Pass,Green,300_FW,Not Done,Pass,Blue,Pass,green,none,,11,2012,TRUE,Pass,0,0,-0.622,-0.104,-0.137,-0.109,-0.04,0.01,-0.089,-0.012,0,-0.015,0.094,0.057,0.061,-0.044,0.043,0.302,-0.015,-0.622,-67.178,35.564,-47.836,-26.693,-0.104,58.61,1.705,60.37,-1.779,-0.137,112.329,15.19,19.669,-13.306,-0.109,157.532,-13.104,-11.541,14.954,-0.04,105.397,89.994,3.596,-47.388,0.01,72.414,59.183,69.365,-37.173,-0.089,424.785,10.546,-3.439,-9.62,-0.012,52.024,-5.573,19.335,5.889,0,75.874,28.876,9.323,-22.406,-0.015,53.704,12.455,17.259,-11.089,0.094,104.433,-21.149,-28.577,26.94,0.057,167.301,3.092,-1.731,-2.945,0.061,116.171,-2.487,-28.17,2.613,-0.044,58.971,13.887,23.949,-12.232,0.043,109.697,-9.974,-25.674,11.127,0.302,261.895,346.04,1.131,-77.513,-0.015,-80.546,-18.069,-43.732,22.036
113,4731,45582965_1450,6/6/2023 15:52,24.2,2,,TRUE,,GD,No Defect,Pass,Pass,Green,400_LA (new),Not Done,Pass,Blue,Pass,green,none,,11,2012,TRUE,Pass,0,0,-2.22,-0.623,0.284,-0.139,-0.032,0.02,0.01,0.054,-0.01,0.049,0.021,-0.052,0.077,-0.135,-0.049,-0.095,0.084,-2.22,69.106,-21.978,-94.554,25.323,-0.623,208.324,11.095,68.325,-10.547,0.284,158.58,1.507,81.633,-1.205,-0.139,399.054,1.291,10.435,-1.411,-0.032,1169.417,167.934,-15.498,-62.689,0.02,368.459,19.005,39.969,-15.953,0.01,-65.233,-0.759,28.565,0.775,0.054,1108.263,-4.056,-17.107,4.284,-0.01,587.407,-19.964,26.796,24.932,0.049,526.977,16.382,-6.926,-14.034,0.021,462.011,-4.671,-22.144,4.922,-0.052,522.38,-20.604,-55.154,25.886,0.077,1717.241,20.42,19.64,-16.894,-0.135,424.28,-11.077,-45.259,12.305,-0.049,604.68,0.809,-14.074,-0.851,-0.095,-51.671,-39.061,-43.527,63.944,0.084,-25.207,-37.822,-17.225,60.964
114,4740,46052053_1450,2/6/2024 16:24,23.1,2,,TRUE,,GD,No Defect,Pass,Pass,(None),400_LA (new),Not Done,Pass,(None),Pass,(None),none,0,11,2012,TRUE,Fail,0,0,2.86,1.286,1.324,-0.203,-0.067,-0.011,-0.201,-0.096,0.071,0.052,-0.03,-0.048,-0.04,0.012,-0.043,0.001,-0.011,2.86,536.707,110.311,-597.015,-51.092,1.286,1649.456,23.114,-834.033,-17.73,1.324,973.699,92.998,4.354,-47.5,-0.203,-38.598,156.273,-96.59,-61.058,-0.067,-67.692,-2.168,-100.917,2.148,-0.011,1.744,-3.791,-4.511,3.929,-0.201,-67.851,-18.94,-20.069,23.118,-0.096,-43.295,6.29,-2.048,-6.007,0.071,18.763,58.776,44.643,-36.974,0.052,170.921,5.423,14.036,-5.095,-0.03,17.411,-23.807,-79.473,31.207,-0.048,-5.696,-24.384,-34.177,32.184,-0.04,30.33,-8.767,-16.293,9.566,0.012,71.633,10.647,11.586,-9.612,-0.043,214.911,30.823,-30.323,-23.594,0.001,-62.651,32.367,48.852,-24.452,-0.011,9.164,-23.477,-48.828,30.665
115,4746,45704313_1450,8/14/2023 15:29,24.1,2,,TRUE,,GD,No Defect,Not Done,Pass,Green,110_LVL (new),Not Done,Pass,Blue,Pass,green,none,,11,2012,TRUE,Pass,0,0,-100,-0.078,-0.174,0.126,-0.257,0.03,0.019,-0.034,0.021,0.041,0,-0.03,-0.029,-0.04,-0.055,0.02,-0.037,-100,-100,-100,100,-100,-0.078,-50.168,12.182,50.391,-10.929,-0.174,238.381,-31.651,35.162,46.054,0.126,498.59,-44.896,-188.941,81.702,-0.257,968.362,357.599,9.211,-78.203,0.03,472.022,1.332,-35.288,-1.285,0.019,-58.598,-4.663,0.973,4.911,-0.034,599.194,48.875,-1.992,-32.852,0.021,552.17,20.643,-4.551,-17.094,0.041,437.993,14.38,26.012,-12.536,0,469.428,3.768,22.086,-3.631,-0.03,395.121,0.902,-4.877,-0.924,-0.029,574.215,3.775,-4.514,-3.665,-0.04,469.404,3.055,-4.786,-3.004,-0.055,343.395,7.468,14.29,-7,0.02,-60.196,-40.376,-66.49,67.75,-0.037,-19.687,20.532,14.713,-17.066
116,4747,46041528_1450,2/2/2024 16:25,20.4,2,,TRUE,,GD,No Defect,Pass,Pass,(None),400_LA (new),Not Done,Pass,(None),Pass,(None),none,0,11,2012,TRUE,Fail,0,0,2.972,-0.275,-0.17,-0.047,-0.11,-0.07,-0.005,-0.274,-0.23,0.023,-0.078,-0.361,-0.16,0.067,-0.191,-0.132,-0.055,2.972,51.313,297.438,35.973,-74.091,-0.275,-13.127,19.375,37.901,-16.461,-0.17,-85.349,36.593,-24.077,-26.914,-0.047,349.323,-12.752,9.011,14.561,-0.11,14.983,311.391,-143.399,-75.719,-0.07,29.365,-27.642,-113.078,38.105,-0.005,242.436,-11.232,-14.54,12.647,-0.274,352.994,0.039,-71.724,-0.313,-0.23,1201.084,-53.598,-551.138,115.012,0.023,37.022,3.011,-20.45,-2.9,-0.078,24.637,-23.874,-120.183,31.258,-0.361,3460.833,-1.572,-227.514,1.231,-0.16,-42.689,20.371,31.384,-17.056,0.067,-7.048,29.298,34.905,-22.608,-0.191,106.327,-21.322,-128.54,26.858,-0.132,7.063,5.316,-4.993,-5.173,-0.055,-32.723,7.759,20.663,-7.251
117,4752,46050031_1450,2/8/2024 15:54,22.5,2,,TRUE,,GD,No Defect,Not Done,Pass,(None),110_LVL (new),Not Done,Pass,(None),Pass,(None),none,0,11,2012,TRUE,Pass,0,0,2.113,0.836,0.329,-0.174,-0.022,-0.07,inf,0,0.076,0.088,-0.033,-0.041,-0.005,-0.033,-0.034,-0.067,-0.026,2.113,-81.764,-80.096,12.932,413.023,0.836,-78.224,6.002,47.694,-4.874,0.329,32.974,48.551,-113.595,-32.462,-0.174,-16.536,-40.828,-52.135,68.703,-0.022,-25.248,-15.709,-65.422,18.611,-0.07,-27.444,-15.784,19.718,18.659,inf,inf,inf,#NAME?,inf,0,-22.773,-4.675,3.04,4.905,0.076,-18.66,6.643,-5.651,-6.158,0.088,-18.551,25.185,12.994,-20.048,-0.033,-22.599,41.954,22.191,-29.578,-0.041,-29.255,-8.608,-12.925,9.374,-0.005,5.159,-22.141,-43.839,28.431,-0.033,4.199,-19.953,-63.179,24.885,-0.034,-32.951,-3.111,-2.018,3.176,-0.067,40.837,-2.78,-0.336,2.79,-0.026,6.768,-24.811,-35.585,32.963
118,4765,45501802_1450,4/24/2023 12:32,26.7,2,,TRUE,,GD,No Defect,Pass,Pass,Green,300_FW,Not Done,Pass,Blue,Pass,green,none,,12,2012,TRUE,Fail,0,0,-3.04,0.457,-0.477,-0.163,-0.028,-0.082,-0.355,-0.018,0.014,-0.102,0,0.071,0.014,-0.086,-0.003,0.064,-0.114,-3.04,485.363,543.588,77.357,-84.934,0.457,73.392,179.436,-49.708,-64.05,-0.477,172.037,435.022,-308.52,-81.398,-0.163,83.108,4.446,2.004,-4.413,-0.028,8.119,21.264,30.101,-17.559,-0.082,47.864,-3.084,40.059,3.098,-0.355,97.457,-39.692,9.093,65.226,-0.018,13.028,40.233,38.437,-28.703,0.014,60.178,10.811,-3.949,-9.743,-0.102,38.757,5.905,-3.53,-5.672,0,59.518,15.64,14.162,-13.524,0.071,134.075,82.93,-978.426,-45.295,0.014,86.433,-5.37,-37.135,5.69,-0.086,68.736,0.034,-1.393,-0.12,-0.003,58.659,-1.893,-7.468,1.927,0.064,125.035,16.254,-0.37,-13.927,-0.114,18.054,12.641,4.851,-11.324
119,4766,45677824_1450,7/25/2023 14:59,26.5,2,,TRUE,,GD,No Defect,Pass,Pass,Yellow,2018,Not Done,Pass,Orange,Pass,green,none,,2,0,TRUE,Fail,0,0,-3.318,-0.606,0.564,0.149,0.032,0.02,0.051,0.008,0.03,0.081,0.072,0.113,-0.112,0.053,0.028,0.066,0.029,-3.318,-74.413,-5.759,34.242,2.59,-0.606,38.956,5.983,24.781,-6.217,0.564,-0.011,1.435,85.607,-0.859,0.149,555.863,-23.302,-14.999,30.577,0.032,996.884,88.838,10.28,-47.028,0.02,438.979,3.644,12.567,-3.497,0.051,241.06,-20.79,-26.353,26.312,0.008,641.107,-22.417,-104.725,28.905,0.03,590.679,-2.671,-10.278,2.775,0.081,444.068,18.233,3.283,-15.353,0.072,355.743,34.002,34.345,-25.32,0.113,468.119,-0.965,-35.696,1.088,-0.112,442.07,-35.44,12.447,54.722,0.053,566.523,5.661,-1.51,-5.307,0.028,554.061,-0.317,-7.154,0.346,0.066,-29.536,-23.645,22.432,31.054,0.029,-44.028,54.037,27.66,-35.062
120,4771,45355263_1450,2/7/2023 12:52,25.4,2,,TRUE,,GD,No Defect,Pass,Pass,Green,300_FW,Not Done,Pass,Blue,Pass,green,none,,12,2012,TRUE,Pass,0,0,0.392,0.126,0.328,-0.101,-0.372,-0.195,0.259,-0.287,-0.235,-0.266,-0.206,-0.163,-0.248,-0.107,-0.175,-0.073,-0.189,0.392,415.803,94.357,85.919,-48.347,0.126,560.684,12.849,55.451,-11.274,0.328,430.942,60.213,62.6,-37.378,-0.101,1107.666,259.685,-42.655,-72.226,-0.372,268.791,182.373,-58.186,-64.718,-0.195,577.503,25.191,-33.456,-20.278,0.259,538.919,10.592,-25.602,-9.344,-0.287,234.205,-14.809,-35.342,17.046,-0.235,255.636,40.217,-25.591,-28.85,-0.266,-33.369,-0.427,-35.091,0.162,-0.206,346.128,-7.572,3.457,7.969,-0.163,728.313,14.849,-27.103,-13.071,-0.248,257.026,46.539,27.07,-31.928,-0.107,2177.477,-49.436,-332.96,97.555,-0.175,64.161,-26.354,-134.946,35.547,-0.073,83.908,9.707,-40.504,-8.915,-0.189,-39.709,-20.911,3.033,26.201
121,4781,45869131_1450,10/27/2023 16:17,27.1,2,,TRUE,,GD,No Defect,Pass,Pass,(None),400_LA (new),Not Done,Pass,(None),Pass,green,none,0,12,2012,TRUE,Pass,0,0,1.305,0.511,0.461,0.185,-0.028,0.125,0.099,-0.003,0.169,0.09,0.103,0.079,-0.006,0.195,0.102,0.089,0.1,1.305,65.738,-67.668,16.224,213.33,0.511,146.232,9.729,40.485,-8.4,0.461,567.938,91.099,73.989,-47.43,0.185,4678.552,219.736,-178.095,-68.666,-0.028,1568.501,-22.133,-128.576,28.388,0.125,1554.748,17.856,-139.531,-15.044,0.099,1076.124,-39.261,-77.299,64.802,-0.003,816.283,-6.558,-52.966,7.015,0.169,778.353,-45.589,-47.374,84.097,0.09,40.957,-4.56,-23.755,4.872,0.103,1096.846,-4.369,-10.447,4.676,0.079,5051.377,24.661,-54.941,-19.719,-0.006,467.888,21.797,-58.719,-17.901,0.195,2470.869,81.795,-3.179,-44.886,0.102,101.931,-2.012,6.234,2.158,0.089,15.106,63.753,32.488,-38.878,0.1,45.259,29.381,37.949,-22.632
122,4784,45965746_1450,12/21/2023 17:43,22.7,2,,TRUE,,GD,No Defect,Not Done,Pass,(None),110_LVL (new),Not Done,Pass,(None),Pass,(None),none,0,12,2012,TRUE,Pass,0,0,0.824,0.586,0.557,-0.076,-0.003,-0.092,-0.042,-0.041,-0.1,0.029,-0.008,-0.029,0.174,0.012,-0.029,-0.012,-0.062,0.824,-8.95,22.952,-106.47,-17.997,0.586,60.209,-27.732,19.348,39.185,0.557,6.488,136.442,-224.734,-57.471,-0.076,-14.176,-60.501,-162.65,152.977,-0.003,-47.075,-40.014,-26.979,66.7,-0.092,-28.544,-24.096,-13.116,31.624,-0.042,-27.723,-22.883,-15.758,29.618,-0.041,-46.425,-12.779,15.024,14.604,-0.1,-31.982,-1.521,11.687,1.443,0.029,-20.302,-6.185,-26.79,6.623,-0.008,-30.93,26.165,18.254,-20.745,-0.029,-36.547,-12.913,-0.91,14.794,0.174,-26.711,25.308,1.787,-20.058,0.012,-22.178,-4.174,-13.4,4.368,-0.029,-43.1,13.133,12.026,-11.634,-0.012,-70.913,-49.92,-9.917,99.657,-0.062,-8.798,-28.582,-80.599,39.934
123,4785,46054121_1450,2/9/2024 10:50,22.4,2,,TRUE,,GD,No Defect,Not Done,Pass,(None),110_LVL (new),Not Done,Pass,(None),Pass,(None),none,0,12,2012,TRUE,Fail,0,0,-2.658,-0.209,-0.145,-0.232,-0.103,-0.073,-0.028,0.025,-0.007,0,-0.011,-0.057,-0.044,-0.064,-0.066,0.066,-0.047,-2.658,-92.918,-63.43,-49.578,166.18,-0.209,-22.94,-40.547,-27.111,67.848,-0.145,-8.804,0.526,43.893,-0.667,-0.232,-12.444,-66.976,60.521,202.112,-0.103,80.121,-20.296,9.225,25.335,-0.073,27.811,69.185,13.492,-40.936,-0.028,13.684,3.129,8.484,-3.062,0.025,65.108,20.944,20.837,-17.296,-0.007,27.008,-7.791,25.77,8.442,0,48.989,-2.619,-15.325,2.689,-0.011,32.994,5.326,-21.623,-5.067,-0.057,35.566,-15.832,-15.886,18.742,-0.044,68.42,-14.868,-1.675,17.413,-0.064,28.886,-9.875,-23.95,10.886,-0.066,-12.074,7.338,10.324,-6.898,0.066,24.47,-41.186,-86.625,70.139,-0.047,116.953,13.895,-32.705,-12.241
124,4789,45956039_1450,12/13/2023 17:18,24,2,,TRUE,,GD,No Defect,Pass,Pass,(None),300_FW,Not Done,Pass,(None),Pass,(None),none,0,12,2012,TRUE,Pass,0,0,-1.054,inf,-0.556,-0.114,-0.047,-0.061,-0.079,-0.024,-0.081,-0.116,-0.034,0.073,0.062,-0.092,-0.04,-0.015,-0.058,-1.054,-75.128,-6.037,50.874,5.303,inf,inf,inf,#NAME?,inf,-0.556,112.192,-24.32,-67.326,31.401,-0.114,125.235,-33.259,-37.928,49.661,-0.047,39.284,8.887,2.571,-8.205,-0.061,93.928,-16.191,-1.659,19.246,-0.079,154.534,-41.744,-31.423,71.521,-0.024,43.245,-10.486,29.201,11.688,-0.081,79.277,20.405,-1.341,-17.014,-0.116,62.177,24.008,27.294,-19.454,-0.034,89.087,17.7,41.167,-15.068,0.073,145.061,71.404,-229.615,-41.616,0.062,159.61,5.228,-59.233,-4.909,-0.092,77.095,17.989,16.599,-15.325,-0.04,82.603,-2.819,-3.253,2.86,-0.015,96.963,3.951,-8.974,-3.815,-0.058,-84.24,-38.218,-10.022,61.766
125,4794,45161873_1450,10/21/2022 19:10,29,2,,TRUE,,GD,No Defect,Pass,Pass,Green,200_LA (old),Not Done,Pass,Blue,Pass,green,none,,12,2012,TRUE,Fail,0,0,0.084,0.149,0.006,0.932,0.529,0.669,0.032,0.419,0.56,0.459,0.558,0.551,0.239,0.647,0.515,0.55,0.545,0.084,-25.793,-29.483,-31.731,41.928,0.149,13.523,27.722,70.317,-21.588,0.006,193.039,-39.555,77.34,65.449,0.932,1241.196,-21.79,-83.329,29.053,0.529,913.665,-42.764,-196.218,75.638,0.669,784.527,-27.439,-182.623,38.738,0.032,1606.531,51.735,-373.6,-34.075,0.419,275.257,-38.297,-51.055,62.745,0.56,415.637,0.604,-17.727,-0.043,0.459,-3.615,-12.62,-99.079,14.969,0.558,582.134,-14.436,-55.071,17.524,0.551,604.823,1.579,-10.554,-1.012,0.239,61.72,-60.945,-57.223,156.66,0.647,1043.021,-28.826,-118.7,41.41,0.515,-25.127,-20.518,-21.844,26.463,0.55,19.605,10.293,41.281,-8.834,0.545,-28.196,37.075,27.068,-26.649
126,4794,45930697_1450,11/30/2023 15:57,23.1,2,,TRUE,,GD,No Defect,Pass,Pass,(None),400_LA (new),Not Done,Pass,(None),Pass,(None),none,0,12,2012,TRUE,Pass,0,0,1.731,0.425,0.753,-0.26,-0.242,-0.187,-0.093,-0.098,-0.137,-0.139,-0.13,-0.106,0.052,-0.136,-0.125,-0.108,-0.144,1.731,-54.226,-63.325,68.227,177.388,0.425,-43.92,-6.463,-89.299,7.364,0.753,-80.481,111.495,-172.442,-52.362,-0.26,-21.037,9.412,-25.571,-8.84,-0.242,-69.892,30.713,49.318,-23.682,-0.187,-29.739,-28.909,-31.247,40.402,-0.093,-4.52,-14.088,-80.365,16.29,-0.098,-26.466,29.142,-3.474,-22.641,-0.137,-27.053,17.764,17.735,-15.2,-0.139,-18.202,2.502,36.455,-2.577,-0.13,-34.906,2.784,33.565,-2.835,-0.106,-19.574,-8.292,-34.846,8.927,0.052,46.767,123.537,-11.179,-55.242,-0.136,5.799,5.421,-0.594,-5.271,-0.125,42.984,-4.926,-51.11,5.049,-0.108,-30.198,-0.275,-11.206,0.168,-0.144,-7.099,-46.878,-55.062,87.974
127,4795,45493033_1450,4/19/2023 9:27,25.5,2,,TRUE,,GD,No Defect,Pass,Pass,Green,300_FW,Not Done,Pass,Blue,Pass,green,none,,12,2012,TRUE,Fail,0,0,-0.514,0,-0.018,-0.015,0.04,0.082,-0.602,0.031,0.08,0.017,0.03,0.024,0.029,0.009,0.008,0.044,-0.004,-0.514,157.439,-3.515,54.093,3.111,0,217.108,-23.07,1.625,29.988,-0.018,208.279,16.821,41.998,-14.415,-0.015,281.218,-30.328,-35.764,43.508,0.04,250.598,8.56,10.163,-7.848,0.082,219.953,-7.498,5.286,8.194,-0.602,-80.637,-1.706,47.673,1.123,0.031,255.515,27.305,6.664,-21.424,0.08,270.252,19.582,-5.626,-16.308,0.017,274.171,-15.859,-45.011,18.869,0.03,226.131,19.621,30.689,-16.378,0.024,268.509,-0.93,-3.598,0.963,0.029,297.126,0.157,-13.075,-0.128,0.009,293.607,1.401,-7.208,-1.373,0.008,-57.087,-0.156,0.133,0.164,0.044,-44.733,-12.795,-52.768,14.722,-0.004,-60.908,-0.482,0.197,0.48
128,4798,45559317_1450,5/22/2023 21:08,25.1,2,,TRUE,,GD,No Defect,Pass,Pass,Green,400_LA (new),Not Done,Pass,Blue,Pass,green,none,,12,2012,TRUE,Pass,0,0,1.54,0.55,0.664,0.464,0.185,0.177,-0.052,0.109,0.137,0.201,0.184,0.198,0.112,0.17,0.131,0.223,0.126,1.54,53.986,46.445,50.536,-30.663,0.55,89.836,-0.909,43.737,1.472,0.664,24.165,8.826,47.334,-7.5,0.464,2581.644,144.969,-46.957,-58.989,0.185,1996.225,-48.329,-131.637,93.892,0.177,1093.071,24.285,-8.215,-19.397,-0.052,1502.614,-9.96,-110.687,11.004,0.109,1102.137,13.8,-7.816,-12.031,0.137,804.797,16.8,-19.238,-14.266,0.201,43.945,-17.242,-133.254,21.077,0.184,1022.015,19.56,-11.74,-16.206,0.198,2310.982,21.457,-63.445,-17.503,0.112,994.016,2.912,-34.298,-2.721,0.17,3613.435,-42.336,-339.019,73.712,0.131,151.769,10.166,-17.76,-9.109,0.223,125.459,-9.975,16.201,11.328,0.126,115.297,22.745,-11.43,-18.428
129,4800,45545400_1450,5/19/2023 15:53,23.7,2,,TRUE,,GD,No Defect,Pass,Pass,Green,400_LA (new),Not Done,Pass,Blue,Pass,green,none,,12,2012,TRUE,Pass,0,0,0.818,0.389,0.481,0.296,0.021,0.146,0.033,-0.015,0.071,0.102,0.084,0.092,-0.059,0.187,0.076,-0.08,0.07,0.818,115.001,4.631,54.347,-3.644,0.389,114.583,-14.049,-9.554,16.798,0.481,42.215,8.617,13.629,-7.49,0.296,3053.287,226.542,-65.75,-69.285,0.021,1614.4,62.952,-137.647,-38.619,0.146,1180.956,43.068,-133.44,-30.001,0.033,67.624,-11.041,-132.893,12.449,-0.015,802.934,-22.708,-100.727,29.36,0.071,724.66,7.396,-58.979,-6.821,0.102,36.584,-4.883,-50.19,5.24,0.084,1137.488,9.775,-59.758,-8.828,0.092,6982.611,33.192,-126.251,-24.852,-0.059,577.157,4.333,-113.627,-4.21,0.187,4087.916,-37.052,-445.913,59.159,0.076,192.98,-21.346,-127.536,27.235,-0.08,261.614,70.592,43.835,-41.427,0.07,80.216,2.011,-28.322,-1.903
130,4801,45446682_1450,3/24/2023 10:11,25.8,2,,TRUE,,GD,No Defect,Not Done,Pass,Green,300_FW,Not Done,Pass,Blue,Pass,green,none,,12,2012,TRUE,Pass,0,0,2.387,0.532,-0.097,-0.173,-0.011,-0.051,0.03,-0.027,-0.012,-0.162,-0.02,0.038,0.039,-0.081,0.011,0.069,-0.085,2.387,683.631,-0.019,22.131,2.406,0.532,224.943,88.479,-289.095,-46.661,-0.097,161.124,873.069,-535.091,-89.733,-0.173,68.858,19.621,-5.411,-16.547,-0.011,-18.828,-30.867,-27.192,44.632,-0.051,63.081,-13.172,37.09,15.111,0.03,101.731,-2.054,-25.438,2.128,-0.027,-2.346,35.577,28.336,-26.261,-0.012,66.856,1.447,26.816,-1.438,-0.162,59.03,-16.752,-30.371,19.929,-0.02,83.639,-5.706,9.38,6.029,0.038,72.632,18.696,-5.663,-15.719,0.039,80.645,9.951,15.855,-9.015,-0.081,59.279,-1.727,-2.491,1.675,0.011,58.139,-4.471,-19.899,4.692,0.069,139.772,-23.664,-36.059,31.089,-0.085,15.634,-0.89,6.183,0.812
131,4804,45057747_1450,8/25/2022 19:13,30.9,2,,TRUE,,GD,No Defect,Pass,Not Done,Green,200_LA (old),Pass,Pass,Blue,Pass,green,none,,12,2012,TRUE,Fail,0,0,-100,-0.637,0.849,0.574,0.171,0.01,0.622,0.025,0.076,0.257,0.029,0.031,0.047,0.26,0.086,-0.098,0.226,-100,-100,-100,100,-100,-0.637,-14.604,-60.084,47.969,148.932,0.849,16.792,-52.951,65.121,114.35,0.574,343.771,-67.602,-139.149,210.433,0.171,283.033,-52.133,-198.64,109.268,0.01,176.057,0.213,-73.449,-0.202,0.622,70.746,-41.899,-231.753,73.185,0.025,76.538,-1.63,-20.563,1.683,0.076,73.809,8.391,-32.689,-7.671,0.257,-60.734,-18.906,-48.969,23.632,0.029,86.336,-16.163,-49.41,19.314,0.031,115.323,-45.864,48.782,84.778,0.047,23.679,-33.429,-56.725,50.286,0.26,18.13,-51.341,-338.075,106.046,0.086,-59.69,-25.524,-64.045,34.386,-0.098,-54.646,94.095,19.495,-48.529,0.226,-64.712,22.899,34.458,-18.449
132,4809,45617258_1450,6/24/2023 11:39,24.5,2,,TRUE,,GD,No Defect,Pass,Pass,Green,300_FW,Not Done,Pass,Blue,Pass,green,none,,12,2012,TRUE,Pass,0,0,-1.814,0.022,-0.043,0.07,0.154,0.217,0.049,0.189,0.197,0.104,0.151,0.146,0.215,0.185,0.203,0.191,-0.111,-1.814,1017.955,571.027,67.427,-85.368,0.022,129.918,-47.091,-51.461,89.045,-0.043,161.914,-5.689,-8.611,5.987,0.07,159.457,-20.626,-28.141,26.073,0.154,120.988,-7.618,13.126,8.413,0.217,173.329,-15.346,-49.957,18.384,0.049,892.622,63.819,-287.975,-38.927,0.189,164.353,3.394,-20.735,-3.1,0.197,234.951,-8.994,-63.215,10.1,0.104,201.92,-14.739,-48.367,17.409,0.151,185.063,-3.915,-23.134,4.232,0.146,261.23,-2.278,-24.207,2.48,0.215,237.277,7.299,-28.419,-6.602,0.185,278.49,-15.796,-45.784,18.98,0.203,172.106,2.443,-13.511,-2.187,0.191,-62.044,-42.116,18.4,73.088,-0.111,381.261,3.938,30.646,-3.896
133,4814,45685282_1450,8/2/2023 14:59,23.7,2,,TRUE,,GD,No Defect,Not Done,Pass,Green,110_LVL (new),Not Done,Pass,Blue,Pass,green,none,,12,2012,TRUE,Fail,0,0,-3.005,-0.043,-0.127,-0.033,-0.04,-0.092,0.017,-0.025,0.005,-0.014,-0.043,-0.052,-0.051,-0.077,-0.06,-0.064,0.192,-3.005,-24.295,-42.559,65.773,68.859,-0.043,148.532,-32.597,70.585,48.296,-0.127,228.029,-31.636,45.774,46.09,-0.033,421.389,41.03,18.45,-29.117,-0.04,631.107,-18.213,2.725,22.219,-0.092,522.867,-4.071,-10.474,4.148,0.017,255.13,10.258,-25.862,-9.288,-0.025,588.709,18.267,25.346,-15.467,0.005,454.352,6.09,-9.65,-5.736,-0.014,479.127,-1.411,3.753,1.417,-0.043,379.117,-4.928,12.168,5.138,-0.052,337.553,-4.645,30.055,4.817,-0.051,499.517,17.634,7.833,-15.034,-0.077,405.467,-11.742,-21.468,13.217,-0.06,331.152,6.931,10.768,-6.538,-0.064,-61.336,-44.153,41.328,78.947,0.192,-62.006,-33.162,-8.691,49.902
134,4815,46053314_1450,2/6/2024 16:32,26.7,2,,TRUE,,GD,No Defect,Not Done,Pass,(None),300_FW,Not Done,Pass,(None),Pass,(None),none,0,0,0,TRUE,Fail,0,0,inf,0.463,1.825,-0.135,-0.412,0.01,0.02,-1.041,0.057,-0.014,-0.03,-0.033,-0.026,0.062,-0.026,-0.012,-0.07,inf,inf,inf,#NAME?,inf,0.463,-48.534,6.103,-18.451,-5.315,1.825,241.423,119.663,-71.436,-53.645,-0.135,-30.124,-1.958,-31.812,1.859,-0.412,-31.693,208.768,-114.467,-67.747,0.01,45.276,-26.466,-29.699,36.005,0.02,-27.419,-20.471,-1.49,25.765,-1.041,83.481,66.332,50.369,-40.505,0.057,22.114,31.864,-6.819,-24.121,-0.014,100.606,-7.61,-70.259,8.222,-0.03,10.9,-4.41,-37.301,4.582,-0.033,-10.608,-12.927,-15.93,14.809,-0.026,-28.549,8.352,-19.678,-7.732,0.062,36.476,19.52,23.427,-16.28,-0.026,35.149,-21.022,-15.22,26.585,-0.012,-55.491,44.376,38.079,-30.745,-0.07,-4.936,-31.222,-17.976,45.292
135,4816,45194631_1450,11/9/2022 12:44,23,2,,TRUE,,GD,No Defect,Not Done,Pass,Green,100_LVL (old),Not Done,Pass,Blue,Pass,green,none,,12,2012,TRUE,Pass,0,0,0.089,0.05,0.031,0.146,0.026,0.09,0.052,0.034,0.012,0.02,0.028,0.047,0.007,0.047,0.051,0.015,0.006,0.089,-78.038,-21.535,30.805,27.558,0.05,-65.518,4.754,29.77,-4.491,0.031,-50.89,-0.059,16.693,0.09,0.146,-69.054,-58.671,-1.271,142.317,0.026,-74.388,9.504,27.43,-8.655,0.09,-56.059,-27.246,24.257,37.573,0.052,-62.556,-18.961,21.419,23.461,0.034,-77.281,-0.704,56.856,0.743,0.012,-94.468,2.372,56.99,-2.306,0.02,-44.884,7.547,37.073,-6.999,0.028,-66.606,-9.54,19.552,10.577,0.047,-92.361,18.4,57.628,-15.501,0.007,-65.468,82.658,54.96,-45.249,0.047,-62.362,26.014,49.581,-20.606,0.051,-65.184,0.441,28.886,-0.388,0.015,-73.169,12.277,41.537,-10.921,0.006,-65.823,11.709,37.331,-10.476
136,4816,45930693_1450,11/30/2023 17:53,23,2,,TRUE,,GD,No Defect,Pass,Pass,(None),400_LA (new),Not Done,Pass,(None),Pass,(None),none,0,12,2012,TRUE,Pass,0,0,-1.068,0.123,0.686,0.151,0.022,0.104,0.02,0.029,0.147,0.116,0.071,0.088,0.102,0.046,0.04,0.203,0.122,-1.068,142.683,-55.166,0.814,120.661,0.123,194.988,-55.282,47.508,123.9,0.686,859.577,76.744,60.114,-43.033,0.151,3755.627,47.021,-239.637,-31.88,0.022,3409.116,-49.231,-105.98,97.015,0.104,1875.73,-20.1,-332.083,25.286,0.02,1423.806,10.533,-113.077,-9.511,0.029,2938.066,-2.171,-211.88,2.249,0.147,1086.75,4.077,-61.905,-3.776,0.116,87.192,-13.11,-125.904,15.221,0.071,1696.447,-23.333,-71.266,30.527,0.088,9468.507,-4.106,-258.235,4.374,0.102,1875.125,-51.544,-141.026,106.583,0.046,388.11,-56.033,-533.06,127.549,0.04,217.933,-13.881,-86.578,16.165,0.203,280.615,-39.173,-156.82,64.734,0.122,144.758,-9.958,-25.124,11.194
137,4820,45569134_1450,5/31/2023 13:33,23.2,2,,TRUE,,GD,No Defect,Pass,Pass,Green,400_LA (new),Not Done,Pass,Blue,Pass,green,none,,1,2013,TRUE,Fail,0,0,-4.593,-1.204,-0.4,-0.125,-0.023,-0.102,-0.037,-0.018,-0.019,-0.05,-0.007,0,-0.036,-0.042,-0.016,-0.047,-0.091,-4.593,688.115,392.836,71.229,-80.641,-1.204,137.986,232.982,58.916,-70.33,-0.4,105.712,50.198,43.06,-33.687,-0.125,200.718,64.901,26.931,-39.434,-0.023,139.542,-8.932,-26.457,9.784,-0.102,163.154,-18.202,50.633,22.127,-0.037,129.137,37.314,13.733,-27.201,-0.018,116.162,94.73,9.626,-48.656,-0.019,226.04,10.853,3.769,-9.808,-0.05,184.598,-7.989,-23.544,8.629,-0.007,173.558,51.879,59.328,-34.163,0,230.247,99.311,-30.587,-49.827,-0.036,169.912,5.65,5.57,-5.382,-0.042,203.05,-0.306,11.701,0.265,-0.016,196.249,-0.701,2.968,0.689,-0.047,82.742,121.766,60.581,-54.929,-0.091,-65.52,-7.191,-19.811,7.651
138,4822,45800175_1450,10/2/2023 13:24,22.8,2,,TRUE,,GD,No Defect,Not Done,Pass,(None),110_LVL (new),Not Done,Pass,(None),Pass,green,none,0,1,2013,TRUE,Fail,0,0,inf,inf,-1.014,-0.064,-0.066,-0.062,0.02,0.021,0.005,-0.104,-0.012,-0.072,0.03,-0.104,-0.032,-0.056,-0.028,inf,inf,inf,#NAME?,inf,inf,inf,inf,#NAME?,inf,-1.014,180.76,92.794,18.897,-48.657,-0.064,131.823,-21.455,-70.114,27.234,-0.066,89.59,42.928,25.064,-30.081,-0.062,141.625,-8.465,-0.784,9.18,0.02,181.51,40.055,27.178,-28.585,0.021,99.883,11.457,8.399,-10.261,0.005,135.297,14.099,10.702,-12.352,-0.104,119.59,17.253,6.368,-14.803,-0.012,194.264,16.612,10.062,-14.256,-0.072,134.443,90.082,-33.394,-47.429,0.03,189.936,46.052,65.612,-31.511,-0.104,105.051,-6.555,-6.333,6.903,-0.032,84.177,-13.325,-7.517,15.336,-0.056,214.149,-32.928,2.804,49.009,-0.028,-71.063,-30.786,-48.166,44.438
139,4824,45488025_1450,4/20/2023 16:37,24.4,2,,TRUE,,GD,No Defect,Not Done,Pass,Green,110_LVL (new),Not Done,Pass,Blue,Pass,green,none,,1,2013,TRUE,Fail,0,0,0.321,-0.456,0.255,-0.008,-0.302,-0.143,-0.619,-0.305,-0.27,-0.182,-0.172,-0.201,-0.254,-0.096,-0.41,0.02,-0.146,0.321,28.765,-65.151,63.016,187.876,-0.456,196.748,-28.561,86.843,39.341,0.255,359.854,99.893,79.012,-49.845,-0.008,1197.003,136.14,37.967,-57.656,-0.302,379.507,32.06,-18.073,-24.505,-0.143,883.04,-37.255,-249.307,59.146,-0.619,278.433,-34.171,44.554,50.97,-0.305,396.658,25.348,47.563,-20.465,-0.27,355.472,-35.367,51.616,54.3,-0.182,909.921,-18.425,-107.193,22.363,-0.172,419.337,30.142,5.59,-23.293,-0.201,361.406,-11.521,-16.654,12.795,-0.254,281.561,-9.869,-101.828,10.667,-0.096,2159.33,-36.692,-113.517,57.806,-0.41,125.546,20.062,-132.353,-17.051,0.02,40.578,-52.676,-7.799,111.35,-0.146,28.052,11.429,-13.778,-10.387
140,4825,45916404_1450,11/22/2023 13:57,23.1,2,,TRUE,,GD,No Defect,Pass,Pass,(None),400_LA (new),Not Done,Pass,(None),Pass,green,none,0,1,2013,TRUE,Pass,0,0,0.464,-0.205,0.817,-0.105,-0.045,-0.061,-0.264,-0.051,0.087,0.055,0.021,0.001,-0.015,0.006,-0.004,-0.016,-0.014,0.464,2034.122,-35.958,93.745,56.871,-0.205,1436.263,104.218,77.045,-51.133,0.817,27.048,60,-189.919,-36.989,-0.105,-17.008,98.887,-3.129,-49.773,-0.045,-55.709,-21.283,-47.041,26.981,-0.061,-46.851,15.374,51.679,-13.378,-0.264,42.062,23.5,-202.062,-19.242,-0.051,-41.481,19.915,-4.755,-16.65,0.087,-30.104,26.909,-2.255,-21.135,0.055,-25.891,-7.19,12.074,7.807,0.021,-41.604,34.824,53.126,-25.813,0.001,-31.165,3.266,10.564,-3.162,-0.015,-33.822,7.139,-1.956,-6.678,0.006,-13.151,3.176,-4.968,-3.073,-0.004,-2.179,-15.955,-32.7,18.98,-0.016,-68.44,10.948,-27.469,-9.881,-0.014,-34.485,15.388,8.372,-13.348
141,4826,45958222_1450,12/19/2023 17:01,22.8,2,,TRUE,,GD,No Defect,Not Done,Pass,(None),110_LVL (new),Not Done,Pass,(None),Pass,(None),none,0,1,2013,TRUE,Pass,0,0,0.701,-0.025,-0.141,0.105,-0.015,-0.05,-0.038,-0.054,0,0.05,-0.018,-0.024,-0.051,0,-0.06,0.07,-0.014,0.701,-51.405,-64.864,-202.028,186.603,-0.025,-36.452,57.401,18.262,-36.484,-0.141,254.36,24.556,36.135,-19.828,0.105,403.479,5.28,-4.751,-4.916,-0.015,607.206,-10.371,-18.524,11.554,-0.05,509.151,-19.645,-62.91,24.386,-0.038,378.022,3.335,42.628,-3.265,-0.054,590.153,-20.142,-32.936,25.155,0,548.371,-5.957,-17.508,6.334,0.05,490.469,12.422,31.937,-11.005,-0.018,431.954,-5.301,-3.977,5.579,-0.024,357.632,-18.624,-22.269,22.857,-0.051,399.381,4.775,0.96,-4.607,0,508.335,5.689,4.773,-5.383,-0.06,310.175,21.282,33.532,-17.597,0.07,111.972,-58.993,5.477,144.032,-0.014,-12.308,23.891,27.023,-19.295
142,4826,45153273_1450,10/12/2022 17:55,26.9,2,,TRUE,,GD,No Defect,Not Done,Pass,Green,300_FW,Not Done,Pass,Blue,Pass,green,none,,1,2013,TRUE,Pass,0,0,0.599,0.427,0.439,0.081,0.042,0.153,0.104,0.025,0.062,-0.037,0.07,0.073,0.084,0.106,0.105,0.163,0.112,0.599,-28.513,12.993,77.628,-10.969,0.427,1.78,-43.848,10.448,78.848,0.439,4.825,24.501,46.418,-19.327,0.081,87.076,-47.569,-119.278,90.879,0.042,-25.259,-25.992,-124.629,35.176,0.153,12.041,-25.59,-132.803,34.597,0.104,-86.922,12.035,-229.081,-10.65,0.025,-35.602,-4.804,-35.226,5.073,0.062,-91.168,-11.139,-1.847,12.604,-0.037,-87.319,-26.856,-36.21,36.666,0.07,-16.594,-9.848,-7.484,11.002,0.073,6.757,-16.718,2.574,20.162,0.084,-26.473,-17.391,-42.149,21.154,0.106,103.405,-58.362,-427.341,140.417,0.105,-80.298,-19.471,-98.981,24.309,0.163,-63.895,5.383,-30.241,-4.953,0.112,-11.474,-28.969,-128.704,40.942
143,4828,45883213_1450,11/9/2023 11:55,22.9,2,,TRUE,,GD,No Defect,Pass,Pass,(None),110_LVL (new),Not Done,Pass,(None),Pass,green,none,0,1,2013,TRUE,Fail,0,0,0.269,-0.326,-1.228,-0.09,-0.078,-0.154,0.01,-0.067,-0.053,-0.112,-0.056,-0.052,-0.04,-0.123,-0.059,0.061,-0.066,0.269,-10.366,13.97,28.656,-12.022,-0.326,5.848,-8.939,-25.126,9.459,-1.228,180.199,257.514,32.98,-72.373,-0.09,132.171,18.326,-26.997,-15.564,-0.078,64.113,-28.469,0.058,39.691,-0.154,136.373,43.895,18.731,-30.612,0.01,145.489,-6.582,1.016,7.057,-0.067,123.832,9.411,14.957,-8.662,-0.053,138.286,-16.288,8.025,19.393,-0.112,128.153,8.29,-6.652,-7.759,-0.056,163.424,-10.973,2.676,12.263,-0.052,93.577,-4.782,-27.093,4.968,-0.04,120.397,-19.663,7.356,24.427,-0.123,74.837,-5.865,-3.844,6.099,-0.059,48.073,45.904,42.022,-31.502,0.061,103.439,-27.992,-8.23,38.959,-0.066,144.636,-39.337,-62.278,64.736
144,4830,45399877_1450,3/3/2023 17:22,22,2,,TRUE,,GD,No Defect,Not Done,Pass,Green,110_LVL (new),Not Done,Pass,Blue,Pass,green,none,,1,2013,TRUE,Fail,0,0,0.931,0.249,0.403,0.062,-0.082,0.134,0.542,-0.057,-0.031,0.012,0.059,0.049,0.029,0.076,0.045,0.191,0.117,0.931,-36.344,65.97,43.459,-39.187,0.249,527.399,38.06,38.64,-27.387,0.403,374.88,44.314,47.446,-30.428,0.062,966.076,149.311,-45.645,-59.865,-0.082,368.631,2.43,-58.125,-2.453,0.134,744.574,-49.44,-228.65,98.052,0.542,930.034,24.799,-410.587,-19.437,-0.057,512.138,-11.836,-13.019,13.359,-0.031,366.015,2.098,16.362,-2.086,0.012,619.411,-7.295,-32.679,7.882,0.059,431.615,12.806,-72.337,-11.3,0.049,375.403,-8.387,19.914,9.208,0.029,357.526,1.825,-18.476,-1.763,0.076,1514.46,-44.022,-337.175,78.777,0.045,-3.856,-17.739,-28.811,21.619,0.191,38.939,-46.026,-52.484,85.628,0.117,12.694,-18.169,-93.334,22.345
145,4840,45869819_1450,10/27/2023 18:54,28.7,2,,TRUE,,GD,No Defect,Pass,Pass,(None),400_LA (new),Not Done,Pass,(None),Not Done,green,none,0,1,2013,TRUE,Pass,0,0,-1.361,-0.186,0.111,-0.125,-0.03,0.063,0,-0.014,0,0.025,-0.043,0.009,-0.022,-0.014,0.001,0.123,-0.037,-1.361,90.455,-70.875,73.642,238.67,-0.186,162.42,-11.898,28.127,13.293,0.111,211.732,37.838,24.3,-27.37,-0.125,147.329,481.634,-37.035,-82.828,-0.03,119.228,4.079,-16.024,-3.948,0.063,304.012,26.272,6.895,-20.756,0,-21.01,-35.044,17.687,53.951,-0.014,109.465,-25.236,-6.297,33.735,0,138.705,6.441,22.837,-6.051,0.025,256.038,1.377,-4.185,-1.333,-0.043,259.104,75.128,18.838,-42.923,0.009,354.088,-4.218,-109.026,4.413,-0.022,109.474,-7.661,15.531,8.273,-0.014,148.276,17.929,30.877,-15.215,0.001,199.574,1.825,-1.301,-1.792,0.123,846.034,142.953,0.051,-58.789,-0.037,117.908,13.826,2.278,-12.179
146,4842,45948561_1450,12/11/2023 19:51,23.4,2,,TRUE,,GD,No Defect,Pass,Pass,(None),300_FW,Not Done,Pass,(None),Pass,(None),none,0,1,2013,TRUE,Pass,0,0,0.888,-0.176,0.161,-0.169,0.074,0.063,0.009,0.008,0.038,-0.014,0.026,0.023,0.104,-0.082,0.038,-0.124,-0.001,0.888,71.5,166.247,34.392,-62.107,-0.176,-7.106,48.72,-8.933,-32.877,0.161,-15.789,-15.449,23.043,18.462,-0.169,-51.771,57.105,21.494,-36.456,0.074,1.142,43.64,2.078,-30.33,0.063,-30.167,-12.103,-18.723,13.841,0.009,0.947,-5.542,-2.895,5.877,0.008,-7.148,-16.37,-56.08,19.584,0.038,-42.861,3.731,-14.855,-3.56,-0.014,-44.947,2.297,4.243,-2.259,0.026,-34.375,-8.911,-14.154,9.811,0.023,17.815,-14.61,-172.014,17.136,0.104,51.346,10.593,30.863,-9.484,-0.082,-49.089,-9.205,-25.043,10.047,0.038,7.339,-13.516,-55.107,15.671,-0.124,-43.702,35.392,32.189,-26.232,-0.001,-45.687,17.951,20.312,-15.22
147,4843,45459494_1450,4/1/2023 11:54,20.8,2,,TRUE,,GD,No Defect,Pass,Pass,Green,400_LA (new),Not Done,Pass,Blue,Pass,green,none,,1,2013,TRUE,Fail,0,0,-1.727,-1.479,0.148,-0.107,-0.019,-0.063,-0.409,-0.063,-0.052,-0.157,-0.017,0.019,-0.224,-0.112,-0.206,0.005,-0.257,-1.727,-60.997,11.49,-29.941,-11.855,-1.479,-75.415,-50.197,33.048,97.822,0.148,171.909,303.332,-30.002,-75.17,-0.107,147.918,3.066,32.186,-3.078,-0.019,80.657,3.753,40.187,-3.636,-0.063,122.229,6.279,10.419,-5.968,-0.409,-16.592,-16.063,64.206,18.651,-0.063,62.463,-15.684,18.451,18.527,-0.052,170.296,20.014,6.561,-16.72,-0.157,128.877,-17.387,-28.413,20.857,-0.017,178.917,-18.046,-24.587,21.999,0.019,140.081,36.464,-451.806,-26.706,-0.224,81.624,-46.908,-21.258,87.931,-0.112,107.103,7.932,8.266,-7.453,-0.206,513.293,53.936,-301.645,-35.172,0.005,250,-29.265,-3.552,41.38,-0.257,62.923,-15.163,28.815,17.57
148,4886,45651693_1450,7/13/2023 12:20,24.3,2,,TRUE,,UN,(None),Not Done,Not Done,(None),300_FW,Not Done,Pass,Grey,Not Done,neon,,,0,0,FALSE,Fail,0,0,inf,inf,-0.844,-0.331,-0.084,-0.123,0.23,-0.104,-0.042,-0.211,-0.076,-0.07,-0.081,-0.206,-0.113,-0.089,-0.242,inf,inf,inf,#NAME?,inf,inf,inf,inf,#NAME?,inf,-0.844,206.865,227.047,18.381,-69.682,-0.331,114.175,-19.359,-51.313,23.596,-0.084,-7.539,-18.602,30.472,22.749,-0.123,112.873,-35.987,-58.234,56.026,0.23,366.051,13.724,-7.96,-11.866,-0.104,16.372,-21.938,-6.613,27.97,-0.042,71.479,-6.412,-16.931,6.806,-0.211,49.22,4.298,7.132,-4.323,-0.076,84.001,-11.785,5.803,13.273,-0.07,82.501,8.991,4.991,-8.314,-0.081,80.615,-7.334,-1.994,7.828,-0.206,68.915,-3.361,-9.42,3.265,-0.113,46.995,-2.748,-9.561,2.709,-0.089,113.641,118.825,22.986,-54.342,-0.242,22.758,-3.84,-21.124,3.741
149,4907,45655867_1450,7/14/2023 22:04,32.4,2,,TRUE,,UN,(None),Not Done,Not Done,(None),400_LA (new),Not Done,Pass,Grey,Not Done,neon,,,0,0,FALSE,Fail,0,0,-0.582,-0.31,-0.093,0.042,0.111,0.144,0.179,0.06,0.162,0.154,0.11,0.11,0.105,0.135,0.115,0.031,0.621,-0.582,-60.441,-68.894,15.35,219.61,-0.31,-59.12,-45.215,44.552,81.965,-0.093,219.509,77.592,29.918,-43.744,0.042,399.208,51.659,38.906,-34.035,0.111,521.279,18.136,-32.975,-15.258,0.144,514.898,-35.323,-107.425,54.837,0.179,157.822,4.407,-17.149,-4.049,0.06,426.715,-18.739,16.213,23.133,0.162,582.672,-3.07,-14.076,3.335,0.154,463.727,4.137,-36.363,-3.824,0.11,467.477,1.589,-21.132,-1.456,0.11,366.897,-14.714,-1.76,17.381,0.105,444.557,8.128,-28.846,-7.419,0.135,551.65,-9.276,-33.074,10.374,0.115,488.016,-1.744,-9.158,1.893,0.031,-57.576,7.384,23.349,-6.848,0.621,-83.032,-38.002,-53.492,62.297
150,5041,45611531_1450,6/19/2023 20:33,25,2,,TRUE,,GD,No Defect,Pass,Pass,Green,300_FW,Not Done,Pass,Blue,Pass,green,none,,5,2013,TRUE,Pass,0,0,inf,-0.222,-0.402,-0.125,0.051,-0.061,0.025,0.086,0.093,-0.049,0.03,0.056,0.05,-0.059,0.028,0.059,-0.051,inf,inf,inf,#NAME?,inf,-0.222,61.857,18.491,-69.507,-15.793,-0.402,106.621,13.114,-15.141,-11.949,-0.125,100.841,1.267,-23.608,-1.374,0.051,9.439,5.867,25.188,-5.494,-0.061,58.262,10.895,29.618,-9.879,0.025,220.063,13.392,-23.39,-11.789,0.086,38.335,-19.984,-48.21,25.082,0.093,71.196,-13.096,-9.789,15.176,-0.049,67.727,-6.578,-25.921,6.988,0.03,82.159,15.017,22.762,-13.03,0.056,147.87,1.241,-55.638,-1.171,0.05,86.487,-3.51,-30.972,3.689,-0.059,54.554,2.994,9.344,-2.964,0.028,59.824,-1.382,-6.387,1.429,0.059,120.229,61.575,-19.654,-38.073,-0.051,-80.4,-52.771,-211.494,111.625
151,5050,45919569_1450,11/27/2023 13:51,21.8,2,,TRUE,,GD,No Defect,Pass,Pass,(None),400_LA (new),Not Done,Pass,(None),Pass,green,none,0,5,2013,TRUE,Fail,0,0,2.079,0.701,0.723,-0.015,0.02,-0.031,-0.091,0.011,0,0.033,-0.356,0,-0.039,0.018,-0.011,-0.074,0.287,2.079,-59.894,-73.62,4.066,286.948,0.701,-70.402,-16.959,-51.781,21.267,0.723,31.138,125.106,-800.055,-55.255,-0.015,-8.485,359.051,5.158,-78.219,0.02,-42.383,10.923,-59.135,-9.829,-0.031,-33.936,21.352,3.874,-17.62,-0.091,-5.652,-0.577,16.378,0.489,0.011,-25.353,-7.431,-16.546,8.04,0,-30.614,6.409,23.112,-6.023,0.033,-17.082,2.315,6.232,-2.231,-0.356,-75.661,-57.179,62.97,132.702,0,-24.368,8.991,23.071,-8.25,-0.039,-22.709,-6.94,-0.964,7.415,0.018,14.58,-10.5,-25.541,11.752,-0.011,-9.279,-3.959,-10.011,4.111,-0.074,-61.975,56.915,25.861,-36.319,0.287,-47.07,-38.423,12.643,62.863
152,5099,45819324_1450,10/4/2023 19:36,30,2,,TRUE,,GD,No Defect,Pass,Pass,(None),400_LA (new),Not Done,Pass,(None),Pass,green,none,0,7,2013,TRUE,Pass,0,0,-2.11,-0.118,-0.113,0.16,0.078,0.042,0.074,0.057,0.095,0.159,0.034,0.016,0.026,0.078,0.053,0.018,0.022,-2.11,679.521,111.548,-5.069,-53.727,-0.118,-62.906,20.38,14.803,-17.028,-0.113,17.281,18.198,-43.087,-15.492,0.16,23.995,45.57,10.964,-31.194,0.078,93.051,-41.281,-239.007,70.434,0.042,45.902,-13.17,-59.713,15.216,0.074,-38.426,-13.114,4.848,15.179,0.057,73.23,-6.003,-10.868,6.447,0.095,55.819,0.013,-5.884,0.081,0.159,55.57,24.051,-2.31,-19.26,0.034,26.276,-34.413,23.193,52.521,0.016,54.513,-24.288,-49.418,32.1,0.026,33.323,19.005,-1.727,-15.948,0.078,64.08,-1.966,-4.719,2.085,0.053,31.194,3.854,11.761,-3.66,0.018,-11.019,12.196,4.33,-10.854,0.022,28.384,70.06,47.086,-41.184
153,5104,45633891_1450,6/30/2023 18:49,28.8,2,,TRUE,,GD,No Defect,Not Done,Pass,Green,300_FW,Not Done,Pass,Grey,Pass,green,none,,0,0,TRUE,Fail,0,0,-2.874,-0.019,2.493,-0.102,-0.138,-0.069,-0.05,-0.149,-0.028,-0.19,0.021,-0.016,-0.133,-0.029,-0.039,0.066,-0.159,-2.874,236.158,227.637,80.19,-70.355,-0.019,290.714,270.703,-2.201,-73.029,2.493,261.831,11.809,-1234.037,-8.332,-0.102,125.386,34.518,-26.413,-25.736,-0.138,-20.852,-28.657,-17.441,39.974,-0.069,73.491,-14.022,6.683,16.229,-0.05,140.298,4.388,24.296,-4.252,-0.149,-4.249,48.549,26.426,-32.782,-0.028,69.17,-4.635,12.632,4.831,-0.19,50.258,7.94,-7.297,-7.532,0.021,140.886,11.883,-24.648,-10.602,-0.016,68.371,34.574,19.66,-25.704,-0.133,8.003,-10.108,-17.324,11.096,-0.029,68.402,28.691,39.785,-22.317,-0.039,86.077,-4.498,-8.509,4.669,0.066,161.571,-6.35,-22.789,6.851,-0.159,-82.058,-50.861,-61.807,103.181
154,5124,45476983_1450,4/11/2023 14:01,24.7,2,,TRUE,,GD,No Defect,Pass,Pass,Green,300_FW,Not Done,Pass,Blue,Pass,green,none,,8,2013,TRUE,Fail,0,0,-0.886,0.232,0.207,-0.134,0.07,-0.063,-0.46,-0.016,-0.071,-0.168,-0.013,-0.006,-0.048,-0.135,-0.06,0,-0.192,-0.886,64.187,300.836,79.876,-75.273,0.232,200.654,227.42,-21.869,-69.387,0.207,161.829,184.752,-154.243,-64.809,-0.134,79.452,124.83,73.154,-55.582,0.07,46.641,129.114,45.868,-56.323,-0.063,89.833,10.061,18.423,-9.199,-0.46,-9.834,-51.864,88.187,106.79,-0.016,32.769,19.828,5.724,-16.561,-0.071,82.297,-4.71,-9.848,4.868,-0.168,66.079,6.731,-1.464,-6.464,-0.013,148.543,-15.068,-36.678,17.726,-0.006,99.232,55.297,-86.994,-35.611,-0.048,96.829,15.301,-13.466,-13.312,-0.135,67.546,5.094,11.537,-4.976,-0.06,78.504,-3.34,-23.674,3.394,0,159.721,25.21,-70.009,-20.134,-0.192,39.696,-2.249,-39.966,2.105
155,5152,45641314_1450,7/7/2023 15:51,27,2,,TRUE,,GD,No Defect,Pass,Pass,Green,400_LA (new),Not Done,Pass,Blue,Pass,green,none,,8,2013,TRUE,Pass,0,0,-1.153,-0.329,-0.1,-0.001,-0.028,-0.001,0.173,-0.039,0.081,0.014,-0.025,-0.038,-0.022,-0.002,-0.018,-0.038,-0.005,-1.153,-50.694,-57.248,-337.286,131.211,-0.329,258.617,-45.428,60.379,82.64,-0.1,312.605,35.211,7.474,-26.115,-0.001,491.172,-0.405,-64.937,0.405,-0.028,550.919,-8.984,-77.768,9.84,-0.001,400.862,-27.082,-19.866,37.138,0.173,42.477,-36.407,78.383,57.522,-0.039,433.951,40.87,5.03,-29.04,0.081,577.737,10.718,-0.472,-9.607,0.014,446.663,20.28,21.528,-16.849,-0.025,347.495,35.088,0.499,-25.993,-0.038,389.321,-6.763,-37.494,7.213,-0.022,543.077,-5.003,-148.637,5.243,-0.002,554.735,7.087,4.054,-6.62,-0.018,551.446,-0.257,-11.32,0.24,-0.038,287.034,4.172,-87.095,-4.042,-0.005,-34.865,21.307,16.405,-17.568
156,5167,46001841_1450,1/16/2024 15:39,21.8,2,,TRUE,,GD,No Defect,Pass,Pass,(None),110_LVL (new),Not Done,Pass,(None),Pass,(None),none,0,9,2013,TRUE,Fail,0,0,2.614,0.326,-2.232,-0.14,-0.112,-0.062,0.027,-0.09,0.081,-0.023,-0.033,-0.082,-0.056,-0.01,-0.059,-0.042,-0.003,2.614,1746.018,18.894,78.941,-13.693,0.326,1042.638,4.585,-208.872,-4.073,-2.232,205.387,26.773,-145.444,-22.879,-0.14,-36.69,24.22,21.926,-19.611,-0.112,-47.462,-48.851,-207.858,95.289,-0.062,32.897,-9.167,-13.689,10.024,0.027,-34.352,-0.181,-103.34,0.209,-0.09,-24.9,-6.855,-26.544,7.263,0.081,52.456,83.065,18.124,-45.33,-0.023,179.533,-7.341,-10.781,7.898,-0.033,0.085,4.752,-17.411,-4.568,-0.082,-26.885,8.879,57.617,-8.231,-0.056,27.91,-1.982,-35.014,1.965,-0.01,71.948,-9.7,-3.597,10.731,-0.059,58.512,1.407,5.663,-1.445,-0.042,7.012,-1.177,-16.937,1.148,-0.003,110.921,-30.853,-80.078,44.616
157,5252,45810212_1450,9/29/2023 18:00,24.5,2,,TRUE,,GD,No Defect,Pass,Pass,(None),300_FW,Not Done,Pass,(None),Pass,green,none,0,10,2013,TRUE,Pass,0,0,0.307,0.199,0.458,0.132,-0.044,0.083,0.02,-0.1,-0.003,-0.023,0.043,0.011,0.003,0.091,0.045,0.023,0.066,0.307,969.536,216.451,82.309,-68.303,0.199,1121.847,55.091,52.674,-35.393,0.458,769.859,32.913,37.405,-24.418,0.132,2210.183,-47.427,-379.931,90.465,-0.044,870.605,89.04,-72.005,-47.125,0.083,910.879,-37.584,-168.539,60.348,0.02,168.913,-3.963,-101.54,4.148,-0.1,734.016,-28.744,-264.016,40.199,-0.003,-45.141,6.386,-18.606,-6.005,-0.023,-36.264,-15.913,-112.442,18.896,0.043,908.418,3.644,-63.654,-3.474,0.011,589.737,5.898,-14.508,-5.559,0.003,-23.489,-5.562,-36.108,5.894,0.091,201.301,-55.515,-582.87,124.997,0.045,116.964,-30.939,-217.348,44.866,0.023,437.938,247.905,-22.389,-71.25,0.066,-24.148,-9.965,-64.353,11.142
158,5266,45011916_1450,7/28/2022 16:54,26.7,2,,TRUE,,GD,No Defect,Pass,Not Done,Green,200_LA (old),Pass,Pass,Blue,Pass,green,none,,11,2013,TRUE,Fail,0,0,-100,1.978,0.271,1.032,0.556,0.684,0.584,0.618,0.585,0.693,0.65,0.639,0.415,0.697,0.581,0.574,0.536,-100,-100,-100,100,-100,1.978,90.162,-56.95,79.292,136.884,0.271,14.003,-33.669,90.267,51.168,1.032,217.854,-74.05,-56.793,289.329,0.556,48.865,-71.974,-197.134,258.793,0.684,124.788,-30.808,-134.639,45.514,0.584,-75.255,-23.946,-53.056,32.253,0.618,14.975,3.402,-35.504,-2.692,0.585,8.255,-12.63,-3.208,15.126,0.693,-70.455,-22.442,-47.489,29.828,0.65,54.792,-15.085,-66.474,18.53,0.639,52.553,17.251,-20.535,-14.167,0.415,-24.666,-8.809,-33.992,10.115,0.697,-40.875,-23.914,-70.73,32.347,0.581,-75.184,-4.566,2.114,5.393,0.574,-74.503,42.421,-10.172,-29.383,0.536,72.484,33.253,49.735,-24.553
159,5266,45795746_1450,9/28/2023 10:41,22.6,2,,TRUE,,GD,No Defect,Not Done,Pass,(None),110_LVL (new),Not Done,Pass,(None),Pass,green,none,0,11,2013,TRUE,Fail,0,0,inf,-1.218,0.501,-0.177,-0.113,-0.103,-0.036,-0.077,-0.014,-0.163,-0.047,-0.076,-0.032,-0.112,-0.082,0.079,-0.087,inf,inf,inf,#NAME?,inf,-1.218,73.512,42.78,-76.487,-30.816,0.501,177.224,82.67,-206.447,-44.982,-0.177,132.392,205.59,0.541,-67.334,-0.113,95.207,95.445,7.091,-48.892,-0.103,160.971,-5.412,-39.03,5.613,-0.036,212.465,23.652,-0.159,-19.157,-0.077,128.683,-26.651,-31.917,36.228,-0.014,193.378,31.441,16.87,-23.931,-0.163,134.238,-5.731,5.145,5.906,-0.047,126.466,3.526,14.759,-3.451,-0.076,133.081,-5.175,52.091,5.377,-0.032,144.28,3.879,13.586,-3.765,-0.112,84.186,4.887,-2.133,-4.766,-0.082,84.39,6.777,16.579,-6.424,0.079,99.443,-38.92,-32.26,63.849,-0.087,-66.893,-38.37,-105.866,62.116
160,5334,45920249_1450,11/27/2023 13:02,22.1,2,,TRUE,,GD,No Defect,Pass,Pass,(None),300_FW,Not Done,Pass,(None),Pass,green,none,0,1,2014,TRUE,Pass,0,0,-0.42,-0.486,-0.136,-0.064,-0.101,-0.057,-0.031,-0.063,-0.053,0.014,-0.029,-0.065,-0.039,-0.04,-0.033,-0.104,-0.042,-0.42,-10.902,-19.02,-55.638,22.969,-0.486,-33.792,40.793,35.3,-29.319,-0.136,-26.963,-0.552,29.649,0.418,-0.064,-21.262,-49.416,-93.161,97.564,-0.101,-46.842,-52.038,35.414,108.29,-0.057,-41.518,-3.9,15.949,3.999,-0.031,-28.564,-25.089,27.864,33.45,-0.063,-31.571,-21.648,-2.885,27.548,-0.053,-23.711,-7.829,-1.009,8.437,0.014,-8.588,-18.081,-35.221,22.089,-0.029,-33.804,11.271,-26.242,-10.155,-0.065,-50.738,-6.813,-26.337,7.241,-0.039,-18.481,0.682,-1.176,-0.716,-0.04,-5.84,-9.943,-24.942,10.997,-0.033,7.786,-11.154,-40.143,12.518,-0.104,-31.805,-36.848,-77.155,58.183,-0.042,-20.636,-16.01,-50.055,19.012
161,5344,45734551_1450,8/25/2023 17:57,25.3,2,,TRUE,,GD,No Defect,Not Done,Pass,(None),110_LVL (new),Not Done,Pass,Blue,Pass,green,none,,1,2014,TRUE,Pass,0,0,0.425,0.034,-0.131,-0.01,0.011,-0.001,0.026,-0.025,0.057,0.052,-0.046,-0.007,-0.321,-0.037,-0.044,0.005,-0.005,0.425,-10.312,-9.631,40.592,11.128,0.034,277.797,-17.441,69.789,21.166,-0.131,219.346,-11.92,46.116,13.384,-0.01,352.918,-9.555,49.734,10.554,0.011,658.439,-23.672,-33.285,31.029,-0.001,341.341,33.109,22.988,-24.874,0.026,200.321,-4.724,6.821,4.985,-0.025,589.026,-34.792,-1.97,53.317,0.057,439.931,5.543,-10.698,-5.197,0.052,402.814,19.101,27.116,-15.994,-0.046,307.082,27.738,40.626,-21.751,-0.007,334.756,-6.394,-6.381,6.823,-0.321,229.801,-61.124,17.92,156.402,-0.037,445.646,-14.412,-36.632,16.795,-0.044,310.753,13.711,19.956,-12.096,0.005,-54.698,-58.906,23.314,143.356,-0.005,-38.759,37.865,21.151,-27.469
162,5347,45567783_1450,5/30/2023 13:56,24,2,,TRUE,,GD,No Defect,Pass,Pass,Green,400_LA (new),Not Done,Pass,Blue,Pass,green,none,,1,2014,TRUE,Pass,0,0,0.434,-0.025,0.123,-0.099,-0.028,0.04,0.008,0.074,0.021,0.099,-0.013,-0.015,0.122,-0.072,-0.001,-0.049,0.053,0.434,-15.434,-9.644,38.945,11.153,-0.025,486.576,171.999,74.291,-63.244,0.123,244.002,70.703,50.374,-41.347,-0.099,360.357,29.785,11.904,-23.026,-0.028,984.676,31.547,-40.941,-24.003,0.04,567.685,-32.363,-58.795,47.908,0.008,152.904,2.059,10.253,-2.009,0.074,999.511,10.072,-24.615,-9.083,0.021,587.377,13.271,-12.45,-11.698,0.099,499.645,3.098,-2.078,-2.91,-0.013,368.479,-4.91,18.337,5.15,-0.015,432.614,-15.07,-50.911,17.727,0.122,1391.404,15.515,17.162,-13.325,-0.072,507.828,-7.594,-33.909,8.139,-0.001,603.238,0.799,-11.466,-0.793,-0.049,257.692,0.763,-9.968,-0.807,0.053,-14.888,11.53,3.392,-10.291
163,5394,45481222_1450,4/12/2023 16:50,26.2,2,,TRUE,,GD,No Defect,Pass,Pass,Green,300_FW,Not Done,Pass,Blue,Pass,green,none,,12,2014,TRUE,Fail,0,0,0.748,0.665,-1.324,-0.25,0.158,-0.103,-0.067,-0.057,-0.062,-0.231,-0.064,-0.02,-0.031,-0.149,-0.053,-0.029,-0.122,0.748,662.92,231.312,88.468,-69.591,0.665,209.515,68.97,-50.567,-40.424,-1.324,369.875,109.804,-1.834,-52.967,-0.25,65.877,36.337,-19.952,-26.836,0.158,-41.469,-72.929,73.707,269.975,-0.103,50.581,-21.192,-9.789,26.76,-0.067,265.649,21.043,6.76,-17.44,-0.057,22.718,-12.035,-18.704,13.617,-0.062,45.513,3.241,-97.525,-3.199,-0.231,16.76,-3.65,-0.837,3.549,-0.064,60.159,1.438,5.585,-1.481,-0.02,126.812,-8.549,-2.304,9.327,-0.031,46.59,2.449,-17.115,-2.421,-0.149,8.789,13.727,19.828,-12.201,-0.053,48.555,-5.047,-13.858,5.26,-0.029,10.006,59.642,20.983,-37.378,-0.122,-5.067,13.076,-28.799,-11.672
164,5396,45935354_1450,12/6/2023 17:34,22.9,2,,TRUE,,GD,No Defect,Pass,Pass,(None),110_LVL (new),Not Done,Pass,(None),Pass,(None),none,0,2,2014,TRUE,Fail,0,0,-0.301,0.149,0.082,-1.08,-1.194,-0.387,-0.311,-1.199,0.222,-0.202,0.296,-0.199,-0.545,-0.152,-0.16,-0.646,-0.079,-0.301,873.805,140.135,73.678,-58.482,0.149,1308.583,32.257,69.219,-24.276,0.082,673.33,40.333,54.297,-28.682,-1.08,3109.569,128.283,-52.866,-56.668,-1.194,1398.804,-9.784,-73.803,9.522,-0.387,1335.192,-30.339,-145.357,42.997,-0.311,128.103,7.835,-426.548,-7.555,-1.199,852.609,4.304,-100.092,-5.277,0.222,1004.058,-20.595,-132.638,26.216,-0.202,13.415,-22.699,-138.017,29.103,0.296,894.958,-31.679,-19.664,46.8,-0.199,257.706,-21.81,-7.395,27.639,-0.545,601.493,-3.807,-102.654,3.39,-0.152,2570.216,-41.395,-596.645,70.374,-0.16,49.968,-13.895,-61.755,15.952,-0.646,270.417,17.134,-21.418,-15.18,-0.079,34.766,-26.598,-11.129,36.127
165,5408P,45956041_1450,12/13/2023 17:02,24.3,2,,TRUE,,GD,No Defect,Pass,Pass,(None),300_FW,Not Done,Pass,(None),Pass,(None),none,0,5,2013,TRUE,Pass,0,0,-0.002,-0.307,-0.358,-0.201,-0.175,-0.165,-0.174,-0.224,-0.199,-0.195,-0.015,-0.17,-0.215,-0.212,-0.174,-0.232,-0.214,-0.002,-79.13,-0.251,-97.78,0.25,-0.307,-0.82,106.652,8.932,-51.758,-0.358,8.252,-15.394,-12.74,17.772,-0.201,12.138,-45.504,-11.39,83.132,-0.175,17.362,-43.493,-31.529,76.658,-0.165,0.6,6.388,13.875,-6.16,-0.174,8.569,8.364,5.609,-7.88,-0.224,13.537,-4.865,8.388,4.878,-0.199,-55.071,-53.02,30.107,112.435,-0.195,18.355,2.595,7.546,-2.719,-0.015,5.769,-39.7,-74.028,65.812,-0.17,19.37,-4.033,-32.244,4.026,-0.215,6.685,-5.951,-7.34,6.098,-0.212,15.417,6.817,10.116,-6.58,-0.174,24.021,-1.158,-6.669,0.996,-0.232,4.929,-9.423,-42.494,10.147,-0.214,33.172,-0.178,-25.826,-0.035
166,5411,45876559_1450,11/7/2023 14:17,22.5,2,,TRUE,,GD,No Defect,Not Done,Pass,(None),110_LVL (new),Not Done,Pass,(None),Pass,green,none,0,2,2014,TRUE,Pass,0,0,-100,-0.147,1.111,-0.229,-0.058,-0.031,-0.027,-0.029,-0.009,-0.029,-0.018,-0.033,-0.027,-0.05,-0.044,-0.099,-0.033,-100,-100,-100,100,-100,-0.147,-54.112,-54.45,78.395,119.214,1.111,-85.635,-58.326,-59.655,142.625,-0.229,-33.64,-12.029,-24.287,13.414,-0.058,-48.851,-6.846,11.801,7.287,-0.031,-36.915,23.99,19.9,-19.373,-0.027,-7.752,13.276,12.011,-11.744,-0.029,-23.686,-3.522,-15.962,3.621,-0.009,-38.737,7.768,12.354,-7.217,-0.029,-18.892,-20.418,12.355,25.62,-0.018,-41.694,-4.425,20.26,4.611,-0.033,-41.909,-12.005,1.214,13.606,-0.027,-20.547,-1.664,12.559,1.665,-0.05,-21.89,-12.297,-34.433,13.964,-0.044,-51.442,6.104,17.06,-5.794,-0.099,-71.551,-55.776,32.46,125.899,-0.033,-33.165,13.23,4.252,-11.713
167,5428,46060246_1450,2/13/2024 19:05,24.7,2,,TRUE,,GD,No Defect,Pass,Pass,(None),110_LVL (new),Not Done,Pass,(None),Pass,(None),none,0,3,2014,TRUE,Fail,0,0,-2.302,-1.853,-0.866,-0.513,-0.004,-0.031,0.271,0.013,0.05,0.009,0.001,-0.012,0.082,-0.09,-0.005,-0.158,-0.027,-2.302,-9.148,-21.775,-766.926,24.894,-1.853,-99.095,-67.638,-110.938,203.28,-0.866,-95.026,-57.866,-208.689,135.284,-0.513,-75.113,380.203,52.236,-79.282,-0.004,-26.381,37.51,72.567,-27.281,-0.031,-43.269,24.354,64.885,-19.609,0.271,-29.858,40.39,77.244,-28.577,0.013,-4.658,-27.08,-87.627,37.154,0.05,3.512,20.415,-8.491,-16.912,0.009,-30.251,9.149,31.355,-8.374,0.001,-47.083,13.87,8.962,-12.179,-0.012,-82.649,-11.421,67.446,12.88,0.082,82.393,-12.989,-20.619,15.022,-0.09,-63.235,22.374,26.984,-18.357,-0.005,-33.478,-11.729,-38.059,13.282,-0.158,-42.099,51.572,29.282,-34.129,-0.027,-57.009,11.663,2.888,-10.469
168,5431,45993536_1450,1/12/2024 13:25,23.7,2,,TRUE,,GD,(None),Not Done,Not Done,(None),110_LVL (new),Not Done,Pass,(None),Not Done,(None),,,0,0,FALSE,Pass,0,0,0.361,-0.342,-0.095,-0.006,0,-0.051,0.037,0.036,0.052,-0.029,0.009,0.033,0.023,0,-0.01,0.108,0.005,0.361,-45.694,-42.001,-31.505,73.039,-0.342,16.044,23.869,-42.664,-19.545,-0.095,28.888,67.88,-20.177,-40.491,-0.006,-30.352,37.409,4.867,-27.229,0,-46.666,-30.183,-59.913,43.232,-0.051,-31.671,-5.731,-14.76,6.025,0.037,-21.56,-16.996,-31.794,20.521,0.036,-28.048,-20.018,-55.05,25.073,0.052,-40.443,80.202,16.027,-44.478,-0.029,-23.401,-15.249,17.603,17.959,0.009,-33.753,10.873,29.606,-9.798,0.033,-33.548,-5.814,-8.785,6.208,0.023,-23.868,-17.615,-73.943,21.409,0,-14.686,-15.148,-47.941,17.852,-0.01,-53.153,11.615,22.014,-10.415,0.108,54.448,-60.105,5.11,150.931,0.005,-10.087,-44.095,-98.053,78.884
169,5433,45820127_1450,10/5/2023 14:32,24,2,,TRUE,,GD,No Defect,Pass,Pass,(None),300_FW,Not Done,Pass,(None),Pass,green,none,0,3,2014,TRUE,Pass,0,0,0.389,0.124,0.355,0.038,0.02,0.053,0.306,-0.068,0.038,0,0.048,0.013,0.016,0.043,0.041,-0.057,0.051,0.389,108.522,0.089,43.326,0.3,0.124,66.577,13.657,29.929,-11.906,0.355,613.143,34.452,40.577,-25.359,0.038,2156.625,45.264,-291.357,-31.134,0.02,723.608,23.656,-31.922,-19.114,0.053,1087.889,-26.133,-358.076,35.45,0.306,191.708,28.053,-444.125,-21.668,-0.068,611.289,-30.066,-205.552,42.894,0.038,-41.862,-13.415,-38.327,15.537,0,-13.346,-18.185,-114.086,22.227,0.048,923.579,-2.562,-83.228,2.679,0.013,352.706,-3.159,-4.106,3.275,0.016,-31.914,12.117,-6.956,-10.794,0.043,185.723,-56.497,-648.448,129.966,0.041,80.049,-26.428,-144.748,35.978,-0.057,346.163,235.389,-2.172,-70.201,0.051,-8.991,-21.739,-97.684,27.843
170,5437,45681348_1450,7/26/2023 19:34,32.2,2,,TRUE,,GD,No Defect,Pass,Pass,Green,400_LA (new),Not Done,Pass,Blue,Pass,green,none,,3,2014,TRUE,Fail,0,0,inf,-0.924,-2.267,-0.118,-0.034,-0.075,-0.065,-0.148,-0.098,-0.113,-0.045,-0.039,-0.183,-0.189,-0.124,-0.122,-0.247,inf,inf,inf,#NAME?,inf,-0.924,-47.181,-25.485,17.175,32.961,-2.267,50.389,-47.792,58.233,87.201,-0.118,318.363,-5.856,51.925,6.094,-0.034,371.758,7.74,26.791,-7.216,-0.075,215.844,2.635,-8.058,-2.64,-0.065,154.34,-26.519,27.348,36.001,-0.148,171.814,38.102,45.029,-27.697,-0.098,243.274,9.895,3.407,-9.093,-0.113,163.701,21.244,16.227,-17.615,-0.045,243.497,-4.964,-10.171,5.176,-0.039,285.035,24.471,-796.439,-19.691,-0.183,197.67,12.535,3.958,-11.302,-0.189,153.572,30.381,47.076,-23.447,-0.124,190.895,7.648,14.085,-7.22,-0.122,141.213,-0.534,33.574,0.415,-0.247,137.543,39.405,-5.29,-28.444
171,5469,45816636_1450,10/3/2023 18:13,24,2,,TRUE,,GD,No Defect,Pass,Pass,(None),300_FW,Not Done,Pass,(None),Pass,green,none,0,4,2014,TRUE,Pass,0,0,-2.515,-0.232,0.767,0.133,-0.135,0.064,0.01,-0.052,0.055,0.038,0.093,-0.003,-0.058,0.081,0.011,-0.08,0,-2.515,80.54,-54.732,70.331,115.35,-0.232,461.932,-24.178,92.945,31.582,0.767,449.922,240.635,93.737,-70.418,0.133,2567.073,-4.581,-50.408,4.941,-0.135,1294.937,80.125,-98.154,-44.558,0.064,1111.945,-25.066,-191.235,33.537,0.01,128.516,9.244,-41.779,-8.453,-0.052,494.425,-29.222,-180.932,41.214,0.055,545.089,13.443,-53.782,-11.802,0.038,-15.656,-9.407,-65.797,10.426,0.093,1124.616,-41.736,-121.712,71.791,-0.003,464.102,2.672,23.675,-2.605,-0.058,476.294,-6.224,-111.255,6.575,0.081,255.521,-54.98,-458.641,122.302,0.011,82.672,-18.818,-94.948,23.194,-0.08,272.721,175.805,18.76,-63.772,0,-17.099,13.085,-10.322,-11.572
172,5470,45751642_1450,8/30/2023 15:40,33,2,,TRUE,,GD,No Defect,Pass,Pass,(None),400_LA (new),Not Done,Pass,Blue,Pass,green,none,,4,2014,TRUE,Pass,0,0,0.733,-0.604,-0.2,-0.017,-0.065,-0.001,0.001,-0.102,0,0.075,-0.051,-0.071,-0.05,-0.005,-0.039,-0.101,-0.03,0.733,-38.445,-9.072,50.101,10.784,-0.604,66.852,31.711,32.265,-24.535,-0.2,348.085,107.808,64.238,-51.975,-0.017,582.398,-30.111,-17.43,43.06,-0.065,961.515,12.036,-103.185,-10.8,-0.001,604.354,12.33,6.045,-10.977,0.001,221.637,-6.366,-4.974,6.8,-0.102,530.56,-9.981,27.388,10.974,0,642.38,5.677,-7.217,-5.372,0.075,567.199,6.289,-18.579,-5.846,-0.051,566.484,-18.739,-11.879,22.997,-0.071,45.987,-38.929,-49.578,63.628,-0.05,650.333,8.641,-34.806,-8,-0.005,695.97,32.942,32.352,-24.783,-0.039,662.641,1.435,-1.481,-1.453,-0.101,-57.506,22.656,-9.437,-18.553,-0.03,-14.279,19.705,37.752,-16.486
173,5478,45704472_1450,8/14/2023 13:18,28,2,,TRUE,,GD,No Defect,Pass,Pass,Green,400_LA (new),Not Done,Pass,Blue,Pass,green,none,,4,2014,TRUE,Pass,0,0,-2.144,-0.346,1.164,0.295,-0.008,0.135,-0.007,-0.104,0.029,0.072,-0.008,-0.024,-0.069,0.172,0.013,-0.121,0.081,-2.144,275.167,-51.098,61.689,100.105,-0.346,1232.091,9.445,87.242,-8.946,1.164,494.626,114.242,89.703,-52.78,0.295,5297.562,147.478,-256.436,-59.473,-0.008,2636.693,-8.035,-75.157,8.729,0.135,2007.493,-36.005,-220.564,56.474,-0.007,1476.089,79.937,-42.362,-44.429,-0.104,1376.881,-15.789,-125.68,18.625,0.029,996.409,6.009,-85.732,-5.642,0.072,88.273,-12.11,-137.517,13.86,-0.008,1236.093,-2.547,-6.468,2.605,-0.024,823.205,3.163,-38.346,-3.089,-0.069,814.901,-16.962,-185.439,20.344,0.172,5114.765,-40.936,-365.414,69.599,0.013,289.402,-27.268,-140.774,37.509,-0.121,526.693,118.83,-2.681,-54.358,0.081,81.234,14.94,22.794,-12.928
174,5482,45397471_1450,2/24/2023 18:51,21,2,,TRUE,,GD,No Defect,Pass,Pass,Green,200_LA (old),Not Done,Pass,Blue,Pass,green,none,,4,2014,TRUE,Pass,0,0,-100,-0.521,1.042,0.072,0.202,-0.031,0.02,0.009,-0.038,-0.043,-0.004,0.01,-0.036,-0.044,0.011,-0.069,-0.033,-100,-100,-100,100,-100,-0.521,37.655,107.337,70.301,-52.021,1.042,35.792,-49.275,55.841,99.197,0.072,481.788,4.021,49.57,-3.796,0.202,428.161,7.758,63.35,-7.012,-0.031,183.61,14.268,30.24,-12.514,0.02,212.117,45.039,58.104,-31.039,0.009,545.701,31.83,0.749,-24.138,-0.038,230.547,-28.2,-130.64,39.224,-0.043,95.8,1.637,-9.906,-1.653,-0.004,230.887,14.542,42.16,-12.699,0.01,378.031,20.981,10.089,-17.334,-0.036,246.545,15.753,7.431,-13.64,-0.044,228.981,-8.577,-27.303,9.334,0.011,226.32,6.87,11.009,-6.418,-0.069,8.981,-26.568,-30.933,36.088,-0.033,-66.673,36.423,30.227,-26.723
175,5482,46033301_1450,1/27/2024 12:43,22,2,,TRUE,,GD,No Defect,Pass,Pass,(None),400_LA (new),Not Done,Pass,(None),Pass,(None),none,0,4,2014,TRUE,Fail,0,0,inf,0.374,-1.302,-0.144,-0.273,0.04,0.002,-0.035,0.045,0.064,-0.031,-0.038,-0.01,0.042,-0.023,-0.021,0.01,inf,inf,inf,#NAME?,inf,0.374,187.632,38.792,-257.768,-27.68,-1.302,121.336,135.214,-107.187,-58.039,-0.144,-24.26,-2.552,-35.95,2.47,-0.273,-26.17,129.916,-21.357,-56.625,0.04,44.514,-22.342,-69.414,28.822,0.002,-8.344,-43.712,-158.062,77.663,-0.035,-20.962,13.003,29.697,-11.538,0.045,49.241,82.377,40.964,-45.144,0.064,160.808,-11.42,-0.378,12.963,-0.031,5.386,23.149,22.535,-18.823,-0.038,-6.109,-21.572,-22.423,27.457,-0.01,55.191,-11.778,-21.802,13.339,0.042,80.296,11.515,21.961,-10.288,-0.023,95.545,-14.536,-44.865,16.982,-0.021,-52.06,56.521,46.771,-36.124,0.01,70.07,-3.876,-5.485,4.043
176,5485,46007135_1450,1/17/2024 16:04,21.4,2,,TRUE,,GD,(None),Not Done,Not Done,(None),400_LA (new),Not Done,Pass,(None),Not Done,(None),,,0,0,FALSE,Fail,0,0,inf,-0.1,1.45,-0.126,-0.136,-0.002,-0.001,-0.063,0.038,0.005,-0.021,-0.014,-0.039,0.008,-0.01,-0.049,-0.057,inf,inf,inf,#NAME?,inf,-0.1,-56.021,273.458,-121.549,-73.25,1.45,208.495,-24.467,-1083.814,34.312,-0.126,-10.09,-27.301,-13.562,37.379,-0.136,-38.417,-41.953,-44.613,72.04,-0.002,-26.829,33.045,2.695,-24.839,-0.001,-19.951,-12.544,-32.87,14.342,-0.063,-24.211,-0.486,19.192,0.425,0.038,1.405,-7.623,-7.536,8.294,0.005,-0.756,-13.863,-7.686,16.101,-0.021,-16.91,-20.064,-16.632,25.073,-0.014,3.814,-0.734,-99.161,0.725,-0.039,2.964,-4.259,-19.77,4.408,0.008,11.272,18.993,17.282,-15.954,-0.01,61.011,-11.081,-36.957,12.451,-0.049,15.841,23.012,45.387,-18.747,-0.057,6.797,-16.438,13.021,19.603
177,5487,45925438_1450,11/28/2023 17:25,23.7,2,,TRUE,,GD,No Defect,Pass,Pass,(None),300_FW,Not Done,Pass,(None),Pass,(None),none,0,4,2014,TRUE,Pass,0,0,1.656,0.626,0.504,-0.039,0.028,0.051,0.034,0.011,0.024,-0.014,0.035,0.038,0.036,0.007,0.028,-0.004,-0.02,1.656,-70.051,125.035,67.779,-54.826,0.626,-76.585,-21.853,-82.46,28.765,0.504,3.142,91.396,-72.006,-47.489,-0.039,-15.18,-26.565,-122.111,36.121,0.028,-56.037,-30.778,16.18,44.503,0.051,-53.774,56.835,64.514,-36.207,0.034,18.319,14.834,19.308,-12.888,0.011,-54.241,64.86,53.542,-39.336,0.024,-50.274,15.378,26.795,-13.308,-0.014,-29.231,-14.628,16.838,17.118,0.035,-27.721,-20.659,-44.198,26.082,0.038,-22.698,-3.726,-9.346,3.909,0.036,-37.508,-3.454,-8.779,3.615,0.007,-16.221,-22.231,-62.892,28.595,0.028,-38.888,-3.726,-8.799,3.899,-0.004,76.11,-26.909,30.231,36.812,-0.02,-45.551,-20.055,-33.452,25.061
178,5501,45747278_1450,9/5/2023 10:43,23.1,2,,TRUE,,GD,No Defect,Not Done,Pass,(None),110_LVL (new),Not Done,Pass,Blue,Pass,green,none,,4,2014,TRUE,Pass,0,0,0.937,0.084,-0.719,-0.027,-0.007,-0.01,0.055,-0.086,0.019,-0.064,0.024,0.009,-0.025,-0.125,-0.038,0.007,-0.072,0.937,-51.015,110.22,85.013,-51.985,0.084,114.304,241.113,-126.161,-70.66,-0.719,206.867,45.283,-55.218,-31.664,-0.027,137.734,1.003,-32.659,-1.02,-0.007,87.577,5.843,20.563,-5.527,-0.01,166.041,-21.273,11.08,27.009,0.055,175.649,13.192,-5.068,-11.605,-0.086,139.416,-14.168,-6.028,16.406,0.019,154.33,1.22,-1.732,-1.186,-0.064,108.827,0.717,10.186,-0.775,0.024,197.272,-11.108,-56.474,12.523,0.009,-46.13,21.254,59.385,-17.521,-0.025,131.137,-11.297,-1.371,12.708,-0.125,61.432,-1.262,7.706,1.152,-0.038,48.434,14.594,13.255,-12.768,0.007,204.861,123.844,71.307,-55.323,-0.072,-69.293,-20.477,-75.686,25.66
179,5520,45919507_1450,11/27/2023 14:07,21.6,2,,TRUE,,GD,No Defect,Pass,Pass,(None),400_LA (new),Not Done,Pass,(None),Pass,green,none,0,4,2014,TRUE,Pass,0,0,1.005,0.249,0.325,0.255,0.026,0.014,-0.002,0.023,0.038,0.047,0.067,-0.018,0.031,-0.01,0,0.112,0.056,1.005,57.754,93.493,41.556,-47.799,0.249,1111.028,31.519,32.124,-23.776,0.325,640.458,16.676,-6.149,-14.014,0.255,2295.401,-30.284,-199.561,43.804,0.026,1752.753,-15.3,-46.189,18.095,0.014,1195.178,-59.267,-391.811,145.531,-0.002,648.086,-2.049,-69.291,2.09,0.023,1054.943,2.62,-57.959,-2.53,0.038,571.2,5.518,-8.452,-5.193,0.047,8.885,-8.979,-41.25,9.916,0.067,1295.731,-14.132,-140.266,16.536,-0.018,4808.662,6.041,-98.946,-5.714,0.031,790.87,37.21,8.604,-27.097,-0.01,1342.731,-21.482,-186.766,27.347,0,-8.095,20.274,32.846,-16.856,0.112,53.114,2.98,20.814,-2.785,0.056,26.093,34.482,37.781,-25.599
180,5552,45844396_1450,10/17/2023 17:52,25,2,,TRUE,,GD,No Defect,Pass,Pass,(None),300_FW,Pass,Pass,(None),Pass,green,none,0,0,0,TRUE,Pass,0,0,0.737,0.126,0.211,-0.295,-0.401,-0.266,-0.278,-0.388,-0.271,-0.272,-0.169,-0.214,-0.319,-0.222,-0.231,-0.106,-0.219,0.737,226.763,42.08,78.501,-29.098,0.126,431.806,-10.716,38.729,12.143,0.211,313.184,18.705,53.407,-15.579,-0.295,673.162,49.799,-22.683,-33.44,-0.401,159.329,-23.089,-2.366,29.499,-0.266,462.16,-22.852,-72.322,29.276,-0.278,709.314,8.933,-72.841,-8.456,-0.388,203.919,-37.79,-122.702,60.122,-0.271,167.427,7.274,-18.036,-7.034,-0.272,261.507,-13.752,-113.582,15.63,-0.169,271.057,-25.19,-96.166,33.446,-0.214,476.175,-4.377,-22.931,4.354,-0.319,167.829,-2.699,-79.934,2.446,-0.222,1194.093,-46.629,-334.531,86.951,-0.231,19.412,-16.646,-89.148,19.693,-0.106,65.273,-5.776,-47.676,6.018,-0.219,-74.907,-5.68,-48.534,5.79
181,5555,45888695_1450,11/14/2023 12:52,22.1,2,,TRUE,,GD,No Defect,Pass,Pass,(None),110_LVL (new),Not Done,Pass,(None),Pass,green,none,0,5,2014,TRUE,Pass,0,0,0.866,0.363,0.318,0.121,-0.053,0.149,0.012,-0.054,0.057,0.026,0.005,-0.043,-0.051,0.03,-0.017,0.144,0.047,0.866,874.88,46.627,72.155,-31.21,0.363,1029.944,0.98,54.98,-0.611,0.318,557.894,69.526,73.512,-40.825,0.121,2103.882,167.253,9.486,-62.537,-0.053,1123.071,-36.93,-171.656,58.471,0.149,1304.423,-5.124,-175.013,5.558,0.012,2948.208,26.431,-130.352,-20.895,-0.054,921.758,-13.224,-83.695,15.176,0.057,727.328,-10.891,-88.35,12.286,0.026,29.683,-8.199,-80.98,8.96,0.005,1117.764,0.337,-32.106,-0.331,-0.043,121.766,-0.462,49.369,0.421,-0.051,550.332,28.819,-24.5,-22.411,0.03,2218.985,-40.109,-384.69,67.019,-0.017,37.288,8.32,6.734,-7.697,0.144,190.991,-9.52,-30.678,10.681,0.047,71.486,-25.415,-35.193,34.138
182,5572,45805991_1450,10/3/2023 9:32,23.1,2,,TRUE,,GD,No Defect,Not Done,Pass,(None),110_LVL (new),Not Done,Pass,(None),Pass,green,none,0,5,2014,TRUE,Pass,0,0,1.266,-0.273,-0.425,-0.01,-0.012,-0.101,0.052,0.032,0.024,0.038,-0.067,-0.038,0.167,-0.092,-0.073,0.178,-0.048,1.266,112.547,-35.481,60.8,56.957,-0.273,147.47,-19.277,-22.478,23.543,-0.425,177.554,-38.68,36.985,62.387,-0.01,323.391,22.124,22.757,-18.124,-0.012,427.873,10.914,-9.048,-9.851,-0.101,445.729,-31.454,-89.979,45.739,0.052,173.399,-24.778,-31.739,33.008,0.032,493.554,-9.837,11.15,10.946,0.024,404.546,-19.164,-6.053,23.736,0.038,442.737,4.545,-21.945,-4.311,-0.067,257.803,21.081,37.391,-17.466,-0.038,243.51,-2.235,36.418,2.248,0.167,533.946,90.912,6.28,-47.532,-0.092,291.438,2.865,8.31,-2.875,-0.073,181.381,25.774,44.428,-20.55,0.178,14.833,-58.118,-170.159,139.192,-0.048,-41.402,-6.357,26.585,6.737
183,5586,45828808_1450,10/11/2023 14:03,26.8,2,,TRUE,,GD,No Defect,Pass,Pass,(None),400_LA (new),Not Done,Pass,(None),Pass,green,none,0,5,2014,TRUE,Pass,0,0,inf,-0.314,-0.465,-0.093,0.066,-0.062,0.005,0.018,-0.026,-0.066,-0.038,-0.01,-0.035,-0.079,-0.036,-0.441,-0.09,inf,inf,inf,#NAME?,inf,-0.314,-60.436,11.672,-51.552,-10.734,-0.465,168.906,-53.869,-113.584,115.766,-0.093,272.224,-17.22,-11.876,20.689,0.066,257.647,115.682,-316.22,-53.605,-0.062,238.71,-13.302,-35.641,15.272,0.005,165.241,12.434,-13.244,-11.055,0.018,203.364,-24.953,-18.855,33.273,-0.026,224.375,0.849,21.103,-0.868,-0.066,178.413,7.861,4.313,-7.35,-0.038,248.819,-8.171,-28.087,8.857,-0.01,242.93,51.788,7.646,-34.125,-0.035,256.242,3.117,-3.423,-3.057,-0.079,201.492,22.479,28.427,-18.418,-0.036,174.506,-3.552,-5.22,3.645,-0.441,209.104,54.031,-109.85,-35.365,-0.09,-63.962,-29.135,-70.001,40.987
184,5638,45741362_1450,8/24/2023 19:01,25.3,2,,TRUE,,GD,No Defect,Pass,Pass,(None),300_FW,Not Done,Pass,Blue,Pass,green,none,,6,2014,TRUE,Pass,0,0,1.397,0.05,0.036,0.025,-0.085,0.031,0.019,0.047,0.002,0.013,0,-0.009,0.094,0.017,0.006,-0.088,0.047,1.397,411.751,247.008,63.232,-70.78,0.05,315.894,13.03,7.996,-11.484,0.036,308.134,9.927,30.378,-8.998,0.025,386.791,23.476,10.008,-18.993,-0.085,464.218,-15.604,-23.648,18.388,0.031,428.44,-7.929,11.332,8.645,0.019,344.641,16.571,28.62,-14.199,0.047,375.115,-6.204,-47.313,6.665,0.002,293.672,-4.31,-4.025,4.506,0.013,305.451,14.494,18.047,-12.648,0,301.367,-8.063,-6.55,8.771,-0.009,493.064,-8.554,-31.75,9.345,0.094,353.211,12.379,-21.444,-10.932,0.017,481.154,-18.189,-53.105,22.253,0.006,343.64,0.572,-6.722,-0.563,-0.088,-53.282,-11.07,34.336,12.35,0.047,-51.416,2.013,-3.482,-1.928
185,5657,45895098_1450,11/13/2023 17:07,22.8,2,,TRUE,,UN,(None),Not Done,Not Done,(None),400_LA (new),Not Done,Pass,(None),Not Done,neon,,,0,0,FALSE,Pass,0,0,-0.335,-0.082,0.626,0.117,-0.116,0.043,0.203,-0.117,0.076,0.081,0.075,-0.003,0,0.093,0.039,0.071,0.104,-0.335,70.796,-39.348,27.307,64.323,-0.082,162.929,-51.255,-2.5,104.98,0.626,42.05,47.073,42.471,-31.581,0.117,4306.66,-0.654,-263.218,0.776,-0.116,2212.954,-27.648,-139.351,38.051,0.043,1655.204,-45.386,-187.243,83.182,0.203,27.58,-34.75,-18.169,53.567,-0.117,1847.244,-44.662,-245.248,80.496,0.076,1151.555,-20.399,-99.886,25.722,0.081,62.009,-12.991,-129.265,15.024,0.075,1233.935,28.742,-30.04,-22.267,-0.003,9966.205,-7.992,-272.957,8.682,0,903.025,1.817,-104.363,-1.784,0.093,4406.695,-51.781,-686.609,107.58,0.039,323.487,-31.225,-222.025,45.458,0.071,262.699,-13.876,-61.624,16.195,0.104,98.741,39.138,-7.03,-28.054
186,5677,45933712_1450,12/5/2023 13:22,22.7,2,,TRUE,,GD,No Defect,Pass,Pass,(None),110_LVL (new),Not Done,Pass,(None),Pass,(None),none,0,7,2014,TRUE,Fail,0,0,-0.103,0.151,0.465,0.068,-0.121,0.041,-0.019,-0.095,0,-0.04,0.455,-0.033,0.007,0.068,0.005,-0.035,0.112,-0.103,-41.314,-53.162,74.688,113.283,0.151,490.103,20.926,80.982,-17.179,0.465,489.348,58.435,71.723,-36.589,0.068,1861.387,231.713,-63.88,-69.833,-0.121,1054.087,-10.68,-22.916,11.822,0.041,1148.394,-20.724,-131.715,26.193,-0.019,941.402,-2.615,-17.651,2.666,-0.095,1209.756,-31.544,-178.949,45.94,0,586.592,11.518,-8.22,-10.328,-0.04,43.098,-22.147,-159.874,28.395,0.455,2183.891,209.705,-823.604,-67.564,-0.033,1145.027,-2.435,-76.394,2.462,0.007,693.888,-17.705,-43.677,21.522,0.068,1322.084,-25.228,-184.369,33.83,0.005,26.925,-12.312,-44.627,14.047,-0.035,137.226,-7.971,-7.003,8.623,0.112,61.537,-21.765,-81.09,27.963
187,5678,45999840_1450,1/12/2024 20:22,21.6,2,,TRUE,,GD,No Defect,Pass,Pass,(None),400_LA (new),Not Done,Pass,(None),Pass,(None),none,0,7,2014,TRUE,Pass,0,0,1.117,0.377,0.364,0.312,0.118,0.032,0.013,-0.049,0.019,0.075,0.031,-0.002,-0.053,0.068,0.005,-0.088,0.029,1.117,103.523,-82.074,-240.688,464.095,0.377,1084.468,-44.325,-3.977,80.291,0.364,644.203,58.074,14.552,-36.508,0.312,2504.745,63.877,-281.719,-38.788,0.118,903.994,-41.409,30.1,70.877,0.032,977.262,11.188,-33.681,-10.034,0.013,22.018,11.009,-11.161,-9.906,-0.049,784.107,-20.898,-92.127,26.357,0.019,575.098,-3.471,-45.333,3.616,0.075,7.595,-24.231,-74.288,32.079,0.031,1032.84,8.827,-3.169,-8.083,-0.002,4796.922,-15.033,-122.035,17.69,-0.053,324.524,31.984,-3.46,-24.273,0.068,1617.175,138.596,20.684,-58.06,0.005,8.379,8.083,-0.167,-7.474,-0.088,35.914,221.253,60.582,-68.899,0.029,15.081,50.409,19.582,-33.496
188,5696,45667166_1450,7/19/2023 18:48,25.5,2,,TRUE,,UN,(None),Not Done,Not Done,(None),300_FW,Not Done,Pass,Grey,Not Done,neon,,,0,0,FALSE,Fail,0,0,-1.592,-0.055,0.014,-0.006,-0.476,-0.031,0.062,0.025,0.1,-0.102,-0.025,0.382,0.006,-0.153,0.208,0.105,-0.116,-1.592,-25.392,67.379,64.846,-41.207,-0.055,-9.648,301.267,76.781,-75.093,0.014,-47.13,19.899,78.123,-16.585,-0.006,-43.219,52.817,72.574,-34.566,-0.476,20.788,-39.216,78.139,63.735,-0.031,41.597,6.185,5.895,-5.854,0.062,21.733,78.532,38.771,-43.953,0.025,-11.977,-5.044,37.4,5.338,0.1,-78.808,42.46,71.516,-29.735,-0.102,-9.426,-13.48,44.022,15.462,-0.025,12.146,-13.321,55.024,15.34,0.382,-82.609,32.952,63.32,-24.498,0.006,179.697,-17.711,-87.185,21.53,-0.153,48.363,-10.556,-25.965,11.631,0.208,-64,69.346,75.774,-40.826,0.105,43.274,19.797,13.43,-16.437,-0.116,-84.637,-58.561,-197.344,141.04
189,5719,45760444_1450,9/12/2023 17:37,22.7,2,,TRUE,,GD,No Defect,Not Done,Pass,(None),110_LVL (new),Not Done,Pass,(None),Pass,green,none,0,7,2014,TRUE,Pass,0,0,0.015,-0.048,-0.291,0,-0.062,-0.095,-0.041,-0.059,-0.038,-0.026,-0.061,-0.086,-0.056,-0.099,-0.071,-0.012,-0.072,0.015,176.643,-22.77,-7.366,29.504,-0.048,224.316,-0.648,6.598,0.604,-0.291,254.501,-2.626,0.691,2.398,0,367.647,10.075,-36.278,-9.153,-0.062,447.106,34.299,-12.273,-25.586,-0.095,319.098,-7.322,2.655,7.798,-0.041,210.963,6.756,8.778,-6.366,-0.059,432.788,87.849,42.697,-46.797,-0.038,458.186,-5.16,-24.332,5.401,-0.026,455.581,-0.084,-29.529,0.058,-0.061,312.331,0.648,17.553,-0.705,-0.086,283.908,-12.145,-20.955,13.726,-0.056,443.033,22.359,13.384,-18.319,-0.099,313.611,-1.154,-4.605,1.067,-0.071,239.86,121.013,43.444,-54.786,-0.012,-74.006,-30.738,-54.175,44.362,-0.072,-39.8,0.77,-16.265,-0.836
190,5737,45534496_1450,5/11/2023 15:48,25.3,2,,TRUE,,GD,No Defect,Pass,Pass,Green,300_FW,Not Done,Pass,Blue,Pass,green,none,,8,2014,TRUE,Pass,0,0,inf,-0.133,-0.432,-0.181,0.024,-0.03,0.015,0.011,0.019,-0.136,0.018,0.02,0.014,-0.082,0.013,0.036,-0.075,inf,inf,inf,#NAME?,inf,-0.133,61.874,62.371,15.812,-38.495,-0.432,98.875,11.488,16.71,-10.692,-0.181,65.967,5.936,51.172,-5.774,0.024,15.76,23.539,38.513,-19.034,-0.03,77.009,17.018,30.345,-14.569,0.015,183.208,2.054,5.306,-1.997,0.011,26.411,7.547,11.412,-7.008,0.019,60.501,-18.817,-31.595,23.202,-0.136,45.473,-9.262,-3.075,10.058,0.018,99.333,-15.058,-46.534,17.748,0.02,110.707,14.503,-38.849,-12.648,0.014,64.879,2.253,17.104,-2.19,-0.082,56.14,-4.659,-4.565,4.801,0.013,37.546,-1.611,-1.542,1.65,0.036,99.443,2.249,1.224,-2.164,-0.075,-85.801,-22.012,-67.896,28.128
191,5810,45712186_1450,8/12/2023 12:22,27.1,2,,TRUE,,GD,No Defect,Pass,Pass,Green,400_LA (new),Not Done,Pass,Blue,Pass,green,none,,9,2014,TRUE,Pass,0,0,-0.896,0.353,0.045,0.015,0.03,0,0.005,-0.052,0.005,0.107,-0.005,0,-0.026,0.035,-0.006,-0.096,-0.011,-0.896,-34.875,-75.665,-45.76,307.252,0.353,-32.083,-49.872,29.313,100.193,0.045,242.141,108.758,71.498,-52.076,0.015,531.286,55.453,42.956,-35.662,0.03,733.544,-21.823,-44.191,27.953,0,468.409,-0.063,5.447,0.063,0.005,195.566,-4.486,20.811,4.702,-0.052,592.112,-8.017,-5.894,8.659,0.005,609.632,-8.291,-1.504,9.046,0.107,485.52,16.484,3.754,-14.059,-0.005,450.558,4.566,-23,-4.371,0,523.485,-4.635,-31.74,4.861,-0.026,510.729,-0.623,-4.738,0.601,0.035,573.039,3.247,2.724,-3.11,-0.006,505.997,1.713,2.515,-1.691,-0.096,123.096,127.55,-28.638,-56.096,-0.011,-37.027,8.741,34.327,-8.048
192,5812,46023688_1450,1/30/2024 10:25,21.2,2,,TRUE,,GD,No Defect,Pass,Pass,(None),110_LVL (new),Not Done,Pass,(None),Pass,(None),none,0,9,2014,TRUE,Pass,0,0,-0.252,-0.166,-0.275,-0.089,-0.129,-0.051,-0.003,-0.072,-0.043,-0.073,-0.136,-0.093,-0.049,-0.072,-0.085,-0.023,-0.037,-0.252,202.896,-42.407,20.321,73.196,-0.166,217.873,5.355,33.125,-5.24,-0.275,198.677,2.284,35.607,-2.502,-0.089,378.234,70.189,16.634,-41.294,-0.129,462.482,45.72,25.777,-31.463,-0.051,469.183,19.113,14.079,-16.089,-0.003,160.826,4.487,2.912,-4.297,-0.072,639.649,1.603,-21.079,-1.648,-0.043,419.066,-9.29,-0.022,10.194,-0.073,377.222,10.187,10.68,-9.312,-0.136,296.275,122.444,30.733,-55.106,-0.093,319.667,-8.992,34.988,9.777,-0.049,541.888,2.567,5.517,-2.551,-0.072,365.645,8.23,-0.389,-7.671,-0.085,264.284,22.003,35.956,-18.105,-0.023,-62.253,-67.787,26.675,210.363,-0.037,-33.519,17.389,24.314,-14.845
193,5836,45817128_1450,10/3/2023 21:42,28.8,2,,TRUE,,GD,No Defect,Pass,Pass,(None),400_LA (new),Not Done,Pass,(None),Pass,green,none,0,10,2014,TRUE,Pass,0,0,0.022,0.02,-0.151,0.1,0.055,0.164,0.155,0.124,0.143,0.177,0.004,0.131,0.065,0.125,0.094,0.067,0.071,0.022,-36.933,-81.739,-8.73,447.745,0.02,-34.328,-46.879,-60.291,88.285,-0.151,-47.451,11.891,-6.55,-10.762,0.1,438.651,-17.924,-0.372,21.961,0.055,406.029,-19.239,8.303,23.89,0.164,415.68,-7.785,-8.277,8.62,0.155,124.605,-0.743,9.888,0.905,0.124,534.042,7,-38.905,-6.426,0.143,517.757,-5.726,-9.971,6.225,0.177,467.323,10.382,-0.296,-9.245,0.004,278.534,6.024,78.978,-5.678,0.131,550.229,-20.892,-83.47,26.576,0.065,509.551,22.663,1.433,-18.423,0.125,636.68,5.687,-5.843,-5.263,0.094,450.165,34.368,14.98,-25.508,0.067,-57.751,41.175,23.292,-29.118,0.071,-37.661,17.72,36.315,-14.993
194,5838,45889657_1450,11/8/2023 14:19,23.9,2,,TRUE,,GD,No Defect,Pass,Pass,(None),400_LA (new),Not Done,Pass,(None),Pass,green,none,0,10,2014,TRUE,Pass,0,0,0.542,0.662,0.733,-0.062,0.022,0.021,0.06,0.07,0.086,0.12,0.066,0.056,0.056,0.113,0.065,-0.11,0.045,0.542,-14.821,0.977,38.005,-0.431,0.662,43.981,136.862,49.567,-57.502,0.733,-60.944,2.558,60.404,-1.779,-0.062,10.735,53.016,11.242,-34.688,0.022,-26.013,-33.395,-4.045,50.172,0.021,-3.843,-39.245,-66.736,64.631,0.06,-5.177,-2.866,-27.912,3.013,0.07,-1.349,-25.563,-38.107,34.437,0.086,-13.314,13.058,14.189,-11.474,0.12,-6.639,0.122,15.582,-0.003,0.066,-33.566,16.469,49.322,-14.084,0.056,-5.233,-7.764,4.857,8.478,0.056,5.499,-10.086,-27.348,11.281,0.113,49.772,-10.168,-32.561,11.445,0.065,24.693,-9.34,-28.355,10.374,-0.11,-72.059,66.155,35.368,-39.881,0.045,0.693,20.507,5.344,-16.98
195,5855,45515497_1450,5/2/2023 12:48,25.4,2,,TRUE,,GD,No Defect,Pass,Pass,Green,300_FW,Not Done,Pass,Blue,Pass,green,none,,10,2014,TRUE,Fail,0,0,inf,-0.104,-0.241,-0.101,-0.046,0.04,-0.482,0.047,0.024,-0.023,-0.004,0.014,-0.22,-0.022,0.005,0.021,0.001,inf,inf,inf,#NAME?,inf,-0.104,138.433,-42.72,-69.206,74.401,-0.241,196.3,-2.942,-11.09,2.784,-0.101,174.58,36.428,7.355,-26.775,-0.046,163.696,8.602,27.954,-7.963,0.04,147.596,16.286,29.455,-13.971,-0.482,-17.161,-0.875,8.85,0.396,0.047,184.668,17.466,-8.401,-14.829,0.024,191.244,-9.158,3.82,10.108,-0.023,168.244,-3.305,2.668,3.394,-0.004,136.747,25.055,17.618,-20.038,0.014,254.158,-8.33,-16.407,9.102,-0.22,108.364,-26.997,-30.631,36.679,-0.022,202.815,-7.259,-9.336,7.804,0.005,181.113,3.276,-0.567,-3.167,0.021,-58.751,-1.059,-24.049,1.092,0.001,-75.033,27.496,40.546,-21.566
196,5862,45925143_1450,11/28/2023 14:56,21.8,2,,TRUE,,UN,No Defect,Pass,Pass,(None),400_LA (new),Not Done,Pass,(None),Pass,neon,none,0,10,2014,TRUE,Pass,0,0,0.06,-0.201,-0.242,0.04,-0.073,-0.051,-0.022,-0.04,0.09,0.009,0.018,-0.047,-0.059,0.022,-0.038,-0.078,-0.019,0.06,76.425,-43.106,-233.793,75.87,-0.201,29.818,-17.072,-9.69,20.343,-0.242,-81.663,-21.246,-100.05,26.671,0.04,46.645,-29.673,-47.997,42.251,-0.073,31.685,-28.513,-17.696,39.785,-0.051,26.64,-26.822,-33.939,36.583,-0.022,-12.188,-7.055,-4.947,7.566,-0.04,44.845,15.368,21.702,-13.355,0.09,52.213,-7.192,16.905,7.846,0.009,43.952,-8.283,-3.505,9.041,0.018,65.043,2.92,-35.922,-2.82,-0.047,21.885,-9.033,-21.145,9.879,-0.059,33.702,5.04,3.049,-4.854,0.022,68.088,-3.709,1.692,3.874,-0.038,37.586,10.897,18.062,-9.86,-0.078,367.983,0.057,17.965,-0.135,-0.019,105.085,-8.545,-5.582,9.323
197,5889,45985646_1450,1/4/2024 17:42,19.6,2,,TRUE,,GD,(None),Not Done,Not Done,(None),400_LA (new),Not Done,Pass,(None),Not Done,(None),,,0,0,FALSE,Pass,0,0,0.009,0.198,0.12,0.01,-0.09,0.021,0.313,0.016,0.012,0.049,-0.008,0.001,-0.01,-0.037,-0.035,-0.064,0.023,0.009,-78.627,-80.857,-93.243,422.425,0.198,-77.118,16.608,31.052,-14.073,0.12,11.371,41.046,60.567,-29.016,0.01,47.478,-32.529,-16.006,48.226,-0.09,90.949,-29.027,-1.496,40.772,0.021,47.067,-34.796,-8.31,53.397,0.313,231.838,25.752,-54.551,-20.23,0.016,159.261,27.085,-38.363,-21.3,0.012,98.949,-9.5,-4.464,10.51,0.049,61.02,5.895,31.741,-5.521,-0.008,64.199,-6.541,6.249,6.989,0.001,57.006,-17.393,-30.903,21.057,-0.01,136.356,1.104,11.037,-1.102,-0.037,46.862,15.927,21.916,-13.771,-0.035,67.368,-2.971,0.175,3.026,-0.064,-2.258,33.427,23.319,-25.1,0.023,139.874,-16.635,-35.121,19.981
198,5890,45689177_1450,7/31/2023 20:34,25.5,2,,TRUE,,GD,No Defect,Pass,Pass,Green,300_FW,Not Done,Pass,Blue,Pass,green,none,,10,2014,TRUE,Pass,0,0,0.075,0,0.054,0.04,-0.022,-0.01,-0.008,-0.054,0,0.052,0.017,-0.016,-0.027,-0.02,-0.02,-0.027,-0.014,0.075,2.246,72.885,22.695,-42.114,0,20.86,78.16,-68.341,-43.871,0.054,22.734,3.734,-17.382,-3.548,0.04,21.948,0.469,-8.489,-0.426,-0.022,23.162,23.27,28.397,-18.895,-0.01,35.561,-36.91,-108.082,58.488,-0.008,24.717,-4.056,13.364,4.219,-0.054,27.885,-40.618,-29.514,68.311,0,26.035,-0.856,-20.578,0.863,0.052,28.832,-6.895,-30.309,7.461,0.017,26.367,-16.079,-22.481,19.18,-0.016,41.024,1.535,8.325,-1.527,-0.027,40.502,-7.102,-0.515,7.615,-0.02,36.931,-0.481,-4.975,0.463,-0.02,21.19,-2.183,-4.278,2.211,-0.027,19.881,-1.568,-19.518,1.566,-0.014,24.063,-4.188,-6.749,4.357
199,5912,45434953_1450,3/17/2023 13:46,21,2,,TRUE,,UN,(None),Not Done,Not Done,(None),200_LA (old),Not Done,Pass,Grey,Not Done,neon,,,0,0,FALSE,Pass,0,0,-1.73,0.3,-0.034,-0.005,0.171,-0.062,-0.131,-0.032,-0.058,-0.147,0.067,0.092,-0.017,-0.114,-0.02,0.055,-0.116,-1.73,-67.44,7.264,58.495,-8.385,0.3,76.084,92.229,-232.506,-47.823,-0.034,155.206,184.141,-287.264,-64.818,-0.005,237.836,277.296,32.669,-73.497,0.171,101.69,-17.253,62.32,21.057,-0.062,71.715,6.488,35.564,-6.151,-0.131,613.867,68.283,38.166,-40.654,-0.032,175.131,9.305,11.127,-8.542,-0.058,105.731,-35.565,-69.492,55.106,-0.147,-16.254,15.784,25.316,-13.759,0.067,203.379,-8.337,-68.215,9.167,0.092,245.622,5.268,-54.168,-4.917,-0.017,138.309,6.087,-13.796,-5.754,-0.114,59.049,7.436,1.19,-7.028,-0.02,31.911,-4.66,-21.001,4.866,0.055,337.111,-22.732,-51.788,29.492,-0.116,39.186,0.609,-15.681,-0.72
200,5917,45589355_1450,6/8/2023 9:56,24.3,2,,TRUE,,GD,No Defect,Not Done,Pass,Green,300_FW,Not Done,Pass,Grey,Pass,green,none,,0,0,TRUE,Pass,0,0,inf,-0.649,-0.601,-0.217,-0.073,-0.088,-0.063,-0.045,-0.028,-0.26,0.165,-0.045,-0.118,-0.211,-0.096,-0.01,-0.174,inf,inf,inf,#NAME?,inf,-0.649,39.922,4.345,-34.044,-4.786,-0.601,179.441,398.257,-229.996,-80.051,-0.217,114.785,-2.288,-30.278,2.119,-0.073,-0.311,-20.934,-66.248,26.385,-0.088,29.705,51.258,20.773,-33.946,-0.063,113.728,23.173,2.062,-18.865,-0.045,4.501,26.863,11.145,-21.21,-0.028,60.684,-5.179,20.053,5.433,-0.26,27.571,-11.398,-9.432,12.571,0.165,181.533,185.674,-560.997,-64.937,-0.045,80.175,64.822,31.84,-39.356,-0.118,66.452,-23.94,33.682,31.32,-0.211,49.068,-10.95,-13.044,12.06,-0.096,38.701,-4.375,-16.662,4.474,-0.01,105.069,4.636,4.458,-4.44,-0.174,25.171,-29.203,-100.166,41.003
201,5918,45996205_1450,1/10/2024 23:37,22.9,2,,TRUE,,GD,No Defect,Pass,Pass,(None),400_LA (new),Not Done,Pass,(None),Pass,(None),none,0,12,2014,TRUE,Fail,0,0,0.125,0.112,0.044,0.163,0.133,0.047,-0.533,0.071,0.135,0.173,0.096,0.052,0.115,0.035,0.049,0.167,0.099,0.125,151.301,66.363,54.557,-39.815,0.112,-8.803,-3.555,36.876,3.802,0.044,-27.331,-23.252,-2.535,30.354,0.163,-14.685,-49.059,-68.88,96.623,0.133,19.461,13.804,34.52,-12.013,0.047,-15.468,-7.925,-29.932,8.658,-0.533,-55.182,-13.923,34.498,15.556,0.071,52.305,2.045,-34.822,-1.935,0.135,-12.323,8.245,29.247,-7.492,0.173,-33.022,0.03,12.189,0.143,0.096,12.438,-10.882,-25.722,12.319,0.052,36.374,-16.1,-19.88,19.251,0.115,23.804,14.917,29.465,-12.881,0.035,-35.65,5.984,14.905,-5.613,0.049,-36.184,8.787,21.087,-8.033,0.167,-41.185,-27.635,-14.459,38.418,0.099,-11.132,31.304,2.665,-23.766
202,5958,45921158_1450,11/28/2023 16:12,23,2,,TRUE,,UN,No Defect,Pass,Pass,(None),300_FW,Not Done,Pass,(None),Pass,neon,none,0,12,2014,TRUE,Pass,0,0,0.669,0.46,0.149,-0.189,-0.094,0.083,0.075,0.022,0.028,0,0.043,0.061,0.054,0.032,0.034,-0.017,-0.005,0.669,52.318,99.929,-14.205,-49.647,0.46,33.986,229.464,-55.897,-69.508,0.149,13.986,39.469,-115.06,-28.192,-0.189,-48.121,-4.35,-19.562,4.35,-0.094,-73.291,35.707,-14.544,-26.381,0.083,-63.774,5.04,-8.338,-4.719,0.075,-17.238,3.139,4.678,-2.97,0.022,-63.296,-21.245,-7.893,27.004,0.028,-62.279,-2.066,6.963,2.138,0,-51.234,-4.059,19.512,4.231,0.043,-60.317,0.077,10.341,-0.034,0.061,-41.047,7.111,8.7,-6.582,0.054,-47.102,-8.332,-10.822,9.148,0.032,-27.45,-9.13,-37.002,10.082,0.034,-39.886,-3.622,-11.58,3.793,-0.017,-64.646,-6.339,-2.648,6.75,-0.005,-59.595,-1.843,-39.708,1.872
203,5992,45676770_1450,7/31/2023 16:53,24.5,2,,TRUE,,GD,No Defect,Not Done,Pass,Green,110_LVL (new),Not Done,Pass,Blue,Pass,green,none,,12,2014,TRUE,Pass,0,0,-1.105,0.739,-0.303,-0.067,0.064,-0.011,0.02,0.004,0.009,-0.067,-0.008,-0.034,0.034,-0.059,-0.016,-0.062,-0.024,-1.105,-71.918,-71.086,13.518,242.03,0.739,-58.046,-35.154,-20.736,55.351,-0.303,4.155,-59.833,5.212,148.207,-0.067,221.011,128.786,-1.207,-56.32,0.064,136.734,-22.817,26.017,29.646,-0.011,235.872,-1.854,-4.816,1.878,0.02,248.048,12.137,-5.55,-10.806,0.004,173.274,7.69,26.954,-7.138,0.009,187.98,8.5,10.886,-7.826,-0.067,158.903,13.093,9.603,-11.637,-0.008,199.945,19.569,26.876,-16.374,-0.034,159.415,-0.737,-46.383,0.708,0.034,197.116,21.946,10.079,-17.969,-0.059,114.732,16.417,29.439,-14.152,-0.016,105.529,3.231,6.565,-3.145,-0.062,320,-17.54,61.494,21.197,-0.024,199.883,-21.177,-20.407,26.837
204,5997,45459485_1450,4/1/2023 12:10,20.7,2,,TRUE,,GD,No Defect,Pass,Pass,Green,400_LA (new),Not Done,Pass,Blue,Pass,green,none,,1,2015,TRUE,Fail,0,0,0.16,-0.244,-0.197,-0.719,-0.941,-0.903,-0.434,-1.063,-1.018,-1.276,-0.78,-0.119,-0.982,-0.802,-0.232,-0.296,-0.762,0.16,68.863,20.908,73.442,-17.161,-0.244,1316.144,-45.617,-59.427,83.433,-0.197,730.11,44.82,49.353,-31.084,-0.719,3233.283,11.764,-200.935,-11.169,-0.941,1015.074,-6.691,-37.846,6.162,-0.903,35.716,2.98,-22.917,-3.771,-0.434,169.144,56.713,-22.534,-36.466,-1.063,895.054,-5.578,-138.794,4.781,-1.018,1009.911,-13.639,-127.413,14.614,-1.276,19.75,-13.822,-97.286,14.559,-0.78,726.864,32.59,-29.051,-25.168,-0.119,465.865,-3.188,-11.742,3.171,-0.982,399.917,-4.3,-156.405,3.467,-0.802,3128.735,-47.06,-467.058,87.379,-0.232,102.275,-24.61,-96.935,32.335,-0.296,332.196,51.749,44.566,-34.297,-0.762,31.114,-0.77,17.111,0.008
205,6047,45464709_1450,4/2/2023 17:08,27.8,2,,TRUE,,GD,No Defect,Pass,Pass,Green,300_FW,Not Done,Pass,Blue,Pass,green,none,,1,2015,TRUE,Fail,0,0,1.296,0.361,-0.547,-0.541,-0.445,-0.358,-0.8,-0.322,-0.337,-0.489,-0.345,-0.312,-0.326,-0.455,-0.347,-0.304,-0.468,1.296,-66.516,224.836,-4.07,-68.816,0.361,-67.582,81.269,55.724,-44.634,-0.547,179.512,360.228,-929.905,-78.39,-0.541,103.262,280.35,-84.894,-73.851,-0.445,17.879,-30.373,-23.565,42.983,-0.358,73.334,1.197,15.868,-1.537,-0.8,-28.364,-21.508,30.829,26.382,-0.322,20.488,-4.19,-11.309,4.038,-0.337,66.554,-0.576,8.313,0.24,-0.489,61.147,-10.106,-7.505,10.698,-0.345,62.471,29.297,62.329,-22.926,-0.312,109.832,15.203,-36.312,-13.468,-0.326,79.429,47.159,25.724,-32.267,-0.455,53.429,-2.745,-2.269,2.355,-0.347,49.679,-1.809,-5.772,1.489,-0.304,106.693,148.258,41.023,-59.842,-0.468,9.113,2.881,3.883,-3.255
206,6074,45577770_1450,6/2/2023 14:06,23.3,2,,TRUE,,GD,No Defect,Pass,Pass,Green,400_LA (new),Not Done,Pass,Blue,Pass,green,none,,2,2015,TRUE,Fail,0,0,inf,inf,-0.429,-0.045,0.074,0.039,0.019,-0.04,0.059,-0.052,-0.008,-0.015,-0.027,-0.052,-0.032,0.007,-0.065,inf,inf,inf,#NAME?,inf,inf,inf,inf,#NAME?,inf,-0.429,130.99,-4.51,19.948,4.274,-0.045,222.88,-11,0.714,12.309,0.074,80.074,-68.719,4.974,219.918,0.039,188.49,-37.076,-67.319,58.984,0.019,125.543,15.383,-6.355,-13.315,-0.04,157.872,-25.873,-12.019,34.849,0.059,219.942,11.8,18.23,-10.501,-0.052,182.105,2.381,-22.752,-2.377,-0.008,160.96,-9.477,24.695,10.46,-0.015,188.856,8.213,6.003,-7.603,-0.027,188.681,19.14,14.168,-16.088,-0.052,186.928,4.199,16.268,-4.08,-0.032,204.927,-0.962,-5.866,0.939,0.007,110.101,244.952,42.513,-71.008,-0.065,-63.966,-21.14,-31.827,26.725
207,6096,44857415_1450,5/24/2022 16:21,25.2,2,,TRUE,,GD,No Defect,Not Done,Not Done,Green,100_LVL (old),Not Done,Pass,Blue,Not Done,green,none,,2,2015,TRUE,Pass,0,0,0.121,0.025,0,-0.239,-0.078,-0.048,-0.152,0.011,0.034,0.026,-0.061,-0.025,0.039,-0.058,-0.004,0.121,-0.002,0.121,-62.684,-17.796,-56.521,21.796,0.025,-48.207,-5.848,1.535,6.238,0,-38.974,5.716,24.542,-5.407,-0.239,-70.804,-83.87,-77.108,518.503,-0.078,-68.618,-73.867,5.066,282.363,-0.048,-92.382,9.694,42.679,-8.881,-0.152,-77.05,-13.609,23.631,15.577,0.011,-50.578,27.716,45.412,-21.693,0.034,-92.312,17.16,47.509,-14.618,0.026,-28.815,5.025,9.702,-4.76,-0.061,-61.262,-4.854,31.069,5.037,-0.025,-93.638,-24.782,36.647,32.914,0.039,-42.398,19.353,59.988,-16.183,-0.058,-93.732,-13.847,48.512,16.006,-0.004,-51.504,11.376,42.821,-10.218,0.121,-82.329,-48.866,-4.406,95.802,-0.002,-32.879,-9.394,24.568,10.365
208,6096,45624310_1450,6/27/2023 13:30,24.8,2,,TRUE,,GD,No Defect,Pass,Pass,Green,300_FW,Not Done,Pass,Blue,Pass,green,none,,2,2015,TRUE,Pass,0,0,-2.089,-0.654,0.475,0.369,0.153,0.209,0.283,0.018,0.056,0.072,0.157,0.143,0.028,0.184,0.105,-0.011,0.099,-2.089,-17.002,109.925,66.123,-53.359,-0.654,136.976,-8.246,79.111,8.275,0.475,141.483,56.643,92.496,-35.857,0.369,2256.394,367.425,0.792,-78.527,0.153,927.913,135.291,-134.024,-57.434,0.209,928.554,-27.211,-186.18,37.669,0.283,174.32,11.761,-99.608,-10.27,0.018,349.851,-12.281,-101.618,14.021,0.056,327.986,-16.643,-94.012,20.034,0.072,-45.482,-7.254,-37.826,7.899,0.157,961.721,-10.509,-114.983,11.918,0.143,4580.249,79.478,-45.978,-44.203,0.028,342.33,-13.687,-121.012,15.89,0.184,2292.308,-37.957,-625.245,61.476,0.105,52.862,-22.521,-119.318,29.203,-0.011,303.983,74.405,28.601,-42.668,0.099,-12.33,11.952,-6.294,-10.588
209,6100,45488007_1450,4/21/2023 10:43,24.4,2,,TRUE,,GD,No Defect,Not Done,Pass,Green,110_LVL (new),Not Done,Pass,Blue,Pass,green,none,,3,2015,TRUE,Pass,0,0,-0.847,-100,0.03,0.04,-0.028,0.022,-0.326,0.058,0.074,0.046,0.03,0,0.018,-0.01,-0.015,0.03,0.041,-0.847,45.142,-55.294,-120.924,121.79,-100,-100,-100,100,-100,0.03,163.392,-36.739,61.142,58.122,0.04,315.055,94.639,24.161,-48.602,-0.028,612.868,1.619,-27.353,-1.621,0.022,322.523,14.761,14.421,-12.843,-0.326,27.038,-15.387,43.39,17.8,0.058,582.667,36.694,7.571,-26.802,0.074,365.99,-0.151,10.162,0.224,0.046,427.7,-1.818,-4.401,1.899,0.03,378.475,-8.61,1.134,9.454,0,281.759,-10.874,-8.241,12.2,0.018,428.571,11.479,-0.761,-10.281,-0.01,320.095,-15.485,-29.538,18.31,-0.015,240.539,7.735,13.722,-7.194,0.03,-45.246,-56.516,17.268,130.04,0.041,449.92,-2.133,7.058,2.221
210,6110,45645696_1450,7/10/2023 18:12,25.4,2,,TRUE,,GD,No Defect,Pass,Pass,Green,300_FW,Not Done,Pass,Blue,Pass,green,none,,3,2015,TRUE,Fail,0,0,-0.718,-0.29,-1.064,-0.179,-0.19,-0.145,-0.225,-0.155,-0.175,-0.258,-0.131,-0.141,-0.102,-0.268,-0.147,-0.014,-0.598,-0.718,127.143,135.889,53.788,-57.912,-0.29,107.551,151.561,-41.789,-60.363,-1.064,131.065,217.353,-24.464,-68.825,-0.179,40.224,342.426,49.395,-77.438,-0.19,23.006,203.943,-8.524,-67.162,-0.145,70.348,-16.471,-1.032,19.546,-0.225,119.248,37.963,34.738,-27.68,-0.155,22.949,18.525,4.964,-15.76,-0.175,48.916,7.661,6.409,-7.278,-0.258,48.949,-5.117,-28.432,5.121,-0.131,85.434,8.149,-9.98,-7.657,-0.141,30.261,104.409,14.244,-51.147,-0.102,126.177,-5.986,11.742,6.258,-0.268,18.013,27.051,26.049,-21.503,-0.147,40.426,-5.036,-9.92,5.149,-0.014,77.604,-57.862,-32.497,137.28,-0.598,179.967,29.653,-37.224,-23.333
211,6133,45817487_1450,10/4/2023 11:53,24.2,2,,TRUE,,GD,No Defect,Pass,Pass,(None),300_FW,Not Done,Pass,(None),Pass,green,none,0,4,2015,TRUE,Pass,0,0,0.126,0.612,-0.283,-0.025,-0.054,-0.022,0.029,0.016,0,-0.023,0.017,-0.028,0.002,-0.01,0.005,-0.005,0.015,0.126,1421.916,207.232,-3.629,-67.41,0.612,-31.612,-61.834,-504.395,163.615,-0.283,-32.944,-10.737,-75.975,11.711,-0.025,-28.63,-3.035,-18.608,3.105,-0.054,-30.424,-25.837,-30.691,34.765,-0.022,-34.54,15.405,29.841,-13.368,0.029,-19.977,3.474,4.78,-3.329,0.016,-31.642,-17.864,-6.032,21.77,0,-39.698,7.279,0.652,-6.785,-0.023,-38.319,-4.582,-1.903,4.777,0.017,-21.983,4.879,-9.549,-4.636,-0.028,-26.474,-1.9,-1.152,1.908,0.002,-18.29,0.469,2.84,-0.465,-0.01,-20.181,-18.886,-16.22,23.271,0.005,-17.513,1.011,-7.117,-0.996,-0.005,-17.684,1.177,3.359,-1.168,0.015,-28.355,20.711,27.491,-17.145
212,6133,45736106_1450,8/22/2023 15:36,24.6,2,,TRUE,,GD,No Defect,Pass,Pass,(None),300_FW,Not Done,Pass,Purple,Pass,green,none,,4,2015,TRUE,Pass,0,0,inf,-0.942,-0.152,-0.173,0.082,0.021,-0.022,0,-0.029,-0.163,-0.002,0.03,-0.025,-0.108,-0.015,0.005,-0.133,inf,inf,inf,#NAME?,inf,-0.942,86.972,84.693,82.369,-46.366,-0.152,196.447,202.436,79.384,-66.985,-0.173,161.292,225.14,25.7,-69.297,0.082,69.257,245.139,42.304,-71.002,0.021,146.697,40.129,-43.415,-28.622,-0.022,194.659,11.686,-37.043,-10.483,0,48.099,12.99,2.443,-11.497,-0.029,79.687,54.005,26.274,-35.086,-0.163,54.564,-9.346,16.801,10.129,-0.002,150.811,-6.084,-31.613,6.476,0.03,156.698,-7.738,-32.355,8.419,-0.025,95.763,-1.816,-15.1,1.824,-0.108,78.341,2.448,-10.076,-2.495,-0.015,82.648,-10.735,-27.229,12.009,0.005,96.044,-7.948,18.139,8.64,-0.133,33.062,-22.778,-37.457,29.323
213,6136,45564340_1450,6/1/2023 11:03,23,2,,TRUE,,GD,No Defect,Not Done,Pass,Green,110_LVL (new),Not Done,Pass,Blue,Pass,green,none,,4,2015,TRUE,Pass,0,0,-1.884,-0.317,-0.245,-0.065,-0.032,0.03,-0.01,-0.013,0.021,-0.006,-0.021,-0.031,-0.007,-0.034,-0.043,0.047,0,-1.884,12.534,-85.013,-78.194,554.677,-0.317,73.723,-41.848,31.273,71.418,-0.245,219.234,-5.593,17.682,5.665,-0.065,371.806,-20.776,-19.971,26.143,-0.032,413.874,12.695,16.259,-11.294,0.03,385.556,-9.149,-45.542,10.104,-0.01,182.616,7.899,18.406,-7.33,-0.013,461.991,27.205,16.545,-21.397,0.021,392.841,-5.831,11.223,6.215,-0.006,418.004,10.55,8.358,-9.548,-0.021,304.907,15.609,29.283,-13.52,-0.031,321.586,13.214,49.523,-11.7,-0.007,396.515,31.109,7.019,-23.733,-0.034,336.252,-2.722,-19.132,2.763,-0.043,276.451,16.414,28.299,-14.136,0.047,-65.895,-55.463,-5.917,124.64,0,-40.232,7.338,29.169,-6.836
214,6139,45483807_1450,4/13/2023 14:11,25.5,2,,TRUE,,GD,No Defect,Pass,Pass,Green,300_FW,Not Done,Pass,Blue,Pass,green,none,,4,2015,TRUE,Pass,0,0,-1.158,0.325,0.61,0.189,-0.011,0.148,0.093,-0.029,0.131,0.077,0.118,0.093,-0.022,0.149,0.083,0.012,0.051,-1.158,45.83,67.671,72.986,-41.05,0.325,881.92,30.148,73.228,-22.914,0.61,670.092,51.667,59.218,-33.664,0.189,2755.739,155.376,-101.975,-60.768,-0.011,731.767,140.613,-8.42,-58.444,0.148,1146.995,-27.666,-171.753,38.453,0.093,147.369,-10.84,-91.163,12.262,-0.029,485.419,-23.899,-113.096,31.366,0.131,479.456,-23.781,-98.494,31.373,0.077,-2.893,-20.282,-132.75,25.539,0.118,1108.373,-7.797,-132.492,8.585,0.093,478.598,-3.237,-15.857,3.442,-0.022,269.751,-10.871,-84.575,12.172,0.149,181.719,-45.14,-251.34,82.554,0.083,53.152,-23.765,-126.51,31.283,0.012,278.314,142.731,31.495,-58.797,0.051,-15.541,-20.02,-46.015,25.096
215,6141,45427917_1450,3/13/2023 15:22,22.6,2,,TRUE,,GD,No Defect,Pass,Pass,Green,200_LA (old),Not Done,Pass,Blue,Pass,green,none,,4,2015,TRUE,Pass,0,0,-0.76,0.734,-0.889,0.276,0.054,-0.018,-0.283,-0.048,0.17,-0.073,-0.024,0.05,-0.07,0.074,0.039,0.048,0.046,-0.76,356.506,-59.057,19.117,142.385,0.734,90.777,-64.654,20.628,184.994,-0.889,185.749,-12.931,70.795,13.83,0.276,3616.155,305.908,10.761,-75.296,0.054,1461.225,362.385,32.704,-78.361,-0.018,748.362,12.228,-52.435,-10.912,-0.283,1682.827,119.827,34.724,-54.638,-0.048,961.094,-11.034,-30.6,12.348,0.17,266.654,-10.605,42.629,12.053,-0.073,203.942,-14.737,-94.325,17.199,-0.024,879.599,11.338,-16.919,-10.205,0.05,2262.665,-5.861,-96.432,6.279,-0.07,400.865,1.031,-54.213,-1.09,0.074,157.036,-51.49,-315.571,106.295,0.039,48.852,-26.939,-78.861,36.925,0.048,707.714,-19.511,-121.353,24.3,0.046,9.139,16.538,28.139,-14.151
216,6144,45790264_1450,9/20/2023 13:20,23.8,2,,TRUE,,GD,No Defect,Not Done,Pass,(None),300_FW,Not Done,Pass,(None),Pass,green,none,0,0,0,TRUE,Pass,0,0,inf,-0.528,-0.701,-0.188,-0.049,-0.061,-0.02,-0.005,-0.005,-0.183,-0.004,0.027,-0.039,-0.121,-0.023,0.078,-0.128,inf,inf,inf,#NAME?,inf,-0.528,45.378,33.97,16.607,-25.751,-0.701,60.22,-6.158,14.226,5.815,-0.188,76.323,113.244,54.963,-53.194,-0.049,-8.101,23.642,59.585,-19.16,-0.061,65.159,-2.418,-12.15,2.415,-0.02,112.49,-6.894,11.596,7.383,-0.005,8.173,-10.025,37.144,11.137,-0.005,48.207,8.506,7.832,-7.844,-0.183,0.983,1.962,-33.688,-2.104,-0.004,97.287,-10.633,-17.538,11.894,0.027,120.045,80.305,-114.47,-44.524,-0.039,32.799,5.171,-4.767,-4.954,-0.121,4.986,18.331,27.144,-15.594,-0.023,28.093,-2.028,-0.811,2.046,0.078,170.982,8.373,-19.561,-7.654,-0.128,-82.173,-60.824,-157.183,154.932
217,6146,45870905_1450,10/30/2023 15:37,22.4,2,,TRUE,,GD,No Defect,Pass,Pass,(None),300_FW,Not Done,Pass,(None),Pass,green,none,0,4,2015,TRUE,Pass,0,0,-1.222,-0.099,-0.05,-0.077,0.029,-0.011,-0.019,-0.004,0,0.029,-0.025,-0.067,-0.055,-0.067,-0.049,-0.063,-0.067,-1.222,-4.112,-29.518,15.854,40.146,-0.099,1.523,31.798,34.322,-24.201,-0.05,-3.501,-16.298,-8.883,19.412,-0.077,12.161,-24.263,-45.993,31.934,0.029,-7.632,-24.519,8.784,32.521,-0.011,-2.455,-0.346,-15.653,0.336,-0.019,-9.964,-10.496,14.409,11.706,-0.004,-12.362,19.188,3.977,-16.102,0,-6.171,9.307,3.823,-8.515,0.029,-9.681,2.753,5.797,-2.652,-0.025,-2.189,-6.59,20.062,7.028,-0.067,-6.679,14.09,29.179,-12.409,-0.055,6.552,-1.853,-9.948,1.832,-0.067,0.784,-4.963,-8.144,5.152,-0.049,-6.291,0.731,1.797,-0.774,-0.063,-5.804,-3.954,4.144,4.051,-0.067,-3.445,-13.195,-6.39,15.124
218,6147,45883863_1450,11/5/2023 12:38,23.8,2,,TRUE,,GD,No Defect,Pass,Pass,(None),300_FW,Not Done,Pass,(None),Pass,green,none,0,4,2015,TRUE,Pass,0,0,1.532,0.446,0.382,-0.049,0.018,0.061,0.041,0.025,0.048,0.058,0.045,0.037,0.015,0.001,0.018,-0.018,0.002,1.532,-76.964,14.35,16.941,-11.21,0.446,47.1,62.867,30.595,-38.326,0.382,18.544,6.644,-441.523,-5.872,-0.049,-25.126,-28.76,-119.144,40.301,0.018,-56.054,-32.417,-10.24,47.993,0.061,-39.642,29.474,17.514,-22.717,0.041,15.332,-29.77,-19.603,42.447,0.025,-49.665,-11.979,-9.569,13.638,0.048,-44.291,-2.152,5.803,2.248,0.058,-35.546,-6.427,8.755,6.931,0.045,-41.882,33.926,8.761,-25.298,0.037,-25.958,0.18,-4.244,-0.144,0.015,-36.17,-3.957,2.087,4.136,0.001,-9.916,-20.467,-65.627,25.735,0.018,-32.346,-2.068,-5.019,2.13,-0.018,92.527,-36.474,26.497,57.388,0.002,-43.869,3.68,-26.706,-3.548
219,6149,45647062_1450,7/11/2023 14:19,24.9,2,,TRUE,,GD,No Defect,Not Done,Pass,Green,300_FW,Not Done,Pass,Grey,Pass,green,none,,0,0,TRUE,Pass,0,0,inf,-0.489,-0.335,-0.217,-0.078,-0.093,-0.091,-0.076,-0.062,-0.241,-0.06,-0.055,-0.088,-0.175,-0.09,-0.031,-0.194,inf,inf,inf,#NAME?,inf,-0.489,-85.274,-46.213,48.033,85.009,-0.335,120.005,2.015,26.249,-2.303,-0.217,161.694,112.523,16.433,-53.048,-0.078,59.82,119.524,39.672,-54.483,-0.093,135.811,2.406,12.018,-2.441,-0.091,214.278,-14.007,12.83,16.183,-0.076,30.682,45.623,30.855,-31.382,-0.062,79.97,8.902,-4.163,-8.232,-0.241,63.334,-11.051,13.678,12.153,-0.06,88.343,120.885,28.443,-54.755,-0.055,138.534,59.15,15.619,-37.201,-0.088,101.794,22.253,-3.857,-18.275,-0.175,52.04,4.171,12.686,-4.172,-0.09,75.452,3.791,4.517,-3.739,-0.031,184.129,-2.29,-23.009,2.312,-0.194,61.545,-25.861,-51.587,34.62
220,6151,45943497_1450,12/7/2023 15:33,24.2,2,,TRUE,,GD,No Defect,Pass,Pass,(None),400_LA (new),Not Done,Pass,(None),Pass,(None),none,0,4,2015,TRUE,Fail,0,0,1.186,0.913,0.653,0.082,0.219,0.236,0.215,0.237,0.239,0.224,-0.006,0.244,0.224,0.163,0.18,0.169,0.486,1.186,-70.616,-16.667,48.979,21.424,0.913,742.27,13.847,17.229,-11.361,0.653,31.916,-35.32,-164.367,55.616,0.082,-11.309,-26.685,1.16,36.51,0.219,-23.306,-4.819,-4.469,5.293,0.236,-25.276,2.684,-22.398,-2.384,0.215,-3.182,-16.017,-43.18,19.327,0.237,9.035,1.885,-6.745,-1.617,0.239,-18.126,3.513,29.465,-3.163,0.224,-12.447,6.572,37.286,-5.956,-0.006,-53.596,-53.02,79.141,112.845,0.244,-16.845,2.291,2.756,-2.001,0.224,57.179,6.416,13.368,-5.819,0.163,26.356,-19.284,-51.201,24.092,0.18,-1.131,-0.185,1.506,0.366,0.169,-70.69,81.377,-78.338,-44.773,0.486,-64.407,-44.144,-2.953,79.903
221,6159,45829199_1450,10/17/2023 9:52,22.4,2,,TRUE,,GD,No Defect,Not Done,Pass,(None),110_LVL (new),Not Done,Pass,(None),Pass,green,none,0,4,2015,TRUE,Pass,0,0,0.635,0.361,0.203,0.277,-0.13,-0.03,0.02,-0.106,0.014,0.013,0.025,-0.036,-0.151,0.076,-0.012,0.095,-0.028,0.635,336.321,81.612,80.971,-44.588,0.361,418.137,-22.13,22.863,28.882,0.203,307.134,73.182,57.631,-42.14,0.277,897.176,94.538,-70.2,-48.454,-0.13,225.556,58.928,16.04,-37.16,-0.03,649.546,-41.89,-135.966,72.035,0.02,-29.106,-5.295,0.293,5.612,-0.106,137.081,36.174,7.881,-26.643,0.014,358.237,4.395,12.232,-4.197,0.013,658.107,3.902,-34.398,-3.743,0.025,447.519,-39.687,-70.481,65.842,-0.036,179.334,1.97,-2.793,-1.967,-0.151,170.362,-37.558,-121.04,59.908,0.076,1345.519,-2.062,-25.439,2.183,-0.012,450.939,18.248,16.813,-15.442,0.095,-65.497,-15.784,-7.293,18.855,-0.028,-24.575,5.054,3.307,-4.837
222,6160,45993242_1450,1/11/2024 14:25,20,2,,TRUE,,GD,No Defect,Pass,Pass,(None),400_LA (new),Not Done,Pass,(None),Pass,(None),none,0,4,2015,TRUE,Pass,0,0,0.952,0.46,0.414,0.001,-0.137,0.054,0.192,-0.054,0.054,0.029,0.051,0,0.046,0.043,0.01,0.023,-0.012,0.952,105.493,-45.594,54.96,85.552,0.46,90.545,28.934,52.859,-22.084,0.414,610.463,28.457,66.951,-21.831,0.001,2485.94,206.687,-72.057,-67.393,-0.137,1532.691,-24.056,-1.004,31.495,0.054,90.871,-40.693,-261.801,68.706,0.192,125.007,29.499,-81.683,-22.631,-0.054,1948.848,3.44,-133.96,-3.378,0.054,17.281,-7.862,10.115,8.591,0.029,57.739,-13.209,-82.104,15.253,0.051,1164.544,-5.578,-72.475,5.961,0,2543.235,-8.091,-321.459,8.803,0.046,1528.531,-10.216,-54.427,11.429,0.043,2130.365,-32.283,-242.94,47.738,0.01,203.03,-33.126,-135.347,49.551,0.023,202.682,37.528,-62.692,-27.271,-0.012,245.78,13.834,-60.284,-12.163
223,6164,45526916_1450,5/11/2023 13:51,23.6,2,,TRUE,,UN,Non-Critical Defect,Not Done,Not Done,Blue,400_LA (new),Not Done,Pass,Blue,Fail,Pink,_ImpactDamage,,4,2015,TRUE,Fail,0,0,inf,-0.253,1.218,0.25,0.133,0.094,-0.02,0.014,0.033,0.055,0.021,0.001,0.068,-0.015,0.016,0,0.06,inf,inf,inf,#NAME?,inf,-0.253,318.434,75.951,85.76,-43.31,1.218,232.487,50.95,93.162,-32.946,0.25,1133.883,177.702,-68.827,-63.9,0.133,1264.285,57.172,56.118,-36.291,0.094,1074.702,-37.642,-143.803,60.515,-0.02,1051.876,-6.882,-11.163,7.37,0.014,924.783,25.141,-5.604,-20.078,0.033,596.637,6.512,19.486,-6.083,0.055,949.76,8.089,-22.721,-7.433,0.021,659.869,-31.456,-78.29,45.923,0.001,502.462,2.729,-54.167,-2.656,0.068,855.706,37.15,44.391,-27.037,-0.015,1336.8,-23.893,-83.265,31.374,0.016,812.162,21.639,25.252,-17.776,0,-24.653,24.766,43.804,-19.85,0.06,48.034,13.785,13.977,-12.062
224,6167,45534514_1450,5/11/2023 17:02,25.2,2,,TRUE,,GD,No Defect,Pass,Pass,Green,300_FW,Not Done,Pass,Blue,Pass,green,none,,4,2015,TRUE,Pass,0,0,inf,-0.34,0.018,-0.292,-0.099,-0.287,0.105,-0.102,-0.203,-0.221,-0.106,-0.056,-0.128,-0.231,-0.135,-0.063,-0.187,inf,inf,inf,#NAME?,inf,-0.34,70.123,21.402,31.175,-17.909,0.018,168.371,110.795,-275.264,-52.552,-0.292,123.682,49.561,56.684,-33.333,-0.099,56.442,107.75,17.499,-51.913,-0.287,69.901,49.24,47.167,-33.186,0.105,616.703,60.76,-47.431,-37.73,-0.102,45.161,-9.516,9.42,10.404,-0.203,84.582,37.288,0.381,-27.308,-0.221,60.751,-2.869,11.379,2.726,-0.106,104.294,24.739,21.404,-19.918,-0.056,166.834,52.192,-197.616,-34.33,-0.128,78.991,-3.831,-0.161,3.85,-0.231,39.033,18.283,32.226,-15.653,-0.135,64.985,5.194,9.949,-5.066,-0.063,146.29,3.677,-24.696,-3.607,-0.187,-82.246,4.099,-10.675,-4.117
225,6192,45739934_1450,8/24/2023 13:23,25.1,2,,TRUE,,GD,No Defect,Pass,Pass,(None),300_FW,Not Done,Pass,Blue,Pass,green,none,,5,2015,TRUE,Pass,0,0,inf,-0.185,0.737,-0.057,-0.074,-0.018,0.064,0.014,0.064,0.026,0.005,0.006,0,-0.034,-0.001,-0.01,-0.042,inf,inf,inf,#NAME?,inf,-0.185,168.627,-1.185,58.266,1.012,0.737,214.095,210.189,-20.137,-67.524,-0.057,365.873,-27.653,-74.584,38.143,-0.074,295.452,-34.1,-82.86,51.632,-0.018,313.501,83.561,42.47,-45.532,0.064,339.727,-1.212,-22.835,1.292,0.014,315.112,-3.318,-16.793,3.446,0.064,300.697,6.078,-13.079,-5.669,0.026,281.376,11.449,-12.346,-10.25,0.005,297.784,9.525,-1.374,-8.692,0.006,415.41,3.964,-8.164,-3.807,0,394.203,4.905,-17.274,-4.676,-0.034,308.754,7.953,11.588,-7.399,-0.001,289.612,2.848,3.169,-2.77,-0.01,-44.176,67.987,28.782,-40.477,-0.042,259.063,-3.587,-1.584,3.677
226,6193,45539288_1450,5/18/2023 15:49,23.4,2,,TRUE,,GD,No Defect,Not Done,Pass,Green,110_LVL (new),Not Done,Pass,Blue,Pass,green,none,,5,2015,TRUE,Pass,0,0,-0.121,-0.098,-0.132,0.026,-0.058,-0.003,0.032,-0.011,0.012,0.023,0.017,-0.029,-0.051,0.007,-0.033,0.112,-0.019,-0.121,-15.718,-16.93,21.689,20.234,-0.098,-64.189,-20.565,-16.469,25.765,-0.132,130.375,-52.045,33.554,108.254,0.026,304.605,40.44,18.966,-28.777,-0.058,270.888,11.091,48.066,-10.036,-0.003,290.877,41.446,-35.794,-29.304,0.032,162.145,-15.497,-17.674,18.377,-0.011,323.077,4.497,-2.744,-4.314,0.012,346.327,9.501,3.323,-8.666,0.023,320.283,4.203,-14.33,-4.011,0.017,342.555,-5.798,-45.858,6.173,-0.029,231.539,-0.741,18.258,0.717,-0.051,220.921,-8.507,-10.348,9.243,0.007,284.631,13.406,20.346,-11.815,-0.033,190.47,22.55,36.034,-18.428,0.112,-65.262,-56.931,-89.402,132.446,-0.019,428.309,-8.457,-21.848,9.218
227,6197,45659714_1450,7/18/2023 12:00,24.7,2,,TRUE,,GD,Non-Critical Defect,Not Done,Pass,Blue,300_FW,Not Done,Pass,Blue,Fail,Pink,_ImpactDamage,,5,2015,TRUE,Pass,0,0,-2.1,-0.36,0.713,-0.131,-0.423,0.021,0.006,-0.088,0.067,-0.036,-0.043,0.005,-0.015,0.01,0,-0.01,-0.047,-2.1,-79.022,10.838,-1220.156,-11.673,-0.36,18.63,23.214,26.082,-19.132,0.713,-11.001,31.622,82.954,-23.483,-0.131,-19.423,-22.347,-29.12,28.61,-0.423,20.831,98.959,-26.353,-49.951,0.021,58.454,7.373,22.395,-6.847,0.006,-32.174,17.702,21.349,-15.035,-0.088,-56.182,-2.147,15.884,2.105,0.067,0.072,42.184,40.064,-29.622,-0.036,100.96,10.659,-6.116,-9.665,-0.043,-34.002,23.593,39.33,-19.124,0.005,-10.42,-14.02,-23.415,16.312,-0.015,24.738,-15.187,-56.025,17.889,0.01,55.906,-12.479,-29.999,14.27,0,60.102,-14.9,-47.662,17.509,-0.01,-59.289,31.116,6.621,-23.739,-0.047,9.104,-25.983,-48.519,35.04
228,6198,46001731_1450,1/12/2024 18:54,19.8,2,,TRUE,,B3,No Defect,Pass,Pass,(None),400_LA (new),Pass,Pass,(None),Pass,(None),none,0,5,2015,TRUE,Pass,0,0,1.311,0.375,0.522,0.176,-0.178,0.093,0.081,-0.088,0.083,0.055,0.04,0,-0.083,0.082,0.015,0.116,0.036,1.311,201.465,-10.046,33.302,12.624,0.375,136.486,73.371,33.932,-42.104,0.522,792.111,-31.507,53.465,46.763,0.176,3527.608,341.059,-128.784,-77.288,-0.178,1284.242,-9.67,20.26,10.509,0.093,102.815,47.843,-373.124,-32.298,0.081,116.436,-40.303,-121.811,67.647,-0.088,1161.279,5.164,-94.613,-4.995,0.083,1016.231,-34.646,-105.43,53.141,0.055,64.899,-8.681,-49.237,9.566,0.04,1816.865,-10.73,-97.843,12.064,0,639.162,-29.816,-62.556,42.482,-0.083,794.003,8.188,-74.027,-7.645,0.082,4519.028,-42.712,-411.652,74.698,0.015,229.871,-22.797,-110.019,29.548,0.116,1677.561,52.68,-46.875,-34.428,0.036,150.086,-33.634,-114.349,50.733
229,6199,45675710_1450,7/24/2023 21:15,32.6,2,,TRUE,,GD,No Defect,Pass,Pass,Green,2015,Not Done,Pass,(None),Pass,green,none,,2,0,TRUE,Pass,0,0,-1.673,-0.706,-0.252,0.04,0.028,-0.053,-0.004,-0.029,-0.009,0.052,-0.038,-0.052,-0.058,-0.007,-0.038,-0.135,-0.067,-1.673,-39.56,-25.473,-373.22,31.934,-0.706,245.347,57.427,24.827,-36.927,-0.252,293.557,49.042,45.316,-33.074,0.04,524.469,151.256,27.266,-60.184,0.028,784.052,-20.529,-66.126,25.867,-0.053,489.894,-30.823,-51.795,44.48,-0.004,186.722,3.014,13.309,-2.929,-0.029,474.423,24.993,22.356,-20.018,-0.009,557.971,-6.897,5.266,7.397,0.052,553.2,-5.005,-14.233,5.324,-0.038,551.725,3.364,-8.313,-3.291,-0.052,513.205,-4.879,-27.78,5.075,-0.058,479.432,10.79,-8.691,-9.791,-0.007,533.299,22.861,21.654,-18.613,-0.038,484.724,6.426,8.225,-6.073,-0.135,-57.027,23.011,32.233,-18.816,-0.067,-37.599,39.849,46.291,-28.542
230,6202,46050560_1450,2/5/2024 19:41,23.9,2,,TRUE,,GD,No Defect,Pass,Pass,(None),400_LA (new),Not Done,Pass,(None),Pass,(None),none,0,5,2015,TRUE,Pass,0,0,0.964,0.428,-1.037,-0.079,-0.018,-0.043,0.374,-0.035,0.009,0.056,0.025,-0.043,0.002,-0.039,-0.033,-0.065,-0.011,0.964,14.426,-14.657,-2.398,18.304,0.428,-81.846,-36.341,-292.333,57.759,-1.037,26.174,-11.052,-227.773,11.26,-0.079,28.344,33.902,-31.52,-25.378,-0.018,32.059,-5.792,-20.228,6.129,-0.043,0.554,29.54,-43.78,-22.837,0.374,60.618,50.337,-49.225,-33.233,-0.035,83.515,-21.566,-22.293,27.451,0.009,50.812,16.939,41.202,-14.477,0.056,50.666,-19.501,-30.967,24.295,0.025,50.198,-13.898,-107.412,16.171,-0.043,18.559,-9.738,-13.254,10.741,0.002,114.228,5.654,21.74,-5.349,-0.039,17.319,12.487,16.416,-11.135,-0.033,10.538,8.499,19.583,-7.864,-0.065,-21.559,20.56,44.194,-17.108,-0.011,79.96,0.503,-7.366,-0.512
231,6202,45421086_1450,3/9/2023 13:43,24.7,2,,TRUE,,GD,No Defect,Not Done,Pass,Green,300_FW,Not Done,Pass,Blue,Pass,green,none,,5,2015,TRUE,Pass,0,0,-1.151,-0.624,0.854,0.03,-0.052,0.052,-0.288,0.088,0.074,0.064,0.06,0.073,0.036,0.034,0.049,0.038,0.021,-1.151,-18.938,6.752,-331.977,-7.403,-0.624,221.309,10.487,67.728,-10.056,0.854,130.122,11.527,69.655,-9.57,0.03,248.6,-16.482,13.824,19.771,-0.052,332.126,-27.638,3.715,38.122,0.052,226.695,-9.909,39.74,11.057,-0.288,15.511,-32.871,37.956,48.539,0.088,258.941,17.877,-10.721,-15.091,0.074,199.111,9.683,10.535,-8.761,0.064,218.57,15.303,26.292,-13.216,0.06,219.945,12.441,27.593,-11.011,0.073,287.281,-1.401,-9.277,1.494,0.036,241.79,-1.993,-17.424,2.07,0.034,304.655,-6.221,-22.273,6.669,0.049,303.862,-3.455,-12.742,3.629,0.038,-57.696,-11.017,-33.263,12.424,0.021,-67.858,13.776,7.572,-12.089
232,6203,44996822_1450,7/18/2022 20:15,28.1,2,,TRUE,,UN,(None),Not Done,Not Done,(None),300_FW,Not Done,Pass,Grey,Not Done,green,,,0,0,FALSE,Pass,0,0,-100,-0.022,0.96,0.459,0.178,0.133,0.121,0.099,0.113,0.093,0.164,0.192,0.097,0.313,0.197,0.257,0.183,-100,-100,-100,100,-100,-0.022,19.896,42.02,84.888,-29.603,0.96,-25.018,70.052,73.955,-40.63,0.459,85.017,-44.835,-102.165,82.104,0.178,-32.624,-52.792,-357.277,112.207,0.133,14.5,-28.125,-153.74,39.315,0.121,-68.87,-16.913,-181.381,20.501,0.099,-73.017,-1.601,14.581,1.727,0.113,-42.582,-5.343,4.662,5.765,0.093,-84.972,-21.595,-158.322,27.661,0.164,-14.707,-18.686,-56.182,23.181,0.192,-14.656,3.758,-6.572,-3.437,0.097,-69.147,-7.285,-16.815,7.962,0.313,-77.63,-27.498,-78.353,38.359,0.197,-88,-17.199,-32.102,21.01,0.257,7.886,58.807,39.237,-36.869,0.183,-32.796,-1.818,4.187,2.038
233,6203,45471745_1450,4/7/2023 12:50,25.5,2,,TRUE,,GD,No Defect,Pass,Pass,Green,300_FW,Not Done,Pass,Blue,Pass,green,none,,5,2015,TRUE,Fail,0,0,inf,0.509,-0.51,0.012,-0.032,0.009,-0.429,-0.002,0.029,-0.049,0,-0.001,0.005,-0.029,-0.014,-0.02,-0.028,inf,inf,inf,#NAME?,inf,0.509,206.628,42.52,-153.193,-29.477,-0.51,334.45,-26.637,-78.455,35.614,0.012,305.869,9.084,-39.952,-8.317,-0.032,195.755,58.979,57.171,-37.119,0.009,177.079,58.269,45.805,-36.81,-0.429,12.922,-10.891,2.959,11.741,-0.002,269.365,5.468,-5.237,-5.186,0.029,264.084,14.636,-18.152,-12.742,-0.049,205.793,-8.872,24.024,9.682,0,203.409,27.006,23.376,-21.264,-0.001,314.213,6.813,-2.395,-6.38,0.005,302.778,-1.959,-18.791,2.003,-0.029,269.36,-4.842,-18.45,5.059,-0.014,244.873,1.16,-1.202,-1.16,-0.02,-46.01,-27.694,-4.311,38.273,-0.028,-64.273,0.43,-3.296,-0.456
234,6204,45943503_1450,12/7/2023 15:13,24.1,2,,TRUE,,GD,No Defect,Pass,Pass,(None),400_LA (new),Not Done,Pass,(None),Pass,(None),none,0,5,2015,TRUE,Pass,0,0,inf,-0.149,-0.18,-0.024,-0.027,-0.041,0.084,0.056,0.097,0.176,0.03,-0.049,0.02,-0.044,-0.015,-0.105,-0.01,inf,inf,inf,#NAME?,inf,-0.149,-33.881,-50.143,-134.709,100.277,-0.18,249.118,-12.176,34.76,13.659,-0.024,497.343,-30.13,-13.779,43.087,-0.027,817.108,-9.602,-61.117,10.593,-0.041,550.87,-22.129,-84.343,28.366,0.084,129.861,29.581,38.117,-22.763,0.056,888.374,7.154,-9.674,-6.624,0.097,592.011,-12.887,-32.377,14.906,0.176,491.696,10.195,-34.604,-9.092,0.03,400.103,23.848,12.265,-19.232,-0.049,438.271,-4.391,-2.992,4.541,0.02,902.251,-2.932,0.916,3.041,-0.044,490.124,17.277,18.412,-14.769,-0.015,520.571,12.729,12.459,-11.305,-0.105,-46.322,6.624,-51.331,-6.311,-0.01,-11.563,20.618,17.995,-17.102
235,6206,45675719_1450,7/25/2023 16:27,24.4,2,,TRUE,,UN,(None),Not Done,Not Done,(None),300_FW,Not Done,Pass,Grey,Not Done,neon,,,0,0,FALSE,Fail,0,0,inf,-0.497,0.942,-0.221,-0.067,-0.402,-0.005,-0.027,-0.029,-0.079,-0.008,-0.042,-0.04,-0.092,-0.038,0.045,-0.126,inf,inf,inf,#NAME?,inf,-0.497,125.164,41.897,48.707,-29.876,0.942,287.925,217.991,41.635,-68.256,-0.221,111.002,178.349,46.041,-64.153,-0.067,13.083,78.612,57.744,-44.05,-0.402,962.582,324.513,-260.179,-76.538,-0.005,324.882,33.547,14.104,-25.124,-0.027,47.888,22.752,-6.513,-18.557,-0.029,113.873,12.615,-29.252,-11.227,-0.079,85.233,1.942,-39.348,-1.982,-0.008,125.313,17.01,2.834,-14.544,-0.042,93.879,8.137,14.922,-7.564,-0.04,91.487,9.806,3.914,-8.967,-0.092,72.722,14.776,15.566,-12.954,-0.038,96.848,-1.103,-2.706,1.077,0.045,200.281,175.773,9.135,-63.722,-0.126,60.487,-15.329,-52.848,17.956
236,6209,46017038_1450,1/22/2024 14:40,21.2,2,,TRUE,,GD,No Defect,Pass,Pass,(None),400_LA (new),Not Done,Pass,(None),Pass,(None),none,0,5,2015,TRUE,Pass,0,0,-0.046,0.462,0.452,0.218,-0.181,0.074,0.027,-0.047,0.134,0.087,0.096,0.013,-0.063,0.104,0.024,-0.097,0.059,-0.046,66.118,-58.633,2.922,141.624,0.462,1175.682,8.202,59.687,-7.154,0.452,724.108,9.589,48.757,-8.337,0.218,3074.556,39.045,-149.539,-27.924,-0.181,1299.368,38.226,0.438,-27.786,0.074,1166.824,-44.116,-174.847,79.075,0.027,1282.379,-5.627,-137.477,5.991,-0.047,993.251,-4.691,-101.602,4.873,0.134,666.964,-40.138,-105.961,67.275,0.087,14.057,-7.447,-86.493,8.14,0.096,1525.302,-27.361,-138.56,37.8,0.013,903.336,-19.485,-23.131,24.216,-0.063,844.382,-2.347,-103.09,2.34,0.104,454.064,-42.913,-270.934,75.354,0.024,215.979,-14.843,-83.222,17.458,-0.097,354.572,223.147,45.946,-69.084,0.059,166.609,-21.577,-111.922,27.588
237,6211,45528079_1450,5/9/2023 11:52,26.5,2,,TRUE,,GD,No Defect,Not Done,Pass,Green,300_FW,Not Done,Pass,Grey,Pass,green,none,,0,0,TRUE,Pass,0,0,inf,0.298,0.459,0.137,-0.169,0.012,-0.02,-0.063,-0.007,-0.086,0.011,0.059,-0.085,0.083,0.054,0.127,0.006,inf,inf,inf,#NAME?,inf,0.298,333.465,37.458,62.809,-27.034,0.459,288.345,17.404,59.68,-14.433,0.137,712.727,103.457,-22.832,-50.782,-0.169,110.061,17.609,-242.509,-15.115,0.012,477.376,-7.762,-80.35,8.428,-0.02,39.859,8.308,-85.926,-7.689,-0.063,82.817,-22.997,-41.135,29.783,-0.007,174.315,-24.522,-50.261,32.48,-0.086,304.193,-9.73,-92.612,10.683,0.011,255.955,-6.823,-30.704,7.334,0.059,364.04,41.035,-20.315,-29.053,-0.085,124.573,-18.844,-120.327,23.114,0.083,1147.355,-16.544,-108.901,19.923,0.054,-11.414,-15.284,-57.155,18.105,0.127,12.423,-5.047,36.164,5.448,0.006,-57.148,17.646,12.974,-14.994
238,6218,45433435_1450,3/15/2023 15:22,26.8,2,,TRUE,,UN,(None),Not Done,Not Done,(None),300_FW,Not Done,Pass,Grey,Not Done,neon,,,0,0,FALSE,Fail,0,0,-1.166,-0.002,0.092,0.032,0.015,-0.001,-0.512,-0.016,-0.038,0,0.012,-0.048,-0.025,-0.034,-0.027,-0.041,-0.041,-1.166,1605.325,573.459,78.805,-85.324,-0.002,298.98,16.787,41.402,-14.376,0.092,257.722,5.23,22.926,-4.883,0.032,277.819,-35.346,4.897,54.718,0.015,322.517,-13.607,-9.75,15.767,-0.001,250.954,24.638,30.319,-19.768,-0.512,-0.086,-0.678,38.409,0.167,-0.016,285.175,1.471,-8.997,-1.466,-0.038,291.842,2.777,4.771,-2.739,0,292.655,-2.301,-12.643,2.355,0.012,296.474,-34.919,2.17,53.674,-0.048,261.708,4.478,19.522,-4.331,-0.025,322.61,-6.953,-15.644,7.445,-0.034,337.622,2.288,-6.38,-2.27,-0.027,277.157,4.987,5.287,-4.776,-0.041,-48.387,-13.208,-25.752,15.171,-0.041,192.941,15.04,18.488,-13.11
239,6218,46052509_1450,2/6/2024 15:24,27.1,2,,TRUE,,GD,No Defect,Not Done,Pass,(None),300_FW,Not Done,Pass,(None),Pass,(None),none,0,0,0,TRUE,Fail,0,0,-0.13,-0.174,-0.164,-0.115,-0.039,0.011,0.503,-0.018,0.038,0,0.03,0,0.017,0.01,0.016,-0.015,0.006,-0.13,-83.044,-48.694,-213.936,94.658,-0.174,-15.313,-15.427,-16.831,18.036,-0.164,-2.557,-15.331,-23.156,17.914,-0.115,18.323,89.015,0.632,-47.155,-0.039,-0.276,4.684,-4.247,-4.511,0.011,8.959,-12.791,-19.64,14.68,0.503,281.092,7.542,-43.862,-6.546,-0.018,-4.493,2.983,3.779,-2.914,0.038,-3.709,-2.577,-23.425,2.684,0,-8.7,11.574,25.532,-10.374,0.03,-1.978,6.094,-13.861,-5.716,0,9.07,-8.757,-15.927,9.598,0.017,31.717,-14.675,-38.332,17.219,0.01,-11.495,19.375,31.287,-16.222,0.016,30.545,-10.347,-32.997,11.558,-0.015,6.002,-28.098,-19.599,39.057,0.006,52.642,-27.628,-80.151,38.182
240,6221,45711728_1450,8/17/2023 15:54,23.6,2,,TRUE,,GD,No Defect,Not Done,Pass,(None),110_LVL (new),Not Done,Pass,Blue,Pass,green,none,,5,2015,TRUE,Pass,0,0,1.694,0.074,0.114,0.177,0.078,0.083,0.166,0.112,0.157,0.153,0.057,0.026,0.051,0.173,0.095,0.079,0.143,1.694,-7.067,128.352,60.415,-55.466,0.074,-39.948,-17.831,2.171,21.79,0.114,-38.16,2.987,-6.185,-2.79,0.177,534.962,-31.513,-9.681,46.273,0.078,498.053,-18.943,-34.212,23.467,0.083,385.827,9.858,20.864,-8.898,0.166,167.165,-3.831,17.845,4.156,0.112,436.821,5.429,26.398,-5.043,0.157,452.871,-2.249,-31.872,2.461,0.153,399.204,15.719,18.887,-13.451,0.057,334.835,26.468,42.114,-20.884,0.026,393.695,-11.215,6.408,12.66,0.051,201.195,22.538,2.096,-18.351,0.173,412.254,9.969,19.579,-8.908,0.095,277.334,11.248,21.516,-10.026,0.079,-41.08,26.802,42.773,-21.075,0.143,-36.327,22.861,6.024,-18.491
241,6230,45652329_1450,7/13/2023 15:47,28.8,2,,TRUE,,GD,No Defect,Pass,Pass,Green,400_LA (new),Not Done,Pass,Blue,Pass,green,none,,6,2015,TRUE,Pass,0,0,0.049,-0.683,0.616,0,-0.04,0.04,0.025,-0.035,0.029,0.032,-0.039,-0.048,-0.069,0.018,-0.022,-0.06,-0.057,0.049,47.011,149.925,17.714,-59.968,-0.683,72.475,14.866,54.591,-13.537,0.616,84.925,116.373,-34.803,-53.499,0,473.158,-0.336,31.651,0.337,-0.04,716.506,28.694,6.499,-22.327,0.04,429.533,-13.415,-67.258,15.54,0.025,90.273,-16.113,35.557,19.239,-0.035,473.447,-11.742,-27.548,13.265,0.029,481.898,5.901,17.62,-5.545,0.032,435.36,11.244,-6.128,-10.078,-0.039,363.218,12.689,19.485,-11.295,-0.048,485.147,-32.104,-79.409,47.213,-0.069,422.229,7.161,12.281,-6.747,0.018,469.382,11.267,7.26,-10.11,-0.022,409.706,7.459,12.813,-6.962,-0.06,306.478,-8.081,-29.388,8.726,-0.057,419.477,25.041,20.835,-20.071
242,6232,45670111_1450,7/20/2023 20:35,33.1,2,,TRUE,,GD,No Defect,Pass,Pass,Green,400_LA (new),Not Done,Pass,Blue,Pass,green,none,,6,2015,TRUE,Pass,0,0,-0.907,-0.481,0.05,0.049,0.041,-0.072,-0.04,-0.02,0.022,0.058,0.008,-0.038,-0.043,0.007,-0.018,-0.097,-0.05,-0.907,7.01,-51.706,39.49,105.188,-0.481,262.638,-2.674,64.809,2.253,0.05,252.245,84.016,59.001,-45.63,0.049,575.527,-23.905,-28.662,31.479,0.041,919.686,-7.388,-122.246,8.022,-0.072,499.614,2.56,30.466,-2.566,-0.04,192.795,5.971,37.343,-5.673,-0.02,549.01,9.304,-30.753,-8.53,0.022,649.073,1.681,1.023,-1.631,0.058,551.899,18.083,10.191,-15.264,0.008,595.942,-5.03,-23.881,5.305,-0.038,482.728,-22.81,-18.103,29.501,-0.043,562.735,2.522,7.1,-2.502,0.007,612.342,20.923,34.945,-17.297,-0.018,608.259,6.628,7.142,-6.232,-0.097,388.4,-1.004,-130.326,0.916,-0.05,-39.204,52.101,42.82,-34.288
243,6248,45668118_1450,7/26/2023 15:15,24.6,2,,TRUE,,GD,No Defect,Not Done,Pass,Green,110_LVL (new),Not Done,Pass,Blue,Pass,green,none,,6,2015,TRUE,Pass,0,0,inf,0.002,-0.2,-0.101,-0.019,-0.042,0,0.011,-0.038,-0.023,-0.073,-0.03,-0.012,-0.051,-0.053,-0.094,0.015,inf,inf,inf,#NAME?,inf,0.002,220.863,1.625,22.464,-1.596,-0.2,184.223,-16.961,42.352,20.184,-0.101,461.382,54.346,8.957,-35.276,-0.019,385.853,61.854,71.288,-38.228,-0.042,304.219,79.317,35.047,-44.256,0,208.697,-17.896,-2.02,21.797,0.011,665.87,-28.459,-29.778,39.796,-0.038,438.331,9.347,7.54,-8.583,-0.023,379.439,29.04,16.229,-22.523,-0.073,357.114,-6.931,-1.427,7.369,-0.03,369.408,17.691,43.893,-15.057,-0.012,534.033,0.302,-28.232,-0.313,-0.051,352.715,16.022,21.85,-13.853,-0.053,298.386,10.594,16.077,-9.627,-0.094,490.734,53.997,19.925,-35.125,0.015,669.728,-4.456,-24.135,4.679
244,6253,45664778_1450,7/25/2023 13:04,22.4,2,,TRUE,,GD,No Defect,Pass,Pass,Yellow,2020,Not Done,Pass,Orange,Pass,green,none,,2,0,TRUE,Pass,0,0,inf,-0.504,-0.484,-0.147,-0.026,-0.073,-0.011,-0.004,-0.033,-0.088,-0.051,-0.019,-0.019,-0.115,-0.069,-0.032,-0.089,inf,inf,inf,#NAME?,inf,-0.504,-73.024,-32.996,-48.192,48.493,-0.484,200.181,641.263,-1649.212,-86.575,-0.147,156.649,67.239,29.155,-40.293,-0.026,105.59,35.367,28.988,-26.146,-0.073,191.29,11.327,-6.457,-10.24,-0.011,140.785,-15.56,11.968,18.415,-0.004,201.614,-1.925,21.574,1.959,-0.033,181.184,-16.342,-10.099,19.494,-0.088,162.078,-5.921,-7.361,6.201,-0.051,138.19,40.476,44.07,-28.85,-0.019,177.633,-25.333,-39.853,33.903,-0.019,165.367,24.451,11.783,-19.662,-0.115,113.248,5.107,-4.143,-4.968,-0.069,62.815,7.513,20.11,-7.052,-0.032,31.078,7.285,37.44,-6.82,-0.089,132.083,-9.281,-0.708,10.132
245,6320P,45500080_1450,4/21/2023 20:23,25.1,2,,TRUE,,GD,No Defect,Pass,Pass,Green,300_FW,Not Done,Pass,Blue,Pass,green,none,,10,2014,TRUE,Pass,0,0,0.022,0.025,0.167,0,-0.05,-0.01,0.038,0.014,-0.038,-0.023,-0.055,-0.009,-0.006,0.022,0.031,-0.125,-0.316,0.022,165.899,1.595,61.078,-1.549,0.025,310.714,39.923,57.761,-28.514,0.167,237.788,20.468,45.19,-16.852,0,340.575,-11.283,-24.022,12.718,-0.05,395.624,-39.933,-121.04,66.397,-0.01,245.802,42.998,58.553,-30.076,0.038,291.018,9.469,9.996,-8.616,0.014,313.668,6.524,5.84,-6.111,-0.038,317.097,1.102,7.977,-1.127,-0.023,257.554,2.177,5.732,-2.154,-0.055,254.701,25.004,40.451,-20.046,-0.009,415.066,3.29,-15.99,-3.194,-0.006,284.694,-6.481,-6.475,6.923,0.022,294.93,0.16,9.723,-0.138,0.031,247.318,8.086,14.235,-7.452,-0.125,-32.152,76.039,37.376,-43.265,-0.316,-12.328,-8.224,-59.979,8.617
246,6343,45880408_1450,11/2/2023 20:19,28.3,2,,TRUE,,GD,No Defect,Pass,Pass,(None),400_LA (new),Not Done,Pass,(None),Pass,green,none,0,8,2015,TRUE,Pass,0,0,0.744,0.185,0.233,0.232,0.038,0.053,-0.099,-0.096,0.033,0.061,-0.024,-0.007,-0.045,0.091,0.006,0.052,0.032,0.744,64.986,4.136,47.119,-3.257,0.185,978.027,83.873,20.961,-45.514,0.233,421.196,159.372,55.3,-61.355,0.232,2756.815,104.173,-163.596,-50.908,0.038,992.219,13.301,-45.028,-11.706,0.053,1252.658,-31.203,-110.326,45.431,-0.099,57.206,107.127,-108.312,-51.768,-0.096,722.876,-0.507,-20.149,0.413,0.033,726.486,-12.597,-41.315,14.451,0.061,41.172,-4.601,-104.115,4.887,-0.024,1070.806,-6.069,-92.164,6.436,-0.007,412.958,6.483,-27.13,-6.095,-0.045,489.69,32.653,-13.023,-24.649,0.091,2103.101,-14.841,-118.1,17.534,0.006,1278.381,-11.156,-54.925,12.564,0.052,36.133,78.694,30.16,-44.009,0.032,28.88,-13.34,13.247,15.43
247,6393,45525890_1450,5/8/2023 21:42,25.6,2,,TRUE,,GD,No Defect,Pass,Pass,Green,400_LA (new),Not Done,Pass,Blue,Pass,green,none,,9,2015,TRUE,Pass,0,0,0.479,0.301,-0.669,0.388,0.047,0.144,0.112,0.03,0.137,0.125,0.166,0.141,0.028,0.24,0.139,0.148,0.108,0.479,-52.789,-16.54,88.17,20.392,0.301,138.086,-41.413,61.28,71.201,-0.669,-21.927,48.405,95.09,-33.067,0.388,1474.542,-25.809,-60.628,35.311,0.047,700.972,-24.786,-170.171,33.018,0.144,660.395,11.615,-69.408,-10.277,0.112,-19.396,-28.942,-52.851,40.887,0.03,302.896,-27.168,-63.473,37.344,0.137,-20.608,2.557,11.541,-2.359,0.125,-3.693,-17.113,-73.364,20.796,0.166,444.95,-4.199,-18.21,4.556,0.141,562.875,-5.972,-27.364,6.501,0.028,210.204,-5.861,-41.569,6.255,0.24,1381.222,-20.962,-104.086,26.824,0.139,34.994,-47.089,-66.151,89.26,0.148,-21.77,19.708,-0.353,-16.34,0.108,-27.381,20.786,17.281,-17.12
248,6407,45456773_1450,3/31/2023 13:12,19.7,2,,TRUE,,GD,No Defect,Pass,Not Done,Green,400_LA (new),Not Done,Pass,Blue,Pass,green,none,,9,2015,TRUE,Pass,0,0,0.944,-0.198,-0.125,0.003,-0.145,0.02,0.017,-0.052,-0.152,0.009,-0.076,-0.105,-0.051,-0.03,-0.055,-0.106,-0.041,0.944,26.666,82.302,-60.873,-44.628,-0.198,-30.919,-30.984,0.802,44.606,-0.125,230.964,-38.149,53.338,61.476,0.003,434.813,66.171,1.652,-39.819,-0.145,348.353,14.802,79.066,-13.02,0.02,517.414,-21.45,-47.903,27.332,0.017,-73.484,-9.368,20.78,10.355,-0.052,443.616,24.204,17.803,-19.529,-0.152,539.838,10.435,46.836,-9.586,0.009,400.077,28.495,43.259,-22.169,-0.076,381.683,26.929,38.666,-21.276,-0.105,339.646,1.97,-11.469,-2.035,-0.051,382.74,20.876,5.116,-17.313,-0.03,378.718,17.755,30.919,-15.103,-0.055,456.438,2.457,4.121,-2.452,-0.106,-29.07,41.347,-39.59,-29.327,-0.041,-31.004,-4.855,-0.754,5.06
249,6416,45767105_1450,9/7/2023 15:26,24.7,2,,TRUE,,GD,No Defect,Pass,Pass,(None),300_FW,Not Done,Pass,Blue,Pass,green,none,,9,2015,TRUE,Pass,0,0,-0.425,0.015,-0.068,0.055,0.137,0.227,0.187,0.157,0.204,0.126,0.192,0.208,0.198,0.131,0.173,0.214,0.126,-0.425,115.956,-16.355,15.068,19.045,0.015,125.011,-42.69,-60.684,74.516,-0.068,114.737,7.917,-4.31,-7.399,0.055,118.055,52.327,48.288,-34.316,0.137,86.984,-34.599,0.176,53.113,0.227,170.641,24.178,26.195,-19.287,0.187,-73.026,-4.951,6.32,5.406,0.157,166.025,-19.858,-91.319,24.974,0.204,130.042,7.744,12.083,-6.999,0.126,77.669,13.753,39.222,-11.98,0.192,106.117,12.23,24.988,-10.726,0.208,272.158,-8.866,-21.943,9.956,0.198,211.763,-7.838,-48.01,8.719,0.131,168.9,3.545,-2.4,-3.297,0.173,169.006,-3.3,-16.065,3.592,0.214,134.5,21.153,-29.998,-17.283,0.126,-71.071,-24.289,-50.615,32.247
250,6418,45758435_1450,9/11/2023 12:38,21.7,2,,TRUE,,GD,No Defect,Not Done,Pass,(None),110_LVL (new),Not Done,Pass,Blue,Pass,green,none,,9,2015,TRUE,Pass,0,0,1.395,0.626,0.513,0.441,0.178,0.306,0.206,0.099,0.215,0.276,0.239,0.175,0.166,0.233,0.191,0.32,0.233,1.395,27.452,-42.304,31.355,75.739,0.626,1009.901,-1.459,24.936,2.116,0.513,504.813,44.007,59.989,-30.202,0.441,2128.843,180.769,-11.131,-64.227,0.178,1655.422,93.494,-70.366,-48.227,0.306,1195.081,-21.139,-214.105,27.194,0.206,45.541,18.494,-4.998,-15.433,0.099,1202.854,-26.955,-148.643,37.036,0.215,727.77,-21.626,-148.086,27.867,0.276,846.312,-18.926,-133.476,23.684,0.239,990.552,-14.221,-47.09,16.856,0.175,3983.211,-14.298,-75.341,16.888,0.166,668.501,15.974,-51.398,-13.631,0.233,2178.22,-53.052,-440.616,113.497,0.191,25.504,-0.77,-18.027,0.968,0.32,1034.093,-5.902,-63.763,6.612,0.233,100.065,-9.76,-113.198,11.074
251,6428,45483814_1450,4/17/2023 12:50,21.9,2,,TRUE,,GD,No Defect,Pass,Pass,Green,400_LA (new),Not Done,Pass,Blue,Pass,green,none,,10,2015,TRUE,Fail,0,0,-2.209,0.15,-0.208,-0.07,-0.2,-0.024,-0.395,-0.002,-0.029,0.006,-0.021,-0.008,0.058,-0.111,-0.049,-0.077,0.014,-2.209,-42.232,-76.466,-11.255,315.534,0.15,-32.203,0.033,8.169,0.117,-0.208,222.788,28.703,23.422,-22.463,-0.07,266.537,-34.27,-21.246,52.032,-0.2,922.415,414.094,-146.97,-80.587,-0.024,288.358,-11.056,-8.205,12.403,-0.395,254.95,11.388,-17.962,-10.578,-0.002,590.237,-1,12.5,1.008,-0.029,502.355,6.788,-6.551,-6.383,0.006,384.802,6.674,-21.35,-6.251,-0.021,281.995,23.558,34.239,-19.083,-0.008,290.619,-7.724,-15.192,8.363,0.058,981.482,19.546,23.83,-16.302,-0.111,329.229,-9.448,-20.037,10.312,-0.049,371.067,2.699,4.57,-2.676,-0.077,406.423,-44.306,6.234,79.415,0.014,-51.657,35.822,36.302,-26.364
252,6549,45907197_1450,11/16/2023 20:18,24.9,2,,TRUE,,GD,No Defect,Not Done,Pass,(None),300_FW,Not Done,Pass,(None),Pass,green,none,0,12,2015,TRUE,Pass,0,0,-1.179,-0.074,0.256,0.061,-0.123,0.031,0.026,-0.068,0.057,0.052,0.026,0.053,0.024,0.055,0.056,-0.051,0,-1.179,658.434,10.411,34.682,-10.497,-0.074,488.301,-22.983,70.801,29.745,0.256,-21.391,16.067,62.57,-13.623,0.061,15.145,63.407,-127.344,-38.766,-0.123,7.62,109.456,19.345,-52.316,0.031,-3.946,-1.45,11.182,1.503,0.026,41.612,-6.24,-22.191,6.683,-0.068,-38.411,-1.964,39.282,1.934,0.057,-21.298,-6.761,-8.88,7.313,0.052,-7.965,-19.483,-47.084,24.262,0.026,-10.576,-8.718,-8.777,9.579,0.053,37.979,30.168,-7.938,-23.135,0.024,-0.683,-14.048,-45.458,16.372,0.055,30.668,-0.629,-6.996,0.688,0.056,73.72,-19.559,-71.499,24.385,-0.051,-2.502,100.671,15.543,-50.192,0,-38.994,-22.014,-19.996,28.228
253,6551,45894407_1450,11/16/2023 12:39,22.8,2,,TRUE,,GD,No Defect,Pass,Pass,(None),110_LVL (new),Not Done,Pass,(None),Pass,green,none,0,12,2015,TRUE,Pass,0,0,0.853,0.312,0.313,0.089,-0.145,0,-0.032,-0.119,0.038,-0.014,0.009,-0.016,-0.024,0.035,-0.005,0.137,0.198,0.853,1227.611,-21.422,58.461,28.347,0.312,1219.172,4.595,55.802,-4.095,0.313,701.881,37.888,61.738,-27.25,0.089,3171.484,190.185,-255.689,-65.509,-0.145,1516.066,68.612,-103.683,-40.778,0,1572.922,-43.454,-342.722,76.847,-0.032,139.507,-1.16,-109.304,1.141,-0.119,1402.611,-34.398,-264.489,52.252,0.038,780.51,-3.553,-110.686,3.723,-0.014,41.628,-16.108,-89.328,19.183,0.009,1137.658,-1.628,-75.658,1.665,-0.016,658.079,-26.351,-20.091,35.757,-0.024,828.433,-1.241,-129.432,1.232,0.035,241.928,-46.15,-346.947,85.767,-0.005,80.08,-22.484,-71.312,28.999,0.137,305.866,-43.911,-134.584,78.534,0.198,108.195,-33.773,-225.721,51.294
254,6551,45215304_1450,11/22/2022 15:06,22.9,2,,TRUE,,GD,No Defect,Not Done,Pass,Green,100_LVL (old),Not Done,Pass,Blue,Pass,green,none,,12,2015,TRUE,Pass,0,0,0.213,0.124,0.092,0.345,0.275,0.19,0.192,0.214,0.262,0.165,0.208,0.225,0.12,0.262,0.186,0.186,0.011,0.213,-84.091,-23.492,29.287,30.984,0.124,-72.829,16.179,22.874,-13.819,0.092,-59.487,-3.959,9.486,4.218,0.345,-70.195,-83.114,24.229,494.246,0.275,-79.839,-49.884,-34.825,100.085,0.19,-62.791,31.144,27.736,-23.603,0.192,103.185,-19.776,7.69,24.891,0.214,-84.848,0.373,55.39,-0.159,0.262,-64.907,10.358,49.67,-9.148,0.165,195.778,14.078,29.661,-12.196,0.208,-70.342,-5.835,26.449,6.417,0.225,-54.494,24.505,17.382,-19.501,0.12,-74.642,-28.954,9.564,40.924,0.262,-66.022,35.527,50.667,-26.021,0.186,-73.284,16.002,31.812,-13.634,0.186,-78.315,45.605,31.4,-31.193,0.011,-72.342,20.378,60.814,-16.919
255,6565,46033960_1450,2/1/2024 16:24,21.7,2,,TRUE,,GD,No Defect,Pass,Pass,(None),110_LVL (new),Not Done,Pass,(None),Pass,(None),none,0,12,2015,TRUE,Pass,0,0,inf,0.635,0.5,-0.094,0.058,-0.042,0.037,0.043,0.081,-0.09,0.018,-0.035,0.007,-0.109,-0.015,0.1,-0.065,inf,inf,inf,#NAME?,inf,0.635,216.563,27.115,41.057,-20.832,0.5,130.528,348.241,-67.472,-77.579,-0.094,99.647,-7.107,-55.734,7.55,0.058,38.32,-10.156,-36.391,11.368,-0.042,115.25,-26.142,-60.269,35.339,0.037,97.543,0.534,-7.963,-0.494,0.043,90.133,-16.502,-13.077,19.815,0.081,143.776,35.97,-46.797,-26.395,-0.09,118.657,-5.848,-33.654,6.116,0.018,136.478,-4.414,-26.286,4.637,-0.035,48.458,42.046,45.418,-29.625,0.007,136.755,-0.957,10.888,0.974,-0.109,40.859,11.456,21.928,-10.376,-0.015,73.028,12.895,25.699,-11.436,0.1,-32.475,-60.635,-54.852,154.289,-0.065,142.949,-22.445,-70.547,28.857
256,6573,45821739_1450,10/6/2023 18:06,28.9,2,,TRUE,,GD,No Defect,Pass,Pass,(None),400_LA (new),Not Done,Pass,(None),Pass,green,none,0,12,2015,TRUE,Pass,0,0,-0.415,0.026,0.006,0.095,0.021,-0.031,0.016,0.018,0.024,0.072,-0.036,0,-0.027,0.044,-0.007,-0.058,-0.033,-0.415,-55.987,-63.631,-66.245,173.816,0.026,6.995,59.146,76.465,-37.148,0.006,24.779,47.914,-5.232,-32.389,0.095,86.058,136.052,-39.466,-57.596,0.021,151.396,25.955,-57.236,-20.59,-0.031,44.448,-9.022,-3.567,9.883,0.016,-30.47,3.772,34.654,-3.619,0.018,75.255,-3.964,24.958,4.146,0.024,79.758,3.965,27.055,-3.791,0.072,90.03,-2.81,-24.337,2.966,-0.036,37.209,-3.385,35.698,3.467,0,57.172,-14.557,-21.204,17.037,-0.027,72.337,16.9,20.703,-14.48,0.044,127.659,2.656,2.305,-2.545,-0.007,62.246,7.844,14.846,-7.28,-0.058,-18.923,26.35,19.976,-20.901,-0.033,78.127,43.181,34.001,-30.181
257,6622,45611520_1450,6/19/2023 20:12,25.1,2,,TRUE,,GD,No Defect,Pass,Pass,Green,300_FW,Not Done,Pass,Blue,Pass,green,none,,1,2016,TRUE,Pass,0,0,0.838,0.472,0.423,0.331,0.137,0.063,0.059,0.084,0.026,0.023,0.128,0.105,0.057,0.123,0.08,0.053,-0.173,0.838,427.024,23.025,83.466,-18.035,0.472,761.81,-8.574,41.303,9.895,0.423,465.916,29.7,61.064,-22.573,0.331,1768.105,-20.157,-130.801,25.661,0.137,787.629,-10.59,-16.815,11.998,0.063,805.183,-33.574,-238.041,50.639,0.059,1276.886,11.567,-54.717,-10.314,0.084,368.734,-7.59,-50.006,8.304,0.026,-51.176,-1.97,13.992,2.036,0.023,-48.108,18.675,9.526,-15.716,0.128,651.351,-8.586,-69.075,9.532,0.105,2137.805,25.601,1.61,-20.299,0.057,201.648,23.842,7.663,-19.205,0.123,832.055,-9.408,-63.279,10.521,0.08,-34.372,16.89,33.903,-14.381,0.053,135.83,273.686,44.55,-73.225,-0.173,137.729,-22.607,-0.801,28.986
258,6627,45483810_1450,4/17/2023 13:10,21.9,2,,TRUE,,GD,No Defect,Pass,Pass,Green,400_LA (new),Not Done,Pass,Blue,Pass,green,none,,2,2016,TRUE,Pass,0,0,1.31,0.436,0.579,0.249,0.27,0.364,0.24,0.124,0.312,0.223,0.213,0.233,0.231,0.208,0.226,0.336,0.33,1.31,14.965,-3.682,-16.77,5.183,0.436,-10.229,-28.279,25.156,40.037,0.579,425.796,24.892,51.534,-19.467,0.249,1319.26,-40.18,-68.176,67.585,0.27,712.372,-67.728,36.546,210.705,0.364,786.613,-29.693,-106.623,42.752,0.24,883.408,-14.987,-186.08,17.912,0.124,823.229,-31.13,-87.514,45.381,0.312,533.094,-56.014,-207.646,128.056,0.223,1001.797,-17.368,-162.094,21.288,0.213,482.609,-6.686,-24.881,7.393,0.233,484.035,-26.64,-111.518,36.632,0.231,864.078,-12.746,-79.141,14.873,0.208,2049.475,-50.698,-383.278,103.251,0.226,126.913,-35.991,-206.991,56.583,0.336,74.244,17.338,-160.552,-14.49,0.33,25.702,7.679,-17.089,-6.825
259,6628,45602464_1450,6/21/2023 14:01,23,2,,TRUE,,GD,No Defect,Not Done,Pass,Green,110_LVL (new),Not Done,Pass,Blue,Pass,green,none,,2,2016,TRUE,Fail,0,0,-2.723,-100,0.304,0.263,-0.054,0.066,0.01,-0.159,0.01,-0.038,-0.037,-0.047,-0.115,0.037,-0.044,-0.037,-0.042,-2.723,-51.711,-46.664,89.166,82.387,-100,-100,-100,100,-100,0.304,174.84,12.35,79.5,-10.722,0.263,896.071,-58.985,-163.081,144.455,-0.054,508.458,-20.321,-64.809,25.435,0.066,552.196,-17.996,-130.854,22.026,0.01,523.736,-11.86,-147.067,13.467,-0.159,204.294,-13.672,-3.399,15.653,0.01,207.143,48.278,12.997,-32.553,-0.038,383.078,-13.023,-60.311,14.929,-0.037,333.904,-10.581,-6.9,11.792,-0.047,415.373,-11.232,-37.322,12.601,-0.115,139.244,1.002,0.723,-1.106,0.037,924.41,-48.196,-275.046,93.109,-0.044,-39.245,-11.363,-23.751,12.77,-0.037,-9.705,59.706,12.441,-37.408,-0.042,-53.107,53.852,35.227,-35.03
260,6632,45646604_1450,7/10/2023 20:17,25.7,2,,TRUE,,GD,No Defect,Pass,Pass,Green,300_FW,Not Done,Pass,Blue,Pass,green,none,,2,2016,TRUE,Pass,0,0,1.003,0.56,-0.151,-0.164,-0.043,-0.01,-0.03,-0.051,0.014,-0.035,0,-0.056,-0.029,-0.042,-0.018,-0.016,-0.067,1.003,-34.122,378.321,40.953,-78.884,0.56,461.106,91.216,-69.994,-47.41,-0.151,177.765,19.646,31.076,-16.546,-0.164,241.77,22.544,31.845,-18.53,-0.043,259.115,-1.697,-12.021,1.683,-0.01,237.934,-1.328,-14.047,1.336,-0.03,250.688,-0.519,-0.808,0.491,-0.051,251.436,-0.185,3.786,0.134,0.014,317.412,4.866,-11.292,-4.626,-0.035,269.54,-8.003,-6.928,8.661,0,301.734,-18.617,-35.627,22.876,-0.056,209.752,12.58,12.087,-11.224,-0.029,266.798,13.587,-5.712,-11.988,-0.042,237.178,16.94,26.669,-14.522,-0.018,262.733,4.371,6.754,-4.205,-0.016,-42.226,-2.862,-10.011,2.93,-0.067,-60.342,-45.789,-34.513,84.34
261,6675,46016905_1450,1/19/2024 21:23,23.9,2,,TRUE,,GD,No Defect,Pass,Pass,(None),400_LA (new),Not Done,Pass,(None),Pass,(None),none,0,3,2016,TRUE,Pass,0,0,inf,0.083,-0.145,-0.066,-0.035,-0.032,-0.163,-0.054,0.043,-0.026,0.053,0.023,-0.009,-0.015,-0.01,0.01,-0.043,inf,inf,inf,#NAME?,inf,0.083,144.898,20.842,82.229,-17.178,-0.145,142.427,39.909,66.77,-28.628,-0.066,310.2,-0.056,-25.885,-0.01,-0.035,369.403,203.332,62.605,-67.044,-0.032,214.177,53.558,37.677,-34.899,-0.163,378.886,16.855,-116.559,-14.563,-0.054,248.557,51.551,17.536,-34.051,0.043,256.726,-5.492,13.728,5.857,-0.026,231.402,1.485,4.668,-1.489,0.053,229.713,5.474,-9.912,-5.14,0.023,351.803,-11.71,-92.604,13.289,-0.009,250.127,15.889,-2.064,-13.718,-0.015,210.25,29.594,43.05,-22.848,-0.01,252.076,2.069,5.042,-2.037,0.01,175.522,42.308,37.609,-29.723,-0.043,304.663,-16.577,-8.234,19.82
262,6679,45704281_1450,8/14/2023 11:03,24.3,2,,TRUE,,GD,No Defect,Not Done,Pass,Green,110_LVL (new),Not Done,Pass,Blue,Pass,green,none,,3,2016,TRUE,Pass,0,0,-1.107,-0.516,-0.529,-0.372,-0.121,-0.103,-0.194,-0.086,-0.075,-0.196,-0.066,-0.071,-0.088,-0.184,-0.13,0.058,-0.123,-1.107,67.198,171.16,41.961,-63.53,-0.516,79.632,-42.834,-12.859,74.026,-0.529,120.64,306.586,23.842,-75.535,-0.372,134.406,62.077,-11.491,-38.53,-0.121,60.442,52.403,30.833,-34.464,-0.103,166.127,-24.433,-90.847,32.197,-0.194,231.89,-39.87,-128.472,65.984,-0.086,107.21,30.185,15.781,-23.252,-0.075,106.984,-16.427,-33.369,19.566,-0.196,87.815,0.119,24.627,-0.315,-0.066,154.305,-19.069,-26.395,23.48,-0.071,99.564,-9.325,11.167,10.205,-0.088,107.157,-1.177,-11.872,1.102,-0.184,58.619,3.136,5.107,-3.219,-0.13,44.75,5.18,11.969,-5.049,0.058,59.753,-52.576,32.68,110.986,-0.123,83.411,21.579,9.07,-17.85
263,6681,45982201_1450,1/8/2024 11:23,20.4,2,,TRUE,,GD,No Defect,Not Done,Pass,(None),110_LVL (new),Not Done,Pass,(None),Pass,(None),none,0,3,2016,TRUE,Pass,0,0,-0.361,0.323,0.451,0.191,-0.165,-0.07,-0.009,-0.075,0.024,-0.029,-0.02,inf,-0.103,0.013,-0.028,0.002,0.022,-0.361,568.897,-40.86,55.889,68.479,0.323,794.218,77.408,73.196,-43.451,0.451,538.896,32.184,51.832,-24.007,0.191,2765.301,12.091,-228.112,-10.617,-0.165,1194.154,-10.002,-34.832,10.93,-0.07,1158.097,-33.245,-101.267,49.696,-0.009,1205.822,74.99,-281.608,-42.859,-0.075,976.373,-20.408,-214.416,25.547,0.024,-4.982,7.167,1.038,-6.665,-0.029,34.992,-13.813,-106.401,15.994,-0.02,1402.018,-12.629,-111.508,14.432,inf,inf,inf,#NAME?,inf,-0.103,475.974,5.518,-102.74,-5.327,0.013,197.225,-38.97,-277.93,63.875,-0.028,80.119,-15.443,-84.215,18.231,0.002,196.501,6.42,72.1,-6.031,0.022,64.133,-17.758,-70.63,21.62
264,6687,45553187_1450,5/21/2023 11:53,26.7,2,,TRUE,,GD,No Defect,Not Done,Pass,Green,300_FW,Not Done,Pass,Grey,Pass,green,none,,0,0,TRUE,Pass,0,0,inf,-0.121,-0.375,0.057,0.263,0.134,0.12,0.168,0.003,0.023,0.158,0.156,0.156,0.099,0.142,0.192,0.103,inf,inf,inf,#NAME?,inf,-0.121,60.703,6.27,-12.874,-6.014,-0.375,156.483,169.037,41.573,-62.97,0.057,116.864,5.564,2.629,-5.217,0.263,24.032,-2.802,41.582,3.153,0.134,137.306,10.071,-19.972,-9.027,0.12,258.611,-14.653,10.55,17.309,0.168,45.608,76.542,43.45,-43.261,0.003,73.85,79.003,57.24,-44.134,0.023,65.53,-7.3,7.468,7.899,0.158,112.37,10.553,-68.499,-9.402,0.156,110.316,16.645,25.966,-14.136,0.156,102.563,-5.524,-12.752,6.012,0.099,71.468,25.38,25.39,-20.163,0.142,84.947,-8.728,-9.952,9.719,0.192,122.253,0.024,15.179,0.167,0.103,-82.274,-25.037,-58.777,33.536
265,6692,45927484_1450,11/29/2023 13:15,23.3,2,,TRUE,,GD,No Defect,Pass,Pass,(None),300_FW,Not Done,Pass,(None),Pass,(None),none,0,3,2016,TRUE,Pass,0,0,inf,-0.074,-0.349,-0.074,-0.014,-0.001,0.01,-0.003,0,0.018,-0.025,-0.024,-0.024,-0.034,-0.02,-0.023,-0.032,inf,inf,inf,#NAME?,inf,-0.074,600.62,-29.931,-240.118,42.61,-0.349,-37.697,-17.966,-373.856,21.474,-0.074,-49.908,37.242,-88.292,-27.19,-0.014,-68.272,31.121,29.003,-23.745,-0.001,-58.562,-16.308,-19.952,19.485,0.01,-49.539,-1.897,20.928,1.944,-0.003,-51.761,-27.421,-18.584,37.776,0,-32.257,11.926,-3.436,-10.656,0.018,-47.248,-13.895,-1,16.159,-0.025,-57.419,16.725,-1.771,-14.35,-0.024,-60.259,1.1,5.141,-1.112,-0.024,-56.166,6.221,8.353,-5.879,-0.034,-59.064,-9.361,-20.263,10.29,-0.02,-64.878,2.937,6.121,-2.873,-0.023,-72.779,0.562,8.049,-0.581,-0.032,-63.781,8.969,21.489,-8.26
266,6693,45482137_1450,4/18/2023 15:52,26.3,2,,TRUE,,GD,No Defect,Not Done,Pass,Green,110_LVL (new),Not Done,Pass,Blue,Pass,green,none,,3,2016,TRUE,Fail,0,0,0.52,-1.072,0.051,-0.037,-0.044,-0.095,-0.01,-0.062,-0.024,0.052,-0.029,-0.093,-0.022,-0.131,-0.072,-0.118,-0.033,0.52,335.762,-64.106,-55.171,180.048,-1.072,60.58,-65.673,34.551,188.189,0.051,549.823,-12.583,57.876,14.453,-0.037,742.553,82.037,-14.978,-45.086,-0.044,1639.284,38.819,-82.014,-27.996,-0.095,1069.569,1.416,-35.948,-1.49,-0.01,598.546,-10.527,-102.891,11.754,-0.062,1411.513,-6.98,-72.921,7.437,-0.024,1019.492,-5.095,-100.519,5.344,0.052,19.942,9.262,-45.143,-8.429,-0.029,865.151,4.273,-45.043,-4.126,-0.093,479.476,-9.659,-110.572,10.588,-0.022,2036.41,-2.871,-98.101,2.933,-0.131,1045.527,4.895,-103.424,-4.792,-0.072,815.402,8.783,-61.179,-8.14,-0.118,282.832,53.762,1.993,-35.041,-0.033,-10.459,101.615,81.562,-50.417
267,6694,45610187_1450,6/22/2023 18:28,25,2,,TRUE,,UN,(None),Not Done,Not Done,(None),300_FW,Not Done,Pass,Grey,Not Done,neon,,,0,0,FALSE,Pass,0,0,-0.737,0.002,0.152,-0.128,0.022,0.042,0.008,-0.031,0,0,0,-0.005,-0.005,-0.012,0.014,0.011,-0.044,-0.737,49.025,224.918,24.366,-69.45,0.002,0.666,3.531,-62.239,-3.409,0.152,-3.402,-7.604,-25.424,8.394,-0.128,-3.196,-28.498,-51.17,39.677,0.022,-42.575,-9.053,-49.315,9.979,0.042,-20.796,-9.194,-14.595,10.171,0.008,5.921,-1.23,-4.314,1.253,-0.031,-50.985,8.786,9.602,-8.105,0,-32.435,-6.941,-15.652,7.459,0,-23.931,-24.213,-56.191,31.949,0,-28.331,3.764,0.334,-3.628,-0.005,-9.671,36.208,-16.297,-26.587,-0.005,-11.582,-15.343,-52.923,18.118,-0.012,-7.175,11.268,13.17,-10.137,0.014,47.452,-19.145,-84.3,23.696,0.011,-16.924,-22.729,-60.545,29.428,-0.044,-39.442,-33.1,-93.161,49.412
268,6695,45578924_1450,6/7/2023 9:46,22.8,2,,TRUE,,GD,No Defect,Not Done,Pass,Green,110_LVL (new),Not Done,Pass,Blue,Pass,green,none,,3,2016,TRUE,Fail,0,0,1.318,0.57,0.74,0.35,0.157,0.366,0.252,0.182,0.335,0.316,0.289,0.311,0.232,0.383,0.289,0.433,0.447,1.318,-44.005,9.463,49.24,-7.441,0.57,-36.632,51.959,59.127,-33.818,0.74,311.518,36.282,62.98,-26.08,0.35,904.111,101.354,-82,-50.162,0.157,236.043,-22.623,-49.98,29.44,0.366,699.846,-19.013,-114.596,23.928,0.252,11.614,-1.012,-61.41,1.277,0.182,347.224,-30.767,-99.7,44.703,0.335,224.867,-48.206,-60.404,93.719,0.316,526.876,-12.564,-59.223,14.732,0.289,383.907,-12.983,-38.037,15.252,0.311,338.77,-1.248,-44.066,1.579,0.232,292.337,-11.076,-102.307,12.717,0.383,119.173,-52.324,-373.388,110.552,0.289,20.207,-26.071,-105.232,35.657,0.433,-51.535,-15.852,-25.25,19.353,0.447,-8.993,-16.707,-22.557,20.594
269,6697,45630522_1450,6/29/2023 15:20,27.5,2,,TRUE,,GD,No Defect,Pass,Pass,Green,300_FW,Not Done,Pass,Blue,Pass,green,none,,3,2016,TRUE,Fail,0,0,-4.938,-0.551,-0.005,-0.156,-0.127,-0.077,-0.027,-0.079,-0.09,-0.18,-0.03,-0.019,-0.017,-0.123,-0.028,0.05,-0.085,-4.938,526.673,267.327,60.247,-74.12,-0.551,46.804,75.08,19.389,-43.198,-0.005,185.349,69.503,-267.294,-41.007,-0.156,14.799,-66.75,51.709,200.28,-0.127,-15.114,-13.635,51.019,15.64,-0.077,52.469,22.379,29.746,-18.35,-0.027,213.232,-2.741,-20.557,2.791,-0.079,32.992,-21.518,-46.893,27.316,-0.09,59.2,0.239,-4.867,-0.329,-0.18,34.527,21.966,14.391,-18.158,-0.03,114.808,-10.834,-72.97,12.118,-0.019,134.326,36.592,14.188,-26.803,-0.017,85.17,-17.121,-39.56,20.636,-0.123,44.075,8.129,14.027,-7.631,-0.028,82.855,-1.719,-12.626,1.721,0.05,159.967,-8.208,-68.934,8.997,-0.085,-81.838,-45.807,-144.993,84.37
270,6701,46042691_1450,2/5/2024 10:37,20.8,2,,TRUE,,GD,No Defect,Pass,Pass,(None),110_LVL (new),Not Done,Pass,(None),Pass,(None),none,0,3,2016,TRUE,Pass,0,0,0.66,0.073,0.136,-0.07,-0.18,-0.107,-0.236,-0.301,-0.243,-0.191,-0.135,-0.174,-0.238,-0.16,-0.174,-0.064,-0.14,0.66,636.617,55.485,59.88,-35.261,0.073,449.634,41.803,42.059,-29.428,0.136,388.781,45.331,68.438,-31.098,-0.07,1198.164,262.091,23.769,-72.402,-0.18,602.19,33.372,-30.004,-25.157,-0.107,713.358,196.016,-100.618,-66.254,-0.236,749.548,5.847,-77.402,-5.747,-0.301,601.116,-7.834,-73.83,8.173,-0.243,449.911,-38.764,-38.147,62.906,-0.191,743.052,-10.956,-52.281,12.089,-0.135,455.862,15.414,-7.799,-13.472,-0.174,312.8,3.564,-38.079,-3.61,-0.238,351.724,5.674,-0.568,-5.594,-0.16,96.373,-49.552,-329.872,97.905,-0.174,-1.757,-8.733,-25.177,9.379,-0.064,-26.792,-52.16,-12.287,108.898,-0.14,-1.465,-6.944,-16.022,7.311
271,6705,45776107_1450,9/12/2023 19:36,30.3,2,,TRUE,,GD,No Defect,Pass,Pass,(None),400_LA (new),Not Done,Pass,(None),Pass,green,none,0,3,2016,TRUE,Pass,0,0,inf,-0.402,-0.007,-0.007,-0.024,-0.063,-0.001,-0.043,0.024,-0.066,0.008,-0.018,-0.044,-0.061,-0.028,-0.081,-0.073,inf,inf,inf,#NAME?,inf,-0.402,230.252,350.52,-153.882,-77.893,-0.007,204.033,276.092,13.041,-73.413,-0.007,242.107,8.757,28.093,-8.058,-0.024,193.281,39.056,18.153,-28.104,-0.063,214.154,30.838,13.392,-23.618,-0.001,161.94,-12.646,31.532,14.475,-0.043,153.514,-0.925,35.934,0.89,0.024,235.298,8.549,1.439,-7.854,-0.066,214.837,20.123,-22.923,-16.807,0.008,277.038,-27.774,-125.054,38.465,-0.018,225.457,15.603,8.116,-13.512,-0.044,199.349,4.202,15.526,-4.075,-0.061,135.176,25.66,52.116,-20.469,-0.028,231.397,1.063,3.014,-1.079,-0.081,38.419,-14.974,-5.482,17.515,-0.073,-72.682,-32.502,-81.21,48.045
272,6706,45759520_1450,9/5/2023 12:02,24.7,2,,TRUE,,GD,No Defect,Pass,Pass,(None),300_FW,Not Done,Pass,Blue,Pass,green,none,,3,2016,TRUE,Fail,0,0,0.834,0.421,0.624,0.284,0.072,0.169,0.016,0.022,0.057,0.052,0.346,0,0.032,0.082,0.049,0.131,0.012,0.834,432.797,-9.055,95.816,10.874,0.421,876.604,72.186,72.13,-41.679,0.624,564.329,48.176,76.249,-32.092,0.284,2384.772,463.981,-10.782,-82.219,0.072,32.933,165.476,57.275,-62.305,0.169,32.196,82.707,-35.851,-45.175,0.016,70.501,-3.761,-23.959,3.925,0.022,525.801,8.96,-84.05,-8.204,0.057,-41.207,51.974,15.117,-34.162,0.052,-17.027,-19.699,-51.876,24.597,0.346,1398.546,150.049,-391.701,-59.87,0,3436.156,24.85,-45.459,-19.904,0.032,341.212,28.267,-6.598,-22.013,0.082,62.315,-33.962,-89.565,51.551,0.049,-7.22,7.55,14.917,-6.975,0.131,79.235,93.543,32.963,-48.264,0.012,-16.473,30.708,13.884,-23.484
273,6706,45038818_1450,8/15/2022 17:10,25.4,2,,TRUE,,GD,No Defect,Not Done,Not Done,Green,100_LVL (old),Pass,Pass,Blue,Pass,green,none,,3,2016,TRUE,Pass,0,0,0.658,0.025,0.053,-0.177,-0.097,-0.075,0.006,0,0,-0.014,-0.276,0.063,0.05,0.072,0.042,0.027,0.067,0.658,19.128,29.519,-31.022,-22.283,0.025,-10.998,9.611,13.817,-8.746,0.053,-13.594,2.241,19.366,-2.14,-0.177,-27.863,-71.117,-18.196,245.609,-0.097,289.26,-75.423,-513.566,306.486,-0.075,714.196,-68.781,-204.911,220.081,0.006,-11.176,-20.162,-61.588,25.262,0,-19.449,-16.584,-44.33,19.882,0,-0.593,-26.662,-19.746,36.355,-0.014,-3.601,3.712,-8.346,-3.593,-0.276,-45.308,-75.071,57.017,300.033,0.063,-90.588,-14.852,32.167,17.516,0.05,-87.283,-39.34,-64.817,64.936,0.072,52.816,-13.158,-75.543,15.234,0.042,44.265,-25.711,-91.876,34.667,0.027,19.687,11.106,-90.137,-9.971,0.067,4.596,2.661,16.602,-2.527
274,6707,45939184_1450,12/5/2023 15:11,24.4,2,,TRUE,,GD,No Defect,Pass,Pass,(None),300_FW,Not Done,Pass,(None),Pass,(None),none,0,3,2016,TRUE,Pass,0,0,0.548,0.174,0.153,-0.136,-0.058,0.053,0.001,-0.076,0.038,-0.026,-0.025,-0.038,-0.027,0.012,0.013,-0.039,-0.024,0.548,132.168,10.228,74.114,-8.782,0.174,80.168,193.005,-105.007,-65.811,0.153,-2.647,-24.416,-86.36,32.506,-0.136,-20.381,8.305,16.798,-7.794,-0.058,-39.176,10.045,5.406,-9.182,0.053,-28.914,-22.891,-25.367,29.756,0.001,10.166,-15.277,4.568,18.032,-0.076,-43.566,-27.564,-30.82,37.949,0.038,-50.154,-9.841,-4.133,10.957,-0.026,-47.97,8.491,10.733,-7.85,-0.025,-37.343,8.276,13.954,-7.666,-0.038,20.874,24.741,-25.672,-19.864,-0.027,-34.907,-4.278,-6.629,4.441,0.012,-25.986,-2.066,-1.473,2.122,0.013,17.569,-21.709,-95.34,27.744,-0.039,12.149,-5.913,-44.4,6.243,-0.024,-38.647,-28.66,-81.592,40.141
275,6708,45813514_1450,10/2/2023 17:56,24.2,2,,TRUE,,GD,No Defect,Pass,Pass,(None),300_FW,Not Done,Pass,(None),Pass,green,none,0,3,2016,TRUE,Pass,0,0,0.462,0.323,0.412,0.196,0.037,0.033,0.018,-0.049,-0.024,-0.038,-0.013,-0.025,-0.032,0.022,-0.001,-0.073,-0.014,0.462,280.373,63.571,61.538,-38.582,0.323,364.218,-11.354,39.887,13.173,0.412,296.679,26.455,64.945,-20.595,0.196,713.363,-13.768,-66.686,16.193,0.037,272.713,25.547,30.19,-20.319,0.033,370.17,-6.935,-4.02,7.487,0.018,529.529,-3.144,-37.924,3.264,-0.049,155.271,-19.108,-34.259,23.562,-0.024,166.644,0.097,11.678,-0.121,-0.038,309.684,-7.742,-39.501,8.351,-0.013,232.645,-3.033,-11.151,3.114,-0.025,245.033,28.792,21.373,-22.375,-0.032,138.005,29.582,32.776,-22.853,0.022,698.747,-22.731,-100.842,29.446,-0.001,-49.808,8.512,21.603,-7.845,-0.073,-29.246,281.837,57.518,-73.83,-0.014,-63.512,17.316,38.79,-14.772
276,6709,45736116_1450,8/22/2023 17:56,24.5,2,,TRUE,,GD,No Defect,Pass,Pass,(None),300_FW,Not Done,Pass,Blue,Pass,green,none,,3,2016,TRUE,Fail,0,0,1.435,0.672,0.792,0.495,0.223,0.387,0.255,0.205,0.21,0.225,0.269,0.292,0.186,0.28,0.256,0.158,0.262,1.435,115.641,-22.103,94.55,30.217,0.672,808.389,50.08,79.331,-32.921,0.792,613.701,81.124,73.264,-44.352,0.495,2229.085,227.234,0.707,-69.29,0.223,1368.824,91.461,-154.262,-47.653,0.387,1037.917,-4.447,-121.519,5.059,0.255,160.39,26.511,-33.706,-20.754,0.205,644.748,24.215,-109.841,-19.33,0.21,-30.314,13.114,14.492,-11.408,0.225,-15.298,0.446,-47.996,-0.22,0.269,815.146,1.177,-161.573,-0.897,0.292,5670.946,23.322,-75.946,-18.675,0.186,463.852,-6.71,-103.501,7.393,0.28,156.425,-36.495,-201.241,57.909,0.256,54.31,-9.225,-47.869,10.444,0.158,362.561,267.592,14.985,-72.753,0.262,19.655,-8.804,-73.669,9.942
277,6710,45636019_1450,7/6/2023 15:55,25.8,2,,TRUE,,GD,No Defect,Pass,Pass,Green,400_LA (new),Not Done,Pass,Blue,Pass,green,none,,3,2016,TRUE,Fail,0,0,0.235,0.527,1.703,-0.075,-0.048,0.032,0.01,-0.018,0.096,0.038,0.025,0.004,0.008,-0.002,0.015,-0.043,-0.032,0.235,677.025,59.035,-56.994,-36.973,0.527,355.385,50.881,0.934,-33.373,1.703,235.629,311.952,53.175,-75.312,-0.075,228.025,14.793,-27.768,-12.952,-0.048,144.051,15.23,38.443,-13.259,0.032,209.724,-11.804,3.357,13.42,0.01,371.334,-5.661,-36.918,6.011,-0.018,165.21,21.751,0.407,-17.88,0.096,256.725,22.784,-50.371,-18.478,0.038,215.543,15.604,10.42,-13.465,0.025,188.922,-6.911,7.509,7.451,0.004,212.782,-13.667,-25.941,15.835,0.008,209.633,10.575,-1.59,-9.556,-0.002,204.335,13.605,21.232,-11.977,0.015,263.916,-0.243,-7.069,0.259,-0.043,153.186,-22.77,10.831,29.427,-0.032,161.783,3.82,-2.886,-3.71
278,6712,45966711_1450,12/19/2023 19:39,24.9,2,,TRUE,,GD,No Defect,Pass,Pass,(None),400_LA (new),Not Done,Pass,(None),Pass,(None),none,0,3,2016,TRUE,Pass,0,0,1.2,0.718,0.749,-0.128,0.08,0.03,0.019,-0.016,0.038,0.084,0.005,0.006,0,0.008,-0.009,-0.148,0.011,1.2,-19.37,76.447,51.58,-42.646,0.718,-66.621,-52.099,-9.609,110.264,0.749,50.653,81.281,-25.761,-44.424,-0.128,-2.2,-11.271,-82.669,12.558,0.08,-37.352,-68.338,-115.75,216.089,0.03,-30.62,-7.374,7.522,7.993,0.019,-12.319,0.378,19.285,-0.357,-0.016,-10.042,-7.28,21.042,7.834,0.038,-20.676,6.422,21.074,-5.998,0.084,-1.987,27.93,7.729,-21.766,0.005,-17.211,-19.592,-72.88,24.371,0.006,-10.941,-6.75,-25.663,7.245,0,21.289,1.838,0.116,-1.805,0.008,15.849,11.141,17.063,-10.017,-0.009,6.661,-0.587,0.883,0.581,-0.148,-73.634,168.358,27.295,-62.792,0.011,15.844,-10.694,-21.849,11.987
279,6714,46066378_1450,2/14/2024 13:29,25.6,2,,TRUE,,GD,No Defect,Not Done,Not Done,(None),300_FW,Not Done,Pass,(None),Pass,(None),none,0,3,2016,TRUE,Pass,0,0,0.018,0.382,1.125,-0.18,-0.004,0.049,0,-0.027,-0.014,0,0.026,0.014,-0.007,0.013,0.021,-0.033,-0.029,0.018,281.664,44.235,-86.953,-30.656,0.382,25.176,-34.629,-95.601,53.558,1.125,14.872,59.854,-186.644,-36.739,-0.18,-61.464,28.52,-16.843,-22.331,-0.004,-77.467,-4.248,22.267,4.433,0.049,-61.799,-21.5,-17.608,27.451,0,-22.847,5.882,-39.109,-5.555,-0.027,-70.789,27.706,40.944,-21.716,-0.014,-64.853,6.88,9.345,-6.451,0,-49.761,-0.549,13.109,0.552,0.026,-58.047,-12.34,-45.926,14.107,0.014,-73.185,-3.593,4.478,3.742,-0.007,-54.845,-0.689,-16.366,0.687,0.013,-45.217,-2.143,-29.667,2.204,0.021,-37.791,-12.198,-33.18,13.917,-0.033,16.994,-23.191,7.032,30.15,-0.029,-55.088,-34.734,-129.532,53.176
280,6715,45856444_1450,10/20/2023 19:21,29.4,2,,TRUE,,GD,No Defect,Pass,Pass,(None),400_LA (new),Not Done,Pass,(None),Pass,green,none,0,3,2016,TRUE,Pass,0,0,-0.12,0.05,0.052,-0.075,0.075,-0.041,0.022,-0.029,0.067,0.087,0.005,-0.014,-0.017,0.04,0.023,-0.119,-0.027,-0.12,76.744,-28.707,-85.948,40.097,0.05,-78.676,-30.232,-100.74,43.404,0.052,-76.734,-17.378,-3.445,21.097,-0.075,55.974,-28.031,-15.145,38.845,0.075,28.05,-53.887,-31.916,117.021,-0.041,18.453,20.238,9.778,-16.866,0.022,-6.001,1.229,17.621,-1.192,-0.029,16.667,-8.443,-4.085,9.19,0.067,39.302,-8.688,-39.878,9.588,0.087,25.383,12.337,-30.334,-10.904,0.005,5.953,23.523,25.848,-19.04,-0.014,87.015,-14.403,-130.257,16.811,-0.017,38.771,6.493,-9.024,-6.114,0.04,71.907,18.694,21.496,-15.716,0.023,151.965,-20.766,-83.027,26.238,-0.119,-13.547,37.326,42.593,-27.267,-0.027,-15.036,63.125,45.161,-38.714
281,6720,46008904_1450,1/17/2024 15:55,21.6,2,,TRUE,,GD,No Defect,Pass,Pass,(None),300_FW,Not Done,Pass,(None),Pass,(None),none,0,3,2016,TRUE,Fail,0,0,-0.317,-0.085,0.069,-0.197,-0.119,-0.029,-0.631,-0.07,-0.071,-0.055,-0.069,-0.043,0.002,-0.06,-0.043,-0.06,-0.067,-0.317,36.93,64.616,-916.795,-39.445,-0.085,-11.229,4.556,-1.33,-4.439,0.069,-28.413,-12.334,-3.297,14.149,-0.197,-76.4,2.401,-10.527,-2.536,-0.119,-68.347,17.975,-19.429,-15.337,-0.029,-33.669,74.766,56.223,-42.797,-0.631,-89.711,-7.812,-33.37,7.79,-0.07,-60.245,-16.471,-6.441,19.634,-0.071,-70.654,17.708,34.907,-15.104,-0.055,13.874,3.855,10.864,-3.765,-0.069,-60.693,69.423,55.327,-41.017,-0.043,-78.954,-21.808,-26.117,27.835,0.002,-21.415,-12.729,21.422,14.588,-0.06,-37.789,6.852,19.318,-6.469,-0.043,-19.338,2.531,5.983,-2.51,-0.06,-89.475,-12.437,48.72,14.135,-0.067,-51.606,6.637,50.654,-6.287
282,6726,45462194_1450,4/4/2023 21:26,23.3,2,,TRUE,,GD,No Defect,Pass,Pass,Green,400_LA (new),Not Done,Pass,Blue,Pass,green,none,,3,2016,TRUE,Pass,0,0,0.019,-0.626,-0.888,-0.105,0.05,-0.021,-0.344,0.04,-0.077,-0.055,0.008,0.049,0.075,-0.152,-0.018,0.019,0.02,0.019,7.045,80.565,48.587,-44.608,-0.626,269.73,-7.778,82.223,7.756,-0.888,212.368,89.941,-10.549,-47.82,-0.105,74.944,-26.747,19.212,36.369,0.05,206.159,15.16,38.498,-13.121,-0.021,159.458,-24.501,-41.486,32.424,-0.344,5.363,-30.093,44.064,42.556,0.04,240.931,50.328,22.706,-33.452,-0.077,201.595,105.254,12.048,-51.317,-0.055,148.186,-12.624,-15.289,14.385,0.008,181.809,25.895,-32.816,-20.563,0.049,192.17,34.975,-440.68,-25.876,0.075,435.474,3.156,17.183,-2.987,-0.152,63.694,-6.87,-10.444,7.213,-0.018,140.235,-1.856,-5.473,1.873,0.019,196.163,23.833,19.518,-19.231,0.02,167.744,-20.378,-29.941,25.619
283,6732,45655731_1450,7/19/2023 11:01,26.6,2,,TRUE,,UN,(None),Not Done,Not Done,(None),110_LVL (new),Not Done,Pass,Grey,Not Done,neon,,,0,0,FALSE,Pass,0,0,-100,0.486,0.301,0.21,-0.059,0.063,-0.024,-0.076,0.029,0.032,-0.059,-0.085,0.022,0.03,0.006,-0.052,0.069,-100,-100,-100,100,-100,0.486,247.287,-56.084,58.008,128.815,0.301,264.172,19.958,74.573,-16.386,0.21,897.701,11.497,-43.721,-10.123,-0.059,702.142,-17.51,-19.902,21.156,0.063,693.921,-26.878,-74.391,36.844,-0.024,688.907,4.569,-44.517,-4.392,-0.076,654.993,-16.324,-76.211,19.418,0.029,475.635,-20.494,-90.414,25.813,0.032,805.126,-16.803,-97.511,20.235,-0.059,445.518,4.571,3.415,-4.428,-0.085,319.532,-26.679,-47.09,36.271,0.022,407.283,26.294,29.698,-20.802,0.03,1448.38,-50.85,-424.809,103.522,0.006,-14.681,-3.713,-8.13,3.863,-0.052,8.76,21.282,43.151,-17.59,0.069,16.498,-12.052,-11.987,13.782
284,6734,45681376_1450,7/26/2023 19:03,31.8,2,,TRUE,,GD,No Defect,Pass,Pass,Green,400_LA (new),Not Done,Pass,Blue,Pass,green,none,,3,2016,TRUE,Pass,0,0,1.329,0.024,0.004,0.032,0.012,-0.042,0.035,-0.003,0.024,0.079,0.013,0.001,0.024,0.01,0.011,-0.038,0.03,1.329,-12.975,-53.422,-47.644,117.545,0.024,352.679,108.126,20.914,-51.941,0.004,274.421,11.978,6.044,-10.693,0.032,545.517,-4.441,-50.413,4.681,0.012,668.928,37.831,-11.536,-27.438,-0.042,429.31,-0.52,1.935,0.481,0.035,258.108,5.991,13.073,-5.619,-0.003,490.138,57.182,11.413,-36.381,0.024,619.172,0.715,-22.018,-0.686,0.079,565.967,7.567,-14.282,-6.961,0.013,481.74,48.149,-20.245,-32.492,0.001,501.182,-18.83,-90.909,23.2,0.024,462.376,23.238,12.741,-18.837,0.01,603.707,-17.16,-42.804,20.727,0.011,-31.96,2.309,8.917,-2.246,-0.038,-52.065,-13.065,3.265,14.985,0.03,-44.186,33.965,34.106,-25.331
285,6739,45671994_1450,7/21/2023 16:17,28.2,2,,TRUE,,GD,No Defect,Pass,Pass,Green,400_LA (new),Not Done,Pass,Blue,Pass,green,none,,4,2016,TRUE,Pass,0,0,0.301,-0.552,-0.26,0.027,0.009,-0.012,0,-0.022,-0.005,0.012,-0.026,-0.038,-0.051,-0.007,-0.043,-0.089,-0.071,0.301,74.983,49.943,37.402,-33.108,-0.552,145.035,47.094,58.763,-32.391,-0.26,214.025,61.357,37.57,-38.186,0.027,371.222,-2.076,14.505,2.148,0.009,502.023,11.888,-28.18,-10.617,-0.012,304.476,17.457,-21.83,-14.873,0,114.789,16.625,29.857,-14.255,-0.022,329.418,78.843,32.74,-44.097,-0.005,544.715,-11.146,0.275,12.538,0.012,416.131,-10.265,-15.202,11.452,-0.026,328.711,0.514,1.256,-0.537,-0.038,402.568,-13.708,-57.363,15.841,-0.051,406.629,0.905,-38.823,-0.948,-0.007,439.669,18.138,16.695,-15.359,-0.043,417.942,0.655,-5.576,-0.693,-0.089,274.452,-6.729,-18.1,7.119,-0.071,-50.938,-19.492,26.39,24.123
286,6741,45959253_1450,12/14/2023 22:10,26.2,2,,TRUE,,GD,No Defect,Pass,Pass,(None),400_LA (new),Not Done,Pass,(None),Pass,(None),none,0,4,2016,TRUE,Pass,0,0,0.511,0.149,-0.019,0.092,-0.036,0.01,0.033,0.011,0.071,0.109,0.014,-0.033,0.002,0,-0.006,-0.048,0.015,0.511,-81.35,-17.698,-68.777,22.124,0.149,-82.969,-32.704,-10.048,48.818,-0.019,4.845,2.782,-20.143,-2.726,0.092,17.674,-61.292,-63.035,158.586,-0.036,72.599,35.944,-2.052,-26.467,0.01,-5.656,-36.365,-30.431,57.162,0.033,-52.304,7.728,32.003,-7.143,0.011,67.673,-41.2,-42.673,70.086,0.071,9.38,5.512,0.91,-5.157,0.109,-13.997,1.077,-9.423,-0.957,0.014,13.725,-9.105,-3.047,10.033,-0.033,64.877,-15.209,-27.477,17.898,0.002,24.313,4.975,17.123,-4.738,0,-8.81,-0.463,3.252,0.465,-0.006,-17.685,11.686,19.258,-10.469,-0.048,-37.731,19.419,37.731,-16.301,0.015,10.28,-2.196,17.426,2.26
287,6770,45864875_1450,10/30/2023 9:59,22.5,2,,TRUE,,GD,No Defect,Not Done,Pass,(None),110_LVL (new),Not Done,Pass,(None),Pass,green,none,0,4,2016,TRUE,Pass,0,0,1.267,0.579,1.059,-0.186,0.072,0.081,0.054,0.009,0.065,0.102,0.043,0.029,0.012,0.01,-0.005,-0.005,0.005,1.267,162.858,66.552,56.336,-39.198,0.579,56.781,26.601,31.336,-20.555,1.059,69.739,261.763,-9.363,-72.065,-0.186,-20.669,41.262,15.107,-29.341,0.072,-48.979,-36.403,-29.552,57.355,0.081,-25.658,-10.218,-67.431,11.472,0.054,-2.128,8.586,1.626,-7.858,0.009,-35.937,-4.413,35.335,4.627,0.065,-36.858,30.175,26.224,-23.131,0.102,-6.563,7.333,2.35,-6.736,0.043,-26.391,-5.417,-24.831,5.772,0.029,-35.942,-18.238,-0.963,22.342,0.012,-14.647,-12.545,1.51,14.358,0.01,-16.985,-11.134,-26.544,12.54,-0.005,-35.863,3.743,13.094,-3.613,-0.005,-48.44,-16.293,-6.097,19.459,0.005,-15.52,19.315,21.49,-16.184
288,6779,45869740_1450,11/2/2023 15:08,22,2,,TRUE,,GD,No Defect,Not Done,Pass,(None),110_LVL (new),Not Done,Pass,(None),Pass,green,none,0,4,2016,TRUE,Pass,0,0,0.354,0.683,-0.824,-0.218,-0.014,-0.052,0.021,-0.029,0,0,0.004,-0.005,-0.005,-0.041,-0.016,-0.023,0,0.354,-56.601,-20.607,67.098,26.401,0.683,27.216,-31.116,9.28,46.162,-0.824,59.11,100.383,-61.662,-50.506,-0.218,-36.939,-31.806,24.746,46.32,-0.014,-58.456,-30.847,-11.139,44.587,-0.052,-42.92,18.377,27.112,-15.568,0.021,-6.428,-13.985,-35.309,16.284,-0.029,-40.599,-10.606,11.146,11.832,0,-41.408,2.631,10.503,-2.564,0,-25.254,-1.876,15.288,1.912,0.004,-28.889,-27.78,-78.501,38.47,-0.005,-53.011,0.592,30.671,-0.594,-0.005,-14.204,-11.31,-6.921,12.746,-0.041,-19.046,-12.702,-51.888,14.503,-0.016,-43.921,1.44,3.613,-1.436,-0.023,-54.023,-19.888,-8.249,24.797,0,-18.604,-6.959,-20.326,7.479
289,6783,45668129_1450,7/26/2023 13:22,23.9,2,,TRUE,,GD,No Defect,Not Done,Pass,Green,110_LVL (new),Not Done,Pass,Blue,Pass,green,none,,4,2016,TRUE,Pass,0,0,0.027,0.028,-0.176,-0.075,-0.063,-0.082,-0.028,-0.027,-0.026,-0.037,-0.03,-0.052,-0.074,-0.07,-0.071,-0.079,-0.033,0.027,126.313,-67.866,-4.135,211.283,0.028,298.322,55.545,43.886,-35.692,-0.176,234.77,39.006,47.326,-28.187,-0.075,504.284,28.718,15.746,-22.369,-0.063,667.14,-12.683,-12.363,14.454,-0.082,480.05,11.549,-3.016,-10.427,-0.028,283.328,2.618,0.311,-2.579,-0.027,758.548,-6.258,-33.87,6.647,-0.026,523.476,13.555,0.844,-11.96,-0.037,509.033,10.05,15.677,-9.166,-0.03,414.264,6.061,18.572,-5.743,-0.052,431.946,-20.675,-61.399,25.999,-0.074,538.924,-8.769,-22.122,9.531,-0.07,445.065,1.122,-1.917,-1.179,-0.071,315.854,20.013,22.197,-16.735,-0.079,-66.31,-2.447,56.039,2.428,-0.033,-32.398,59.619,30.383,-37.371
290,6785,45593708_1450,6/15/2023 16:21,24.2,2,,TRUE,,GD,No Defect,Not Done,Pass,Green,110_LVL (new),Not Done,Pass,Blue,Pass,green,none,,4,2016,TRUE,Pass,0,0,0.352,-0.073,-0.17,0.01,0.013,-0.011,0.022,-0.007,0.045,0.009,0.017,-0.038,-0.027,-0.035,-0.039,-0.079,-0.015,0.352,-55.49,-11.624,0.035,13.552,-0.073,-44.372,-8.982,-2.195,9.787,-0.17,218.949,18.525,27.332,-15.773,0.01,420.089,34.586,12.092,-25.691,0.013,602.011,115.117,27.131,-53.508,-0.011,457.413,5.245,10.693,-4.994,0.022,241.147,28.73,28.904,-22.301,-0.007,652.702,-13.463,-61.146,15.549,0.045,449.32,-9.304,-8.529,10.308,0.009,450.124,-16.714,-38.306,20.079,0.017,448.37,-4.838,-45.495,5.102,-0.038,354.013,-0.527,10.264,0.491,-0.027,439.242,14.925,-6.847,-13.01,-0.035,365.706,13.676,14.817,-12.062,-0.039,276.723,11.548,15.866,-10.387,-0.079,-37.428,-8.647,41.452,9.378,-0.015,-38.893,3.275,14.189,-3.186
291,6788,45830209_1450,10/17/2023 12:56,22.4,2,,TRUE,,GD,No Defect,Not Done,Pass,(None),110_LVL (new),Not Done,Pass,(None),Pass,green,none,0,4,2016,TRUE,Pass,0,0,-0.216,-0.198,-0.719,-0.086,-0.009,-0.083,-0.028,-0.032,0.005,-0.069,0.026,-0.032,-0.029,-0.126,-0.055,0.043,0.002,-0.216,-78.062,-55.837,-37.451,125.942,-0.198,-74.632,-68.166,-61.335,213.513,-0.719,108.221,-16,7.782,18.191,-0.086,133.613,6.076,30.423,-5.809,-0.009,112.508,50.724,46.826,-33.659,-0.083,180.521,-29.434,-23.673,41.593,-0.028,240.414,-7.438,-13.767,8.005,-0.032,191.585,90.876,32.53,-47.627,0.005,158.417,10.951,-1.019,-9.866,-0.069,131.452,-2.922,9.124,2.939,0.026,182.21,29.66,4.806,-22.855,-0.032,171.98,1.84,-0.518,-1.838,-0.029,160.458,14.544,18.381,-12.723,-0.126,76.915,8.358,17.098,-7.829,-0.055,55.138,9.737,23.043,-8.923,0.043,122.479,-53.306,-17.703,114.252,0.002,-77.376,45,49.538,-31.033
292,6793,45849090_1450,10/18/2023 19:19,35.3,2,,TRUE,,GD,No Defect,Pass,Pass,(None),400_LA (new),Not Done,Pass,(None),Pass,green,none,0,4,2016,TRUE,Pass,0,0,-0.695,0.798,0.696,0.398,-0.066,0.012,-0.158,-0.095,0.04,0.046,-0.004,-0.019,-0.062,0.119,0.063,-0.158,0.018,-0.695,19.579,-53.661,43.034,114.3,0.798,44.654,-62.864,38.361,171.428,0.696,-0.897,-6.285,42.712,7.448,0.398,4208.306,320.068,-124.724,-76.1,-0.066,2263.489,-28.731,-288.246,40.221,0.012,1594.706,-10.324,-16.119,11.526,-0.158,1938.752,110.318,-131.727,-52.528,-0.095,661.633,26.317,39.836,-20.909,0.04,770.403,3.831,-47.637,-3.651,0.046,34.311,-9.955,-82.968,11.107,-0.004,1215.431,-6.328,-31.545,6.751,-0.019,7299.473,8.688,-118.736,-8.011,-0.062,512.891,33.286,-16.721,-25.019,0.119,2867.957,-3.278,-95.891,3.512,0.063,76.698,-0.019,-6.257,0.082,-0.158,48.255,165.099,65.587,-62.338,0.018,58.726,19.646,18.311,-16.405
293,6797,45908622_1450,11/18/2023 16:24,25.3,2,,TRUE,,GD,No Defect,Pass,Pass,(None),300_FW,Not Done,Pass,(None),Pass,green,none,0,4,2016,TRUE,Pass,0,0,0.051,0.371,0.651,0.3,0.006,0.135,0.037,0,0.01,0.061,0.027,0.026,-0.053,0.086,0.01,-0.082,-0.02,0.051,264.287,-42.95,51.794,75.375,0.371,903.23,21.667,81.322,-17.504,0.651,529.887,22.935,79.063,-18.126,0.3,3105.561,306.719,-155.36,-75.339,0.006,1171.209,21.668,-55.591,-17.804,0.135,1108.899,-23.96,-169.733,31.688,0.037,98.12,4.815,-8.581,-4.558,0,552.375,-19.582,-125.683,24.35,0.01,501.885,25.761,-207.424,-20.476,0.061,2.133,-5.594,-22.902,5.99,0.027,968.838,-2.695,-72.597,2.797,0.026,4655.239,30.666,-33.736,-23.45,-0.053,320.785,19.936,-12.046,-16.666,0.086,145.192,-20.996,-128.146,26.685,0.01,-6.182,-2.3,45.553,2.365,-0.082,211.987,213.947,66.063,-68.173,-0.02,-6.4,5.063,-13.099,-4.838
294,6799,45655753_1450,7/19/2023 12:34,23.7,2,,TRUE,,GD,No Defect,Not Done,Pass,Green,110_LVL (new),Not Done,Pass,Blue,Pass,green,none,,4,2016,TRUE,Pass,0,0,inf,-0.201,-0.327,-0.087,-0.171,-0.012,-0.042,-0.038,-0.009,-0.044,-0.039,-0.079,-0.046,-0.077,-0.067,-0.032,-0.061,inf,inf,inf,#NAME?,inf,-0.201,-55.883,6.409,-25.954,-6.212,-0.327,205.329,24.297,14.885,-19.811,-0.087,385.23,-19.731,-12.894,24.473,-0.171,625.624,32.653,-234.509,-24.744,-0.012,477.757,3.818,-29.066,-3.689,-0.042,193.347,3.174,27.168,-3.117,-0.038,527.021,-3.445,-17.073,3.529,-0.009,445.005,7.855,-19.733,-7.292,-0.044,430.714,-13.131,-24.201,15.066,-0.039,411.604,-4.093,-61.181,4.227,-0.079,285.353,-2.585,15.795,2.572,-0.046,469.481,-1.929,-31.928,1.92,-0.077,379.328,-2.863,-11.291,2.868,-0.067,231.153,11.673,21.08,-10.513,-0.032,-66.861,-65.294,6.493,188.044,-0.061,-44.147,47.874,31.7,-32.416
295,6806,46059960_1450,2/9/2024 21:11,21.5,2,,TRUE,,GD,No Defect,Not Done,Not Done,(None),400_LA (new),Not Done,Pass,(None),Fail,(None),none,REJECTED DUE TO EXCESSIVE SURFACE DAMAGE ON TUBEWELL ,4,2016,TRUE,Pass,0,0,0.479,0.295,0.05,-0.018,-0.064,0,-0.334,-0.018,0.014,0.009,0.006,-0.214,-0.058,0.043,0.036,-0.006,-0.047,0.479,190.922,296.103,57.056,-74.633,0.295,21.342,178.214,-96.913,-63.951,0.05,-8.806,-13.188,-9.96,15.25,-0.018,8.703,-29.956,-55.52,42.742,-0.064,-37.224,14.797,-3.42,-12.946,0,-8.991,-0.425,29.598,0.427,-0.334,74.392,4.768,-128.643,-4.87,-0.018,-27.531,-14.123,14.05,16.425,0.014,-10.935,18.059,26.859,-15.284,0.009,-5.691,7.281,12.437,-6.779,0.006,-2.507,-13.538,1.685,15.665,-0.214,406.887,56.378,-420.233,-36.189,-0.058,-26.838,7.726,-10.419,-7.225,0.043,26.361,5.09,10.137,-4.802,0.036,34.951,-5.359,-20.338,5.701,-0.006,22.852,15.159,1.024,-13.169,-0.047,-16.678,3.176,8.332,-3.123
296,6806,45942952_1450,12/11/2023 16:05,22.3,2,,TRUE,,GD,No Defect,Pass,Pass,(None),110_LVL (new),Not Done,Pass,(None),Pass,(None),none,0,4,2016,TRUE,Pass,0,0,2.116,-0.37,0.155,-0.127,0.159,-0.062,0.343,0.004,0.009,0.02,-0.023,0.18,0.002,-0.028,-0.039,-0.089,-0.024,2.116,107.299,-45.202,-509.916,86.351,-0.37,18.016,37.318,23.838,-27.446,0.155,29.233,88.884,-39.117,-46.976,-0.127,-24.408,28.099,-12.787,-22.035,0.159,-7.556,140.109,-317.005,-58.286,-0.062,-25.98,-23.358,-63.518,30.397,0.343,-51.613,-6.954,47.355,7.843,0.004,-10.359,-8.464,-21.594,9.251,0.009,-28.888,5.46,-18.303,-5.169,0.02,-13.965,-6.101,-4.134,6.519,-0.023,-30.634,3.485,-2.357,-3.39,0.18,-85.847,-29.097,83.161,41.291,0.002,2.151,-14.006,0.446,16.289,-0.028,-12.51,-14.608,-45.241,17.074,-0.039,-38.186,-1.872,-1.828,1.868,-0.089,6.187,-35.664,26.615,55.295,-0.024,-7.532,-19.105,-53.927,23.588
297,6807,45747285_1450,9/4/2023 11:52,23.3,2,,TRUE,,GD,No Defect,Not Done,Pass,(None),110_LVL (new),Not Done,Pass,Blue,Pass,green,none,,4,2016,TRUE,Fail,0,0,inf,-0.462,-0.35,-0.288,-0.27,-0.351,-0.304,-0.276,-0.366,-0.369,-0.238,-0.226,-0.324,-0.412,-0.338,-0.139,-0.377,inf,inf,inf,#NAME?,inf,-0.462,19.898,-61.582,29.049,159.094,-0.35,168.197,183.132,-121.821,-64.805,-0.288,137.412,-25.391,-20.603,33.647,-0.27,121.863,72.808,38.583,-42.289,-0.351,195.525,2.941,-21.101,-3.198,-0.304,251.351,10.474,-17.279,-9.756,-0.276,183.608,-4.997,-12.045,4.969,-0.366,136.057,-10.584,43.764,11.427,-0.369,90.504,17.948,40.956,-15.53,-0.238,127.382,34.727,23.404,-25.952,-0.226,158.555,-0.916,-56.349,0.697,-0.324,138.164,4.949,13.434,-5.024,-0.412,70.179,-1.567,6.157,1.174,-0.338,46.769,14.44,27.921,-12.913,-0.139,85.859,-55.332,9.046,123.564,-0.377,-71.169,-18.359,-7.9,22.026
298,6808,45677083_1450,7/25/2023 16:58,25.1,2,,TRUE,,UN,5,Pass,Not Done,Yellow,2022,Not Done,Pass,Grey,Not Done,neon,,,2,0,FALSE,Pass,0,0,-0.718,-0.22,-0.398,-0.193,-0.03,-0.056,-0.061,-0.047,-0.251,-0.162,-0.03,-0.018,-0.045,-0.102,-0.043,0.037,-0.136,-0.718,37.972,-13.556,43.187,14.852,-0.22,98.149,-40.055,-23.709,66.454,-0.398,117.186,5.15,20.025,-5.277,-0.193,139.693,26.681,-6.457,-21.214,-0.03,39.894,195.992,59.384,-66.225,-0.056,128.669,7.799,10.072,-7.287,-0.061,320.259,-46.809,-7.748,87.887,-0.047,75,-12.304,-46.896,13.977,-0.251,42.089,-36.979,63.141,58.279,-0.162,79.426,13.023,22.233,-11.666,-0.03,185.577,-1.932,-49.465,1.939,-0.018,96.029,13.618,7.664,-12.002,-0.045,102.793,-5.383,-19.573,5.642,-0.102,64.317,5.757,25.985,-5.54,-0.043,82.319,0.746,-0.824,-0.782,0.037,202.759,164.123,-17.276,-62.125,-0.136,-82.323,-39.429,-74.619,64.87
299,6811,46054126_1450,2/8/2024 19:53,22.9,2,,TRUE,,GD,No Defect,Not Done,Pass,(None),110_LVL (new),Not Done,Pass,(None),Pass,(None),none,0,5,2016,TRUE,Pass,0,0,0.441,0.084,-0.109,0.01,-0.046,-0.061,0,0.016,-0.169,0.061,-0.005,-0.014,-0.027,-0.042,-0.049,-0.1,-0.024,0.441,-60.748,-47.562,-34.538,91.54,0.084,412.909,19.277,-29.585,-16.092,-0.109,291.974,46.072,40.169,-31.615,0.01,394.437,47.063,23.647,-31.995,-0.046,647.164,80.43,7.706,-44.603,-0.061,487.297,9.368,28.547,-8.621,0,278.679,2.999,-8.953,-2.912,0.016,695.587,-1.752,-49.269,1.8,-0.169,472.889,21.082,71.381,-17.552,0.061,616.354,-7.646,-26.044,8.345,-0.005,499.864,-8.946,-56.067,9.82,-0.014,473.709,-21.685,-32.657,27.672,-0.027,646.428,14.533,-28.043,-12.712,-0.042,536.265,5.196,-3.417,-4.979,-0.049,406.559,4.43,2.945,-4.289,-0.1,-40.059,-41.073,34.979,69.53,-0.024,6.862,7.657,7.655,-7.134
300,6822,45602438_1450,6/21/2023 16:49,22.6,2,,TRUE,,GD,No Defect,Not Done,Pass,Green,110_LVL (new),Not Done,Pass,Blue,Pass,green,none,,5,2016,TRUE,Pass,0,0,1.029,0.348,0.24,0.243,-0.041,0.024,0.002,-0.065,0.024,0.038,-0.01,0.015,-0.033,0.001,-0.018,0.011,-0.004,1.029,15.636,59.813,65.409,-36.783,0.348,1058.166,80.679,31.272,-44.46,0.24,643.835,27.565,60.218,-21.42,0.243,2600.481,5.357,-244.584,-4.853,-0.041,1521.294,224.726,-1.247,-69.217,0.024,1403.048,-34.859,-232.868,53.549,0.002,1464.99,-6.577,-219.622,7.042,-0.065,942.129,21.007,-31.64,-17.414,0.024,-18.724,7.023,18.639,-6.54,0.038,24.315,-12.964,-65.656,14.938,-0.01,1125.991,-7.254,-49.13,7.81,0.015,4319.048,53.169,-19.021,-34.703,-0.033,492.116,34.872,-5.768,-25.881,0.001,88.041,-26.659,-119.889,36.35,-0.018,-12.179,20.708,30.398,-17.17,0.011,78.451,79.047,53.549,-44.143,-0.004,72.601,12.845,-3.982,-11.387
301,6832,46060240_1450,2/13/2024 15:49,23.2,2,,TRUE,,GD,No Defect,Pass,Pass,(None),110_LVL (new),Not Done,Pass,(None),Pass,(None),none,0,5,2016,TRUE,Fail,0,0,-0.437,0.489,-1.373,-0.255,-0.064,-0.288,-0.113,-0.089,-0.158,-0.214,-0.068,-0.083,-0.124,-0.252,-0.154,0.031,-0.2,-0.437,78.324,-10.669,47.865,11.455,0.489,208.382,155.936,-159.715,-60.737,-1.373,105.162,-19.249,-107.306,22.138,-0.255,88.852,18.945,49.105,-16.142,-0.064,63.263,-61.732,-37.054,161.149,-0.288,55.875,91.596,62.187,-47.957,-0.113,53.333,15.002,15.192,-13.144,-0.089,97.912,-13.848,-77.627,15.971,-0.158,108.846,4.824,20.99,-4.753,-0.214,96.943,-16.675,-23.728,19.755,-0.068,186.372,-14.985,-61.89,17.547,-0.083,91.981,-3.979,11.645,4.058,-0.124,128.558,-18.598,-39.389,22.695,-0.252,41.789,-1.853,0.181,1.631,-0.154,-12.144,15.097,35.31,-13.251,0.031,90.215,-35.554,-17.179,55.217,-0.2,-66.867,-40.165,-149.716,66.792
302,6839,45708812_1450,8/9/2023 22:22,24.5,2,,TRUE,,GD,No Defect,Pass,Pass,Green,300_FW,Not Done,Pass,Blue,Pass,green,none,,5,2016,TRUE,Pass,0,0,-1.437,0.308,0.503,0.128,0.004,0.094,0.156,-0.056,0.026,-0.006,0.055,0.033,0.025,0.077,0.049,-0.089,-0.009,-1.437,152.993,-17.299,93.9,19.18,0.308,593.278,38.995,74.785,-27.834,0.503,554.6,54.98,70.319,-35.151,0.128,2447.301,271.789,-95.481,-73.069,0.004,878.947,20.811,-106.646,-17.223,0.094,937.22,-0.453,-196.595,0.549,0.156,653.322,-17.904,-214.002,21.998,-0.056,476.874,2.104,-68.797,-2.115,0.026,377.428,-0.201,-76.712,0.228,-0.006,-32.982,-3.681,-48.718,3.816,0.055,775.468,24.352,-41.697,-19.538,0.033,471.315,-8.84,-2.922,9.733,0.025,367.569,11.025,-76.389,-9.907,0.077,1843.337,-38.766,-512.788,63.434,0.049,32.259,-24.991,-123.937,33.382,-0.089,307.271,59.233,35.202,-37.255,-0.009,26.936,-24.992,-193.24,33.307
303,6861,45813511_1450,10/2/2023 16:44,24.3,2,,TRUE,,GD,No Defect,Pass,Pass,(None),300_FW,Not Done,Pass,(None),Pass,green,none,0,5,2016,TRUE,Pass,0,0,-1.454,0.928,0.742,-0.291,0.016,-0.142,-0.086,-0.032,-0.068,-0.222,-0.069,-0.019,-0.079,-0.193,-0.059,0.006,-0.177,-1.454,91.737,519.395,61.567,-84.09,0.928,128.415,48.496,-213.689,-32.034,0.742,527.336,178.171,-138.855,-63.784,-0.291,21.463,37.685,35.494,-27.582,0.016,-27.769,48.917,59.426,-32.838,-0.142,25.295,-3.57,19.082,3.556,-0.086,146.305,9.87,-3.524,-9.062,-0.032,-5.35,-1.128,-16.548,1.109,-0.068,0.596,-8.035,29.943,8.663,-0.222,-8.789,-13.174,-14.416,14.918,-0.069,41.147,7.193,11.333,-6.775,-0.019,63.604,23.133,-13.751,-18.802,-0.079,50.545,-4.011,13.341,4.096,-0.193,16.698,-0.796,7.613,0.608,-0.059,12.015,-0.402,-2.175,0.344,0.006,99.242,154.465,-17.773,-60.7,-0.177,-19.183,14.837,-14.855,-13.074
304,6863,45381401_1450,2/17/2023 13:26,24.1,2,,TRUE,,GD,No Defect,Not Done,Pass,Green,300_FW,Not Done,Pass,Grey,Pass,green,none,,0,0,TRUE,Fail,0,0,-0.113,0.228,0.166,-0.158,-0.244,-0.18,0.391,-0.305,-0.263,-0.27,-0.119,-0.138,-0.263,-0.161,-0.18,-0.07,-0.559,-0.113,729.25,300.769,81.286,-75.076,0.228,562.023,-29.354,-18.883,41.873,0.166,386.641,15.586,49.797,-13.34,-0.158,801.202,162.115,-41.524,-61.909,-0.244,151.276,-7.417,-34.451,7.748,-0.18,527.721,-30.25,-108.581,43.11,0.391,1097.553,108.197,-504.485,-51.781,-0.305,289.194,-4.101,-37.463,3.958,-0.263,259.652,-16.634,-23.281,19.636,-0.27,471.258,-10.86,-103.455,11.88,-0.119,247.486,-4.665,9.451,4.769,-0.138,433.423,21.079,-26.376,-17.523,-0.263,243.11,-17.193,-62.077,20.446,-0.161,113.418,-59.525,-472.347,146.669,-0.18,25.204,-43.494,-121.929,76.654,-0.07,-24.767,22.447,6.071,-18.389,-0.559,62.218,-6.725,-69.493,6.611
305,6876,45595023_1450,6/12/2023 20:48,25.8,2,,TRUE,,GD,No Defect,Pass,Pass,Green,400_LA (new),Not Done,Pass,Blue,Pass,green,none,,5,2016,TRUE,Pass,0,0,-0.557,-0.148,-0.186,0.054,-0.009,-0.062,-0.002,-0.043,0.024,0.033,0.033,-0.034,-0.039,0.005,-0.017,-0.075,-0.038,-0.557,-19.061,21.699,-65.897,-18.288,-0.148,213.101,41.524,68.897,-29.445,-0.186,236.146,70.477,4.648,-41.45,0.054,478.886,41.307,-18.34,-29.193,-0.009,455.956,106.333,16.898,-51.539,-0.062,353.369,0.328,23.755,-0.388,-0.002,90.199,-3.323,16.563,3.435,-0.043,402.149,-4.481,-15.938,4.647,0.024,568.213,-8.003,-8.558,8.725,0.033,441.505,12.455,6.001,-11.046,0.033,413.285,-16.159,-15.389,19.314,-0.034,345.953,-6.071,-12.775,6.428,-0.039,490.265,1.783,-28.296,-1.791,0.005,602.726,10.522,-3.895,-9.516,-0.017,552.47,6.191,-11.144,-5.846,-0.075,-57.682,-24.111,-122.245,31.672,-0.038,-49.722,3.636,30.655,-3.544
306,6919,45775270_1450,9/13/2023 11:15,24,2,,TRUE,,GD,No Defect,Pass,Pass,(None),300_FW,Not Done,Pass,(None),Pass,green,none,0,6,2016,TRUE,Pass,0,0,-1.082,-1.02,0.335,0.259,-0.167,0.022,-0.032,0.025,0.062,0.021,0.052,0.005,-0.043,0.055,0.016,-0.042,-0.025,-1.082,9363.653,626.21,70.807,-86.379,-1.02,10480.698,280.92,0.75,-74.016,0.335,418.971,3.633,47.526,-3.182,0.259,1622.491,106.287,-272.259,-51.398,-0.167,791.152,234.304,-44.131,-70.137,0.022,553.388,16.248,-188.225,-13.958,-0.032,840.049,-29.396,-281.779,41.59,0.025,294.656,-15.382,-62.516,18.208,0.062,221.213,9.869,-15.698,-8.927,0.021,-55.906,-0.597,-40.588,0.621,0.052,465.382,-3.809,-42.988,4.014,0.005,2811.868,84.453,18.618,-45.783,-0.043,170.336,34.69,7.082,-25.787,0.055,938.031,-23.462,-172.057,30.726,0.016,-45.78,16.301,25.378,-14.002,-0.042,121.815,247.847,71.785,-71.264,-0.025,-45.019,44.272,60.595,-30.704
307,6922,45542307_1450,5/16/2023 14:22,25.8,2,,TRUE,,GD,No Defect,Pass,Pass,Green,300_FW,Not Done,Pass,Blue,Pass,green,none,,6,2016,TRUE,Pass,0,0,1.041,-0.223,-0.181,0.015,0.034,0.062,0.007,0.085,0.021,0.056,0.076,0.04,0.05,0.033,0.045,0.058,0.027,1.041,172.408,161.154,75.502,-61.31,-0.223,283.123,-20.668,-263.775,25.771,-0.181,161.364,13.319,18.532,-11.913,0.015,240.6,-3.813,-53.375,3.979,0.034,183.537,-52.619,-110.173,111.128,0.062,163.525,-13.937,-14.432,16.266,0.007,190.018,-17.299,-40.014,20.925,0.085,197.095,-0.933,-40.071,1.027,0.021,225.508,-8.061,-21.96,8.79,0.056,166.484,22.456,12.754,-18.292,0.076,206.768,-9.804,-27.599,10.955,0.04,282.265,5.795,-1.407,-5.44,0.05,290.756,-7.658,-23.039,8.348,0.033,250.786,-1.726,-4.336,1.79,0.045,241.985,2.194,-1.949,-2.102,0.058,-50.628,51.002,-34.845,-33.738,0.027,-66.905,-3.035,7.721,3.158
308,6935,45457870_1450,4/5/2023 15:19,26.1,2,,TRUE,,GD,No Defect,Not Done,Pass,Green,110_LVL (new),Not Done,Pass,Blue,Pass,green,none,,6,2016,TRUE,Pass,0,0,0.677,0.603,0.66,0.033,0.103,0.146,0.121,0.14,0.194,0.117,0.115,0.075,0.142,0.053,0.088,0.302,-0.246,0.677,16.321,-60.152,0.614,152.655,0.603,990.662,-4.113,45.527,4.918,0.66,582.882,9.511,71.035,-8.083,0.033,1923.018,46.329,54.51,-31.638,0.103,2985.726,31.865,-67.68,-24.087,0.146,1741.265,-42.473,-372.389,74.086,0.121,1226.391,20.377,-28.386,-16.827,0.14,2447.342,-0.232,-174.46,0.373,0.194,782.262,-3.089,-30.629,3.387,0.117,56.343,-11.674,-40.416,13.35,0.115,1175.372,-3.853,-35.116,4.127,0.075,3605.192,17.855,-64.521,-15.087,0.142,1610.79,-1.325,-56.89,1.487,0.053,186.397,-52.798,-429.494,111.967,0.088,71.538,-8.439,-48.053,9.312,0.302,16.006,-60.362,-257.297,153.045,-0.246,581.282,-0.517,-126.731,0.272
309,6936,45736099_1450,8/22/2023 15:02,25.9,2,,TRUE,,GD,No Defect,Pass,Pass,(None),300_FW,Not Done,Pass,Blue,3,green,none,,6,2016,TRUE,Pass,0,0,-0.59,-0.364,1.156,-0.388,-0.099,-0.163,0.384,-0.11,-0.108,-0.183,-0.031,-0.015,-0.02,-0.119,-0.023,-0.002,-0.123,-0.59,934.745,-6.339,12.098,6.138,-0.364,755.587,114.928,92.104,-53.642,1.156,265,65.065,36.805,-38.718,-0.388,11.171,-12.956,24.746,14.439,-0.099,-42.699,-29.233,-42.503,41.169,-0.163,44.957,9.114,-1.538,-8.502,0.384,26.12,-0.562,29.478,0.952,-0.11,-17.948,10.625,11.436,-9.704,-0.108,49.106,-6.75,-19.832,7.122,-0.183,11.633,28.963,-10.099,-22.6,-0.031,102.561,8.128,-26.344,-7.546,-0.015,93.836,33.113,4.452,-24.887,-0.02,50,1.357,-4.237,-1.359,-0.119,70.424,-6.128,-24.442,6.402,-0.023,39.583,-3.081,-12.637,3.155,-0.002,119.406,93.949,-1.743,-48.441,-0.123,5.285,-22.274,-72.025,28.499
310,6938,45677831_1450,7/25/2023 14:08,27.8,2,,TRUE,,GD,No Defect,Pass,Pass,Black,2022,Not Done,Pass,(None),Pass,green,none,,0,0,TRUE,Pass,0,0,-0.555,-0.259,0.558,0.351,-0.056,0.084,0.01,-0.052,0.097,0.07,0.013,-0.024,-0.078,0.106,0.004,-0.122,-0.005,-0.555,143.672,-0.613,79.963,0.058,-0.259,458.362,28.636,71.381,-22.462,0.558,325.013,-26.951,96.309,37.658,0.351,3600.31,-34.724,-115.61,53.734,-0.056,2439.621,113.391,-28.32,-53.164,0.084,1425.923,22.931,-45.428,-18.586,0.01,1219.005,13.822,-26.753,-12.135,-0.052,898.865,-10.195,-110.774,11.295,0.097,877.839,17.295,-16.992,-14.662,0.07,40.618,-0.584,-34.087,0.658,0.013,1185.928,18.586,-17.689,-15.661,-0.024,4806.788,22.165,-52.326,-18.163,-0.078,429.483,24.353,-22.584,-19.646,0.106,1911.523,-11.495,-72.506,13.107,0.004,50.216,14.506,26.962,-12.665,-0.122,141.538,145.537,86.018,-59.323,-0.005,66.592,36.321,-0.978,-26.648
311,6948,45843190_1450,10/16/2023 21:41,30,2,,TRUE,,GD,No Defect,Pass,Pass,(None),400_LA (new),Not Done,Pass,(None),Pass,green,none,0,7,2016,TRUE,Pass,0,0,0.734,0.145,0.261,0.241,-0.002,0.051,-0.005,-0.079,0.045,0.069,0.001,-0.045,-0.085,0.08,0.021,-0.124,-0.001,0.734,83.754,-56.039,-5.123,129.147,0.145,61.6,51.002,31.622,-33.679,0.261,573.231,34.898,12.628,-25.677,0.241,3235.876,100.694,-103.097,-50.053,-0.002,1142.573,5.57,-31.398,-5.279,0.051,928.631,-22.65,-165.003,29.349,-0.005,663.913,11.705,-95.414,-10.483,-0.079,509.284,9.423,-13.426,-8.683,0.045,591.275,18.982,3.899,-15.916,0.069,15.211,-28.667,-125.065,40.284,0.001,811.15,2.616,-21.017,-2.548,-0.045,4460.493,1.188,-70.478,-1.218,-0.085,372.997,28.439,-13.597,-22.208,0.08,159.285,-30.884,-104.91,44.8,0.021,22.64,7.092,8.259,-6.602,-0.124,16.768,183.78,51.316,-64.805,-0.001,17.626,-6.093,-11.838,6.488
312,6962,45709258_1450,8/10/2023 16:06,24.7,2,,TRUE,,GD,No Defect,Not Done,Pass,Green,300_FW,Not Done,Pass,Blue,Pass,green,none,,7,2016,TRUE,Pass,0,0,1.023,-0.074,-0.008,-0.072,-0.057,-0.01,-0.01,-0.009,-0.066,-0.012,-0.002,-0.037,-0.003,-0.007,-0.011,-0.052,-0.034,1.023,-18.786,27.231,-212.611,-20.599,-0.074,194.748,-9.009,28.823,9.819,-0.008,215.104,40.956,31.539,-29.061,-0.072,377.917,20.981,-3.946,-17.402,-0.057,277.533,3.745,-8.247,-3.665,-0.01,327.239,-1.887,-18.227,1.913,-0.01,-50.775,-1.397,-2.292,1.407,-0.009,308.487,34.446,2.447,-25.627,-0.066,297.036,-11.731,9.686,13.215,-0.012,321.34,-1.807,-25.576,1.828,-0.002,278.752,5.77,-24.785,-5.458,-0.037,389.006,8.553,11.144,-7.913,-0.003,415.764,1.482,-31.828,-1.464,-0.007,406.077,-10.058,-28.649,11.175,-0.011,383.466,-10.49,-29.699,11.707,-0.052,-41.588,-12.217,-25.113,13.858,-0.034,-54.748,6.613,9.449,-6.234
313,7059,45849560_1450,10/19/2023 15:42,23.8,2,,TRUE,,UN,(None),Not Done,Not Done,(None),300_FW,Not Done,Pass,(None),Not Done,neon,,,0,0,FALSE,Fail,0,0,inf,inf,0.145,-0.043,-0.018,0.03,-0.238,0.007,-0.002,-0.082,0.182,0.043,0.027,-0.074,0.005,0.079,0.034,inf,inf,inf,#NAME?,inf,inf,inf,inf,#NAME?,inf,0.145,103.646,121.604,-124.314,-54.809,-0.043,66.085,2.945,-4.276,-2.902,-0.018,11.816,43.433,26.343,-30.293,0.03,29.764,-15.829,20.588,18.842,-0.238,43.684,-43.979,52.095,78.079,0.007,2.093,-16.805,-17.578,20.208,-0.002,21.771,-2.537,17.535,2.6,-0.082,-10.251,-1.775,-21.463,1.724,0.182,68.59,235.433,-337.266,-70.134,0.043,116.158,31.012,21.876,-23.638,0.027,106.818,-8.041,-23.948,8.774,-0.074,84.697,5.043,14.475,-4.871,0.005,82.027,1.122,-1.292,-1.105,0.079,140.671,41.236,-9.089,-29.141,0.034,-16.169,31.663,64.905,-24.023
314,7062,46055135_1450,2/7/2024 19:03,23.5,2,,TRUE,,GD,No Defect,Pass,Pass,(None),400_LA (new),Not Done,Pass,(None),Pass,(None),none,0,8,2016,TRUE,Pass,0,0,-0.508,-0.16,-0.088,-0.083,-0.024,-0.063,-0.011,-0.079,-0.032,-0.009,-0.006,-0.052,-0.082,-0.017,-0.028,-0.066,-0.07,-0.508,-47.951,-73.281,-17.834,272.371,-0.16,359.861,89.395,11.785,-47.285,-0.088,4.908,-25.879,-15.902,34.796,-0.083,-33.156,0.323,-38.988,-0.404,-0.024,-39.352,14.506,-23.093,-12.69,-0.063,-9.741,27.099,21.897,-21.371,-0.011,-71.614,12.233,34.626,-10.909,-0.079,-47.104,31.33,35.787,-23.916,-0.032,-25.092,106.779,15.029,-51.655,-0.009,89.611,4.668,10.486,-4.468,-0.006,-19.942,26.217,1.87,-20.776,-0.052,-28.993,-8.262,-1.387,8.95,-0.082,7.363,0.106,-17.491,-0.188,-0.017,47.469,-8.646,-12.506,9.445,-0.028,33.955,-2.498,-1.305,2.534,-0.066,-64.878,-32.65,-24.498,48.38,-0.07,10.099,-4.585,-16.164,4.732
315,7069,45409669_1450,3/3/2023 11:31,24.4,2,,TRUE,,GD,No Defect,Pass,Pass,Green,300_FW,Not Done,Pass,Blue,Pass,green,none,,8,2016,TRUE,Fail,0,0,0.117,inf,0.399,0.221,-0.085,-0.009,-0.027,-0.152,-0.057,-0.153,-0.017,0.038,-0.129,0.109,0.023,0.14,-0.593,0.117,-54.313,364.431,76.57,-78.443,inf,inf,inf,#NAME?,inf,0.399,339.031,42.318,58.787,-29.455,0.221,1078.762,260.534,-82.169,-72.202,-0.085,178.206,70.525,-157.639,-41.407,-0.009,557.46,-26.487,-135.993,36.017,-0.027,813.558,-15.331,-61.186,18.074,-0.152,111.643,-13.391,-73.471,15.286,-0.057,252.63,-5.264,-32.06,5.496,-0.153,402.842,-8.708,-73.684,9.371,-0.017,304.974,-3.869,-57.995,4.007,0.038,441.31,21.808,8.93,-17.873,-0.129,185.412,-34.7,-181.458,52.942,0.109,1976.351,-33.415,-174.865,50.348,0.023,15.222,-27.033,-116.3,37.08,0.14,74.271,19.208,-65.046,-15.996,-0.593,122.553,25.289,-81.49,-20.658
316,7069,46025789_1450,1/24/2024 17:21,25.3,2,,TRUE,,GD,No Defect,Pass,Pass,(None),400_LA (new),Not Done,Pass,(None),Fail,(None),none,0,8,2016,TRUE,Fail,0,0,0.08,0.001,-0.111,0.016,-0.093,-0.064,-0.027,-0.022,0.024,0.042,-0.036,-0.033,-0.046,0.005,-0.028,-0.111,0.497,0.08,75.963,-48.549,-112.996,94.513,0.001,-84.077,17.756,-16.464,-15.078,-0.111,-81.918,-17.149,-40.468,20.565,0.016,47.69,-8.266,-26.991,9.028,-0.093,67.497,28.154,19.105,-22.042,-0.064,41.115,7.672,-0.681,-7.185,-0.027,-9.326,4.573,23.126,-4.399,-0.022,71.906,-3.062,-8.596,3.136,0.024,47.478,9.257,2.928,-8.451,0.042,71.431,6.571,15.717,-6.126,-0.036,37.944,-10.915,24.866,12.212,-0.033,61.428,-27.874,-59.368,38.601,-0.046,48.58,13.96,-4.257,-12.291,0.005,45.25,15.579,26.49,-13.475,-0.028,51.432,7.939,17.361,-7.382,-0.111,-9.595,13.332,44.386,-11.862,0.497,-43.836,-21.35,0.618,27.779
317,7168,45773281_1450,9/15/2023 10:38,22.9,2,,TRUE,,GD,No Defect,Not Done,Pass,(None),110_LVL (new),Not Done,Pass,(None),Pass,green,none,0,9,2016,TRUE,Pass,0,0,-1.09,-0.216,0.067,-0.002,-0.063,-0.103,0.269,-0.05,0.015,-0.09,-0.033,-0.034,-0.11,-0.035,-0.043,0.026,-0.103,-1.09,27.049,0.005,34.34,-1.095,-0.216,68.295,68.771,-20.678,-40.876,0.067,187.936,46.739,-52.908,-31.806,-0.002,167.479,2.383,2.707,-2.33,-0.063,31.704,245.347,58.962,-71.062,-0.103,152.844,-27.932,-9.583,38.615,0.269,211.905,-7.34,-13.631,8.211,-0.05,79.755,-4.95,-43.797,5.155,0.015,128.343,8.681,20.801,-7.975,-0.09,118.063,3.638,-3.452,-3.597,-0.033,122.87,0.367,20.317,-0.399,-0.034,118.019,-17.987,-19.926,21.891,-0.11,38.838,11.117,2.259,-10.104,-0.035,97.395,6.807,4.416,-6.406,-0.043,38.788,12.281,26.218,-10.975,0.026,129.202,-5.727,34.454,6.102,-0.103,84.716,-5.882,-12.954,6.141
318,7175,45968185_1450,12/20/2023 17:45,26.8,2,,TRUE,,GD,No Defect,Pass,Pass,(None),400_LA (new),Not Done,Pass,(None),Pass,(None),none,0,9,2016,TRUE,Fail,0,0,inf,inf,0.019,0.088,0.01,0.06,-0.2,-0.029,0.028,0.032,0.001,-0.005,-0.047,0.02,-0.01,-0.028,-0.034,inf,inf,inf,#NAME?,inf,inf,inf,inf,#NAME?,inf,0.019,7.232,-6.655,-67.679,7.15,0.088,10.189,-36.075,-49.282,56.571,0.01,-0.338,-47.52,-50.139,90.569,0.06,-19.62,6.75,-24.626,-6.267,-0.2,-27.771,29.109,-24.795,-22.701,-0.029,-25.329,7.117,20.063,-6.671,0.028,-28.777,-3.719,14.536,3.892,0.032,-35.778,1.038,15.46,-0.995,0.001,-17.365,21.162,6.143,-17.466,-0.005,45.434,-11.538,-8.644,13.037,-0.047,-32.125,2.257,-10.277,-2.253,0.02,-17.543,24.303,39.337,-19.535,-0.01,10.27,-6.799,-23.798,7.284,-0.028,-33.664,38.623,8.315,-27.882,-0.034,-43.248,5.552,23.534,-5.292
319,7184,46022318_1450,1/23/2024 15:01,29,2,,TRUE,,GD,No Defect,Pass,Pass,(None),400_LA (new),Not Done,Pass,(None),Pass,(None),none,0,9,2016,TRUE,Pass,0,0,2.145,0.154,0.51,-0.131,0.097,-0.071,-0.038,-0.054,-0.019,0.058,-0.009,-0.029,-0.041,0.012,-0.018,-0.133,-0.011,2.145,-58.038,-29.975,-138.605,45.869,0.154,-60.228,40.3,-621.758,-28.614,0.51,40.459,-19.911,-76.504,25.498,-0.131,18.599,-33.663,-56.008,50.547,0.097,-26.93,-46.719,-9.856,87.866,-0.071,-18.509,-11.314,0.453,12.677,-0.038,-8.087,7.004,7.275,-6.581,-0.054,-23.973,54.819,25.125,-35.443,-0.019,-12.726,14.446,-0.185,-12.639,0.058,0.947,12.909,6.427,-11.381,-0.009,-19.896,-15.484,-24.518,18.309,-0.029,0.108,-0.679,-17.204,0.655,-0.041,8.428,-12.975,-31.987,14.863,0.012,40.533,-9.778,-11.024,10.851,-0.018,25.289,-4.91,-15.471,5.145,-0.133,-40.96,-10.048,-28.244,11.022,-0.011,25.748,-30.964,-53.414,44.836
320,7191,45889533_1450,11/9/2023 11:39,24.1,2,,TRUE,,GD,No Defect,Pass,Pass,(None),300_FW,Not Done,Pass,(None),Pass,green,none,0,9,2016,TRUE,Pass,0,0,-0.222,0.607,0.61,-0.099,-0.09,-0.001,0.153,-0.093,-0.076,-0.032,-0.015,0.001,-0.051,-0.128,-0.07,-0.062,-0.094,-0.222,554.804,444.551,87.122,-81.677,0.607,657.231,-1.723,45.437,2.372,0.61,59.475,66.882,-66.204,-39.712,-0.099,428.205,-10.369,-50.545,11.458,-0.09,403.398,-14.177,2.888,16.415,-0.001,302.566,54.902,31.87,-35.444,0.153,407.563,-25.669,-94.296,34.739,-0.093,399.805,4.365,-19.677,-4.272,-0.076,366.879,-13.121,-0.931,15.014,-0.032,434.095,-5.447,-20.564,5.727,-0.015,406.441,3.764,-3.468,-3.642,0.001,325.229,1.839,-27.35,-1.804,-0.051,431.429,-4.707,-17.259,4.885,-0.128,457.005,-31.673,-92.628,46.167,-0.07,353.996,-4.494,-3.389,4.632,-0.062,549.047,-27.284,-33.009,37.436,-0.094,-58.877,17.603,35.976,-15.048
321,7207,45954826_1450,12/13/2023 14:05,23.6,2,,TRUE,,GD,No Defect,Pass,Pass,(None),300_FW,Not Done,Pass,(None),Pass,(None),none,0,9,2016,TRUE,Pass,0,0,0.289,0.276,0.309,0.248,-0.034,0.022,0.009,-0.014,0.045,0,0.049,-0.005,-0.004,0.015,0.033,-0.118,0.033,0.289,61.882,46.437,70.198,-31.514,0.276,148.662,-36.611,12.678,58.191,0.309,105.898,31.408,39.528,-23.666,0.248,328.469,242.313,-66.62,-70.714,-0.034,147.506,101.217,53.61,-50.319,0.022,174.223,63.236,-27.453,-38.726,0.009,325.93,24.732,-127.563,-19.821,-0.014,95.447,-28.787,-114.842,40.403,0.045,59.815,-1.325,-54.901,1.389,0,106.958,-20.634,-145.241,25.999,0.049,109.233,12.345,-62.736,-10.945,-0.005,605.567,43.09,-32.665,-30.117,-0.004,16.781,-0.607,21.45,0.607,0.015,340.664,-35.945,-319.466,56.141,0.033,-71.999,3.566,-13.254,-3.411,-0.118,-42.907,125.078,47.508,-55.624,0.033,-83.358,19.341,23.138,-16.179
322,7216,45979793_1450,1/2/2024 17:28,20.6,2,,TRUE,,GD,No Defect,Pass,Pass,(None),400_LA (new),Not Done,Pass,(None),Pass,(None),none,0,10,2016,TRUE,Pass,0,0,-0.768,0.481,-0.677,0.174,-0.009,0,-0.292,-0.182,0.024,0.107,0.074,-0.023,-0.022,0.039,0,-0.063,0.043,-0.768,77.472,-33.587,74.145,49.415,0.481,-74.333,-50.296,23.599,102.158,-0.677,147.808,-57.761,-228.396,135.147,0.174,66.862,9.294,19.543,-8.345,-0.009,83.515,-37.549,4.227,60.111,0,50.141,-2.686,7.209,2.76,-0.292,5.318,9.439,-1.531,-8.891,-0.182,1138.022,321.624,-67.427,-76.325,0.024,71.324,10.229,23.01,-9.258,0.107,89.603,3.852,-6.509,-3.606,0.074,121.546,-48.847,-100.95,95.636,-0.023,53.772,-4.492,-12.902,4.68,-0.022,55.484,16.684,26.578,-14.317,0.039,66.567,10.422,7.715,-9.403,0,42.592,9.99,19.745,-9.082,-0.063,6.701,-0.004,61.889,-0.058,0.043,37.059,26.434,7.385,-20.874
323,7219,45929723_1450,11/29/2023 19:33,24.8,2,,TRUE,,GD,No Defect,Pass,Pass,(None),300_FW,Not Done,Pass,(None),Pass,(None),none,0,10,2016,TRUE,Pass,0,0,inf,-0.36,-0.563,-0.189,0.006,0.021,0.048,-0.032,0.031,-0.063,0.008,0.013,0.012,-0.082,-0.016,-0.015,-0.09,inf,inf,inf,#NAME?,inf,-0.36,91.478,13.585,-78.483,-12.277,-0.563,194.403,147.888,19.929,-59.886,-0.189,103.566,1.825,-48.782,-1.979,0.006,25.4,53.285,56.081,-34.758,0.021,113.877,14.535,14.812,-12.672,0.048,220.812,-15.354,-76.903,18.196,-0.032,82.031,-12.948,9.822,14.837,0.031,91.587,-12.375,14.773,14.158,-0.063,94.857,-3.68,-2.422,3.755,0.008,128.209,-8.965,4.704,9.856,0.013,139.661,-1.978,-26.286,2.031,0.012,106.476,7.201,-4.379,-6.706,-0.082,91.624,-2.294,-5.708,2.263,-0.016,86.353,-0.191,1.76,0.176,-0.015,117.061,-3.903,-3.888,4.045,-0.09,-80.65,-37.577,-91.69,60.053
324,7265,45930691_1450,11/30/2023 20:19,24.3,2,,TRUE,,GD,No Defect,Pass,Pass,(None),400_LA (new),Not Done,Pass,(None),Pass,(None),none,0,10,2016,TRUE,Pass,0,0,0.314,0.223,0.089,0.158,0.183,0.167,0.024,0.226,0.231,0.268,0.169,0.209,0.238,0.061,0.126,0.146,0.216,0.314,110.951,-4.717,-164.932,5.28,0.223,-79.348,-13.392,2.199,15.72,0.089,1.597,40.13,17.648,-28.574,0.158,13.39,14.656,44.839,-12.645,0.183,189.117,48.409,34.258,-32.495,0.167,40.305,8.429,-1.673,-7.62,0.024,-43.534,-0.779,64.546,0.809,0.226,209.892,56.117,35.459,-35.801,0.231,62.723,4.452,-8.892,-4.041,0.268,66.864,14.046,-4.495,-12.081,0.169,23.089,35.42,39.542,-26.031,0.209,76.116,-26.992,-73.776,37.257,0.238,295.93,9.213,38.362,-8.218,0.061,56.347,-4.362,-18.168,4.626,0.126,58.103,2.26,9.651,-2.087,0.146,4.385,-33.132,13.161,49.768,0.216,107.357,49.572,38.482,-32.998
325,7273,45861997_1450,10/25/2023 14:20,24.5,2,,TRUE,,GD,No Defect,Not Done,Pass,(None),300_FW,Not Done,Pass,(None),Pass,green,none,0,10,2016,TRUE,Pass,0,0,-0.306,-0.06,0.05,-0.03,-0.023,-0.01,-0.01,-0.013,0.029,-0.005,-0.033,-0.067,-0.036,-0.033,-0.026,-0.041,-0.042,-0.306,622.651,312.782,70.272,-75.848,-0.06,630.37,33.704,7.557,-25.253,0.05,2.509,-0.729,25.425,0.785,-0.03,11.513,-18.265,-15.009,22.31,-0.023,3.132,26.4,18.11,-20.904,-0.01,2.802,-7.077,14.129,7.605,-0.01,12.197,2.061,-22.374,-2.029,-0.013,-2.595,39.536,40.52,-28.343,0.029,0.039,9.898,-50.033,-8.98,-0.005,7.169,-5.469,0.13,5.78,-0.033,22.943,35.345,17.608,-26.14,-0.067,-3.699,-0.559,3.498,0.496,-0.036,10.55,9.847,21.227,-8.997,-0.033,11.804,21.2,25.737,-17.519,-0.026,19.844,-1.467,0.596,1.462,-0.041,28.861,-12.122,-33.666,13.748,-0.042,5.855,7.958,8.108,-7.41
326,7328,45946625_1450,12/7/2023 20:03,24.5,2,,TRUE,,GD,No Defect,Pass,Pass,(None),300_FW,Not Done,Pass,(None),Pass,(None),none,0,10,2016,TRUE,Pass,0,0,0.808,0.324,0.393,0.261,-0.031,0.116,0.048,-0.004,0.077,0.006,0.052,0.004,-0.026,0.047,0.023,-0.089,0.013,0.808,-4.297,86.161,63.024,-45.849,0.324,57.675,40.249,41.478,-28.467,0.393,525.132,28.518,47.499,-21.884,0.261,2023.587,96.624,-91.109,-49.009,-0.031,960.54,104.587,-84.827,-51.136,0.116,826.712,-11.059,-146.9,12.564,0.048,873.966,51.156,13,-33.812,-0.004,445.233,16.62,-75.738,-14.255,0.077,380.476,-49.994,-45.576,100.13,0.006,-23.699,-37.235,-46.92,59.334,0.052,889.272,-38.588,-172.589,62.92,0.004,3377.38,13.037,-106.333,-11.53,-0.026,222.146,37.387,15.389,-27.232,0.047,1013.421,-6.99,-97.755,7.566,0.023,-33.989,27.627,35.676,-21.629,-0.089,100.564,189.977,54.431,-65.545,0.013,-19.05,10.246,-0.606,-9.282
327,7330,45581849_1450,6/12/2023 12:06,22.1,2,,TRUE,,GD,No Defect,Not Done,Pass,Green,110_LVL (new),Not Done,Pass,Blue,Pass,green,none,,10,2016,TRUE,Pass,0,0,0.294,-0.001,-0.263,0.049,-0.034,-0.031,0.014,-0.014,0.007,0.044,-0.008,-0.014,0.008,-0.022,-0.013,-0.033,-0.004,0.294,41.549,8.021,17.191,-7.154,-0.001,-64.343,-66.049,-25.808,194.54,-0.263,215.589,8.149,25.014,-7.778,0.049,300.604,32.77,26.419,-24.645,-0.034,511.338,38.497,0.557,-27.821,-0.031,380.783,-23.269,-102.369,30.285,0.014,191.802,-2.379,12.824,2.451,-0.014,534.305,-0.413,-7.231,0.4,0.007,360.485,-1.142,-2.366,1.162,0.044,406.245,4.691,-8.839,-4.439,-0.008,323.412,-4.17,1.329,4.343,-0.014,332.344,-21.196,-31.154,26.879,0.008,372.519,10.912,3.554,-9.831,-0.022,398.5,-3.722,-22.199,3.843,-0.013,261.398,4.609,8.173,-4.418,-0.033,-46.269,44.945,40.988,-31.031,-0.004,-57.858,17.07,34.628,-14.584
328,7333,46016845_1450,1/25/2024 13:06,24.3,2,,TRUE,,GD,No Defect,Pass,Pass,(None),110_LVL (new),Not Done,Pass,(None),Pass,(None),none,0,10,2018,TRUE,Fail,0,0,1.172,0.478,1.709,-0.077,-0.098,0.041,0.074,0.013,0.057,0.035,0.008,-0.011,-0.024,0.067,-0.026,0.052,0.034,1.172,692.468,139.072,66.423,-57.681,0.478,967.205,11.128,-47.008,-9.584,1.709,275.88,29.425,-163.351,-21.415,-0.077,-46.181,-46.14,-12.939,85.525,-0.098,-54.042,-7.786,-125.391,8.337,0.041,22.928,-22.321,-7.049,28.787,0.074,-39.167,-11.335,-29.725,12.868,0.013,-46.507,-11.11,-5.812,12.513,0.057,-35.983,8.284,18.371,-7.597,0.035,101.307,-3.141,-42.858,3.279,0.008,4.233,46.562,-0.997,-31.764,-0.011,-27.786,-3.69,26.053,3.819,-0.024,-3.133,-4.197,0.392,4.356,0.067,49.632,5.256,11.277,-4.929,-0.026,66.898,21.747,32.028,-17.884,0.052,-48.719,77.621,40.58,-43.671,0.034,27.987,-43.042,-109.858,75.626
329,7335,45044153_1450,8/15/2022 14:23,27.8,2,,TRUE,,GD,No Defect,Pass,Not Done,Green,200_LA (old),Pass,Pass,Blue,Pass,green,none,,10,2016,TRUE,Fail,0,0,-100,1.204,1.421,0.698,0.538,0.607,0.275,0.486,0.57,0.618,0.561,0.51,0.48,0.627,0.518,0.534,0.179,-100,-100,-100,100,-100,1.204,146.276,20.283,52.308,-15.862,1.421,72.891,52.385,67.238,-33.444,0.698,187.394,-16.846,-156.129,21.099,0.538,43.322,-47.199,-36.122,90.41,0.607,135.727,-23.094,-100.916,30.818,0.275,162.792,28.271,-237.32,-21.826,0.486,68.912,18.435,-27.243,-15.155,0.57,-80.885,-6.374,3.295,7.416,0.618,-65.463,-17.839,-60.336,22.464,0.561,80.625,-37.106,-67.304,59.889,0.51,43.527,-21.722,-11.751,28.401,0.48,37.536,-8.862,4.159,10.25,0.627,-17.003,-44.136,-232.282,80.127,0.518,-54.653,-16.732,-42.057,20.717,0.534,-68.079,38.4,-17.596,-27.36,0.179,952.865,198.031,53.007,-66.386
330,7335,45756309_1450,9/7/2023 12:46,23.2,2,,TRUE,,GD,No Defect,Not Done,Pass,(None),110_LVL (new),Not Done,Pass,Blue,Pass,green,none,,10,2016,TRUE,Pass,0,0,inf,-0.319,-0.57,-0.08,-0.104,-0.02,-0.011,0.031,-0.005,-0.087,-0.005,-0.024,-0.005,-0.107,-0.034,0.044,0.216,inf,inf,inf,#NAME?,inf,-0.319,68.751,-20.082,-22.721,24.728,-0.57,114.312,6.675,22.425,-6.792,-0.08,184.516,21.046,-6.03,-17.453,-0.104,166.092,5.812,-61.225,-5.591,-0.02,197.908,-7.345,-41.144,7.906,-0.011,133.383,40.999,-5.085,-29.085,0.031,185.276,-17.375,-41.487,21.066,-0.005,139.875,21.887,22.43,-17.961,-0.087,144.139,-3.584,8.99,3.626,-0.005,138.351,-23.879,8.023,31.363,-0.024,119.704,30.37,15.61,-23.314,-0.005,169.167,20.545,8.61,-17.048,-0.107,80.41,6.495,9.495,-6.199,-0.034,56.585,24.305,41.077,-19.58,0.044,75.057,-41.614,22.388,71.35,0.216,-86.49,-56.963,-2.587,132.858
331,7382,45500083_1450,4/21/2023 21:01,25.4,2,,TRUE,,GD,No Defect,Pass,Pass,Green,300_FW,Not Done,Pass,Blue,Pass,green,none,,11,2015,TRUE,Pass,0,0,inf,0.024,-0.025,-0.056,0.098,0.049,-0.001,-0.011,0,0,-0.017,-0.001,-0.012,-0.018,-0.017,-0.019,-0.002,inf,inf,inf,#NAME?,inf,0.024,-12.452,16.31,-19.542,-14.002,-0.025,-4.855,-9.217,18.567,10.125,-0.056,-6.96,79.087,17.593,-44.193,0.098,0.91,21.498,5.113,-17.613,0.049,-23.168,23.365,-4.394,-18.9,-0.001,-12.237,-8.819,-12.015,9.671,-0.011,-12.362,25.778,21.451,-20.503,0,-12.503,-4.128,-14.435,4.305,0,-21.313,11.074,21.564,-9.97,-0.017,-10.85,-6.99,9.17,7.497,-0.001,6.727,-10.487,-19.812,11.714,-0.012,-15.612,-1.3,-3.728,1.305,-0.018,-13.241,-2.873,-12.294,2.939,-0.017,-25.477,8.344,17.633,-7.717,-0.019,221.098,20.024,-21.076,-16.699,-0.002,-26.935,7.824,20.759,-7.258
332,7385,45501631_1450,4/25/2023 10:10,25.1,2,,TRUE,,GD,No Defect,Pass,Pass,Green,300_FW,Not Done,Pass,Blue,Pass,green,none,,11,2016,TRUE,Pass,0,0,0.892,0.575,0.701,0.464,0.199,0.293,0.123,0.151,0.235,0.172,0.259,0.238,0.191,0.313,0.252,0.19,0.201,0.892,223.66,150.372,84.905,-59.703,0.575,343.767,0.832,60.184,-0.255,0.701,259.209,41.735,66.574,-28.951,0.464,563.754,-18.754,-110.094,23.654,0.199,134.367,-10.435,-34.819,11.872,0.293,-38.27,-39.857,-114.326,66.757,0.123,42.877,37.942,-303.879,-27.417,0.151,172.493,-40.11,-87.097,67.225,0.235,183.523,7.104,24.218,-6.413,0.172,-42.348,-22.529,-45.341,29.303,0.259,324.251,-27.044,-54.283,37.424,0.238,299.799,74.74,-4.406,-42.636,0.191,103.717,-7.634,-50.745,8.472,0.313,34.126,-50.785,-298.875,103.824,0.252,-28.394,-22.669,-76.619,29.64,0.19,-13.329,164.721,24.66,-62.153,0.201,-65.716,0.638,2.855,-0.435
333,7395,45605320_1450,6/15/2023 15:47,25.4,2,,TRUE,,GD,No Defect,Pass,Pass,Green,300_FW,Not Done,Pass,Blue,Pass,green,none,,11,2016,TRUE,Pass,0,0,inf,-0.185,0.313,-0.199,-0.018,0,0.015,0.011,-0.009,-0.068,-0.029,0.009,0.012,-0.057,0,0.042,-0.071,inf,inf,inf,#NAME?,inf,-0.185,84.646,12.193,24.992,-11.032,0.313,165.708,145.433,-105.895,-59.128,-0.199,110.548,44.237,41.128,-30.808,-0.018,31.04,-9.374,34.068,10.324,0,124.085,-4.153,3.473,4.334,0.015,278.642,23.002,-16.785,-18.688,0.011,59.744,-30.607,-62.541,44.123,-0.009,63.536,-7.78,-16.431,8.427,-0.068,57.158,-12.654,8.823,14.409,-0.029,109.935,45.544,37.103,-31.312,0.009,104.075,35.314,-16.171,-26.091,0.012,93.444,8.639,3.645,-7.941,-0.057,54.403,14.068,27.492,-12.383,0,79.19,0.855,1.579,-0.848,0.042,162.639,1.516,-0.035,-1.453,-0.071,-79.599,-32.255,-120.274,47.508
334,7437,45920256_1450,11/27/2023 12:38,22,2,,TRUE,,GD,No Defect,Pass,Pass,(None),300_FW,Not Done,Pass,(None),Pass,green,none,0,11,2016,TRUE,Pass,0,0,-0.002,-0.024,-0.069,-0.103,-0.089,-0.01,0.002,-0.029,0,-0.006,0.006,-0.023,-0.012,-0.01,-0.001,-0.062,-0.029,-0.002,13.861,48.878,39.529,-32.833,-0.024,-85.038,1.054,9.062,-1.066,-0.069,8.859,-9.608,6.596,10.553,-0.103,12.737,118.939,48.899,-54.372,-0.089,10.065,-35.714,-16.822,55.415,-0.01,-7.376,29.992,19.053,-23.08,0.002,-4.888,6.076,23.885,-5.726,-0.029,20.32,-12.047,-31.942,13.664,0,2.337,2.736,-9.183,-2.663,-0.006,5.425,-5.357,10.53,5.654,0.006,2.617,-7.061,-38.223,7.604,-0.023,13.523,-1.807,-13.507,1.817,-0.012,10.496,-11.48,-16.273,12.955,-0.01,7.42,-0.533,4.876,0.525,-0.001,23.537,-0.411,-0.132,0.412,-0.062,9.383,-10.724,3.719,11.942,-0.029,11.838,8.923,5.558,-8.218
335,7442,45702268_1450,8/9/2023 16:35,28,2,,TRUE,,GD,No Defect,Pass,Pass,Green,400_LA (new),Not Done,Pass,Blue,Pass,green,none,,11,2016,TRUE,Pass,0,0,0.715,-0.535,0.234,0.041,-0.081,0.03,0.02,0,0.057,0.086,0.016,-0.039,-0.02,0.022,-0.005,-0.141,0.025,0.715,-61.011,-8.648,-8.813,10.249,-0.535,65.975,36.132,73.26,-26.934,0.234,210,-28.968,55.562,41.112,0.041,508.406,-9.509,42.906,10.554,-0.081,997.974,318.764,-288.174,-76.139,0.03,543.706,-6.258,4.873,6.708,0.02,174.821,-1.014,26.62,1.045,0,501.034,30.948,13.18,-23.634,0.057,556.729,2.417,-29.056,-2.304,0.086,522.806,14.846,-13.251,-12.852,0.016,407.504,19.048,1.495,-15.987,-0.039,337.254,-34.335,32.808,52.229,-0.02,537.708,-0.116,-33.062,0.097,0.022,526.354,9.181,20.69,-8.389,-0.005,519.108,4.416,3.225,-4.234,-0.141,-59.904,53.617,51.181,-34.995,0.025,468.802,-4.736,-10.56,4.998
336,7523,46006477_1450,1/18/2024 16:26,23.6,2,,TRUE,,GD,(None),Not Done,Not Done,(None),110_LVL (new),Not Done,Pass,(None),Not Done,(None),,,0,0,FALSE,Fail,0,0,4.237,-0.038,-0.336,-0.054,-0.01,0.01,-0.229,-0.032,0.005,0,-0.026,-0.043,-0.014,0.005,-0.011,-0.132,-0.014,4.237,140.59,192.355,-391.552,-64.346,-0.038,925.426,68.066,-67.395,-40.522,-0.336,-11.091,-3.77,-53.172,3.569,-0.054,-8.751,-7.915,5.3,8.537,-0.01,-22.546,57.138,27.651,-36.368,0.01,-2.351,-7.271,-16.229,7.852,-0.229,-38.535,-47.867,-27.064,91.379,-0.032,-23.443,14.777,1.438,-12.902,0.005,-2.213,-1.091,8.803,1.107,0,-3.256,4.067,-3.84,-3.908,-0.026,-8.799,-14.994,18.718,17.609,-0.043,-5.726,-6.319,-24.881,6.698,-0.014,11.644,-23.538,-22.3,30.765,0.005,4.173,-1.752,-4.406,1.788,-0.011,29.538,-11.14,-56.885,12.524,-0.132,56.374,47.111,20.644,-32.114,-0.014,6.939,-20.53,-78.205,25.816
337,7524,45902831_1450,11/15/2023 16:57,24.3,2,,TRUE,,GD,No Defect,Pass,Pass,(None),400_LA (new),Not Done,Pass,(None),Pass,green,none,0,12,2016,TRUE,Pass,0,0,0.449,-0.048,-0.186,0,0.048,0.009,0.019,0.018,0.083,0.093,0.013,-0.034,-0.029,0.037,-0.011,-0.015,0.006,0.449,-79.503,-73.954,-600.656,285.666,-0.048,10.377,-11.995,-69.516,13.575,-0.186,12.899,-3.345,4.937,3.268,0,3.146,38.762,24.675,-27.934,0.048,34.907,29.89,4.898,-22.975,0.009,-2.646,-16.374,-44.927,19.591,0.019,-22.869,-4.923,-0.162,5.198,0.018,37.607,-31.241,-55.588,45.462,0.083,13.995,-11.432,-28.312,13.001,0.093,-2.283,-4.638,1.182,4.961,0.013,6.391,-16.013,17.264,19.081,-0.034,35.334,2.709,3.451,-2.67,-0.029,-11.063,23.152,18.647,-18.823,0.037,-4.634,14.482,16.029,-12.618,-0.011,-6.224,0.56,0.393,-0.568,-0.015,221.248,33.556,0.727,-25.136,0.006,-4.986,31.723,24.995,-24.079
338,7525,45491809_1450,4/18/2023 13:18,26.4,2,,TRUE,,GD,No Defect,Not Done,Pass,Green,300_FW,Not Done,Pass,Grey,Pass,green,none,,0,0,TRUE,Pass,0,0,0.855,-0.252,-0.201,-0.155,0.341,-0.063,-0.309,-0.052,-0.067,-0.084,-0.041,-0.069,-0.058,-0.066,-0.056,-0.052,-0.082,0.855,314.453,285.33,59.991,-73.826,-0.252,172.489,-55.686,-164.471,125.095,-0.201,200.996,-7.727,-16.504,8.157,-0.155,239.862,33.197,14.221,-25.039,0.341,22.987,19.483,69.219,-16.021,-0.063,223.941,9.03,-0.36,-8.34,-0.309,65.542,-36.759,-48.782,57.635,-0.052,216.399,0.32,-30.486,-0.371,-0.067,242.229,-0.312,-4.324,0.246,-0.084,233.333,-4.558,-14.835,4.687,-0.041,238.344,-2.097,-23.529,2.1,-0.069,255.811,10.981,-1.439,-9.957,-0.058,262.232,17.194,8.645,-14.721,-0.066,298.137,-12.51,-26.512,14.223,-0.056,212.164,8.493,8.726,-7.879,-0.052,-51.808,-5.648,-60.54,5.931,-0.082,-67.709,10.216,38.754,-9.343
339,7526,45765114_1450,9/6/2023 18:01,24.8,2,,TRUE,,UN,(None),Not Done,Not Done,(None),300_FW,Not Done,Pass,Grey,Not Done,neon,,,0,0,FALSE,Pass,0,0,0.422,0.345,0.503,0.111,-0.05,0.062,0.265,-0.089,0.024,0.033,0.059,0.035,-0.06,0.08,0.034,-0.087,0.009,0.422,940.017,160.252,76.259,-61.414,0.345,955.178,57.155,29.566,-36.149,0.503,767.463,47.717,46.512,-31.962,0.111,2645.543,-29.582,-314.467,42.166,-0.05,781.43,-1.038,-145.823,0.998,0.062,1101.267,-23.013,-157.998,29.973,0.265,221.889,12.84,-240.816,-11.144,-0.089,432.09,-23.761,-127.05,31.05,0.024,390.978,3.043,-97.788,-2.93,0.033,586.031,-22.117,-171.591,28.439,0.059,1052.913,-28.272,-140.346,39.497,0.035,542.608,-18.469,-33.365,22.696,-0.06,382.515,-39.138,-297.491,64.207,0.08,186.831,-39.515,-219.816,65.464,0.034,133.38,-19.851,-116.017,24.81,-0.087,453.047,60.439,24.173,-37.725,0.009,-14.081,1.129,-5.996,-1.107
340,7560,45564267_1450,6/1/2023 10:08,23.1,2,,TRUE,,GD,No Defect,Not Done,Pass,Green,110_LVL (new),Not Done,Pass,Blue,Pass,green,none,,1,2017,TRUE,Pass,0,0,1.28,-0.193,-0.888,-0.012,-0.058,-0.102,0.006,-0.049,-0.048,-0.112,-0.045,-0.022,-0.114,-0.029,-0.044,0.076,-0.113,1.28,148.768,201.788,67.617,-66.44,-0.193,82.05,-38.92,-68.049,63.403,-0.888,154.628,160.093,16.362,-61.894,-0.012,182.506,-17.213,-19.73,20.778,-0.058,40.528,-11.362,3.021,12.753,-0.102,142.802,-5.66,12.381,5.892,0.006,139.752,12.023,-16.616,-10.728,-0.049,58.466,20.115,5.897,-16.787,-0.048,102.895,9.883,17.51,-9.038,-0.112,109.142,-3.184,5.482,3.173,-0.045,105.396,-3.928,21.003,4.041,-0.022,-61.303,34.226,17.448,-25.515,-0.114,25.247,9.287,7.003,-8.602,-0.029,96.198,-4.207,-3.514,4.362,-0.044,36.102,16.189,28.399,-13.971,0.076,10.381,-55.047,37.315,122.627,-0.113,67.654,2.568,3.654,-2.613
341,7568P,45641989_1450,7/7/2023 11:49,24.9,2,,TRUE,,GD,No Defect,Pass,Pass,Green,300_FW,Not Done,Pass,Blue,Pass,green,none,,8,2016,TRUE,Fail,0,0,inf,-0.433,0.105,-0.244,0.007,-0.05,-0.116,-0.029,-0.047,-0.105,0.009,0.057,-0.011,-0.121,-0.038,0.039,-0.372,inf,inf,inf,#NAME?,inf,-0.433,80.487,-43.559,-49.131,76.408,0.105,163.506,188.714,-125.278,-65.327,-0.244,52.106,135.142,61.001,-57.576,0.007,-2.864,150.047,63.917,-60.005,-0.05,105.413,-10.046,-38.558,11.112,-0.116,198.969,83.776,10.951,-45.649,-0.029,31.14,17.607,0.369,-14.996,-0.047,51.098,-2.193,16.788,2.194,-0.105,28.189,13.311,15.077,-11.84,0.009,97.464,1.804,-60.484,-1.763,0.057,133.959,9.975,-10.318,-9.019,-0.011,69.805,-5.451,-12.286,5.754,-0.121,31.597,10.447,23.968,-9.569,-0.038,45.562,1.653,3.518,-1.663,0.039,116.655,82.422,20.399,-45.161,-0.372,-82.396,22.336,30.457,-18.562
342,7597,46001732_1450,1/12/2024 19:51,21.4,2,,TRUE,,GD,No Defect,Pass,Pass,(None),400_LA (new),Not Done,Pass,(None),Pass,(None),none,0,1,2017,TRUE,Pass,0,0,-0.233,0.237,0.126,-0.01,-0.113,0.05,0.385,0.023,0.041,0.049,0.038,0.024,0.005,0.032,0.02,-0.06,0.003,-0.233,-88.927,-55.016,-159.785,121.783,0.237,-81.857,-56.855,-47.124,132.326,0.126,15.925,-7.276,12.424,7.983,-0.01,22.639,74.459,35.43,-42.685,-0.113,6.902,18.484,18.5,-15.696,0.05,8.144,31.195,23.087,-23.739,0.385,48.436,-25.977,6.949,35.614,0.023,34.646,-2.652,-17.651,2.748,0.041,-0.535,7.401,27.843,-6.853,0.049,7.321,7.995,19.227,-7.357,0.038,26.668,-12.468,-14.69,14.288,0.024,55.268,-2.777,-17.387,2.881,0.005,31.081,-2.439,5.651,2.506,0.032,29.094,14.874,18.364,-12.92,0.02,26.101,1.08,0.971,-1.048,-0.06,-17.955,-1.83,34.296,1.803,0.003,27.485,24.407,25.513,-19.616
343,7599,45646276_1450,7/12/2023 15:18,24.1,2,,TRUE,,GD,No Defect,Not Done,Pass,Green,110_LVL (new),Not Done,Pass,Blue,Pass,green,none,,1,2017,TRUE,Pass,0,0,inf,0.69,-0.046,-0.033,-0.12,-0.021,-0.01,0.004,-0.024,-0.102,-0.051,-0.037,-0.026,-0.127,-0.06,-0.025,-0.076,inf,inf,inf,#NAME?,inf,0.69,102.84,-48.228,-78.934,94.487,-0.046,166.604,181.08,-87.663,-64.439,-0.033,140.298,-34.181,-19.625,51.881,-0.12,208.448,273.102,-4.692,-73.23,-0.021,186.769,1.476,-6.879,-1.476,-0.01,168.487,8.017,-9.614,-7.431,0.004,192.326,12.546,-13.21,-11.144,-0.024,166.088,-10.908,-8.235,12.216,-0.102,145.313,11.116,13.428,-10.096,-0.051,119.444,59.873,58.563,-37.482,-0.037,151.179,12.08,9.717,-10.811,-0.026,165.185,18.534,14.831,-15.658,-0.127,107.614,3.208,1.56,-3.232,-0.06,60.013,15.299,28.646,-13.321,-0.025,15.146,-20.64,-13.83,25.976,-0.076,104.899,36.748,3.484,-26.929
344,7606P,45704474_1450,8/11/2023 19:23,28.3,2,,TRUE,,GD,No Defect,Pass,Pass,Green,400_LA (new),Not Done,Pass,Blue,Pass,green,none,,8,2016,TRUE,Pass,0,0,1.143,0.572,0.721,0.276,0.028,0.053,0.246,-0.068,0.054,0.081,0.005,-0.028,-0.055,0.089,0.01,-0.192,0.019,1.143,126.635,-56.684,50.241,133.5,0.572,202.799,-35.39,10.663,55.659,0.721,665.958,-3.682,65.371,4.571,0.276,3967.046,72.607,-106.971,-41.905,0.028,2308.269,5.344,-50.206,-5.047,0.053,1642.623,-10.052,-137.764,11.234,0.246,931.93,7.089,-13.433,-6.39,-0.068,1017.324,-6.529,-23.485,6.912,0.054,970.774,-8.92,-43.7,9.853,0.081,51.578,1.397,-59.087,-1.298,0.005,1435.645,-7.288,-53.52,7.866,-0.028,5476.085,4.348,-60.976,-4.193,-0.055,543.763,45.417,7.773,-31.27,0.089,218.241,-20.377,-110.978,25.704,0.01,60.209,13.734,20.032,-12.066,-0.192,206.557,84.081,72.76,-45.78,0.019,52.693,40.181,19.461,-28.65
345,7632,45701117_1450,8/5/2023 9:31,24.7,2,,TRUE,,GD,No Defect,Not Done,Pass,Green,300_FW,Not Done,Pass,Grey,Pass,green,none,,0,0,TRUE,Pass,0,0,-1.489,0.31,0.62,0.049,-0.084,-0.004,0.144,-0.189,-0.143,-0.131,-0.068,-0.098,-0.199,-0.101,-0.118,-0.152,-0.141,-1.489,186.646,20.374,97.641,-18.162,0.31,954.353,14.301,74.105,-12.24,0.62,723.601,68.153,75.951,-40.162,0.049,2719.263,23.269,-45.648,-18.837,-0.084,1439.775,-36.261,-256.272,56.758,-0.004,1287.974,-3.902,-158.328,4.056,0.144,3914.935,17.548,-301.585,-14.806,-0.189,859.82,-26.223,-174.081,35.287,-0.143,-29.426,-10.546,-8.716,11.63,-0.131,-5.123,-11.418,-74.16,12.742,-0.068,1155.676,-1.905,-80.471,1.873,-0.098,513.045,22.505,15.874,-18.451,-0.199,480.626,16.016,-41.421,-13.976,-0.101,196.094,-45.834,-312.113,84.432,-0.118,75.381,-13.499,-67.848,15.469,-0.152,273.93,184.975,22.945,-64.963,-0.141,6.19,-3.058,-32.414,3.009
346,7670,45488038_1450,4/20/2023 16:52,24.2,2,,TRUE,,GD,No Defect,Not Done,Pass,Green,110_LVL (new),Not Done,Pass,Blue,Pass,green,none,,3,2017,TRUE,Fail,0,0,inf,0.234,0.383,0.099,-0.123,0.001,-0.544,1.044,-0.053,-0.061,-0.039,-0.009,-0.12,0.012,-0.006,0.081,0.023,inf,inf,inf,#NAME?,inf,0.234,589.881,71.704,73.695,-41.624,0.383,327.565,51.48,81.608,-33.732,0.099,990.974,89.999,-209.949,-47.316,-0.123,169.753,-26.28,5.036,35.481,0.001,722.146,-12.918,-28.524,14.835,-0.544,212.991,-30.695,-31.911,43.504,1.044,25.882,-16.968,-38.493,21.693,-0.053,296.205,13.317,14.936,-11.798,-0.061,816.288,-26.728,-108.963,36.395,-0.039,352.255,15.97,-7.466,-13.804,-0.009,264.767,-11.513,-2.354,13.001,-0.12,216.341,-10.652,-4.397,11.788,0.012,1485.346,-45.734,-358.617,84.3,-0.006,826.005,-13.331,-22.447,15.375,0.081,-23.664,-39.372,-128.704,65.075,0.023,20.571,-20.075,-109.274,25.146
347,7671,45671996_1450,7/21/2023 15:39,28,2,,TRUE,,GD,No Defect,Pass,Pass,Green,400_LA (new),Not Done,Pass,Blue,Pass,green,none,,3,2017,TRUE,Fail,0,0,-1.133,0.245,0.541,0.346,0.006,0.024,-0.05,1.014,0.071,0.075,0.005,-0.039,-0.11,0.115,0.011,0.002,0.005,-1.133,555.33,-10.717,95.338,10.733,0.245,113.13,-33.034,77.777,49.695,0.541,592.202,-20.3,81.887,26.149,0.346,3874.448,75.277,-124.221,-42.75,0.006,1571.636,-30.028,-57.664,42.924,0.024,1294.402,35.843,-101.147,-26.368,-0.05,66.979,-6.634,-6.102,7.052,1.014,1103.168,-48.294,-463.994,95.361,0.071,866.193,-37.132,-86.612,59.176,0.075,39.882,4.114,-48.218,-3.879,0.005,1262.671,20.891,-72.406,-17.277,-0.039,840.395,4.151,-76.146,-4.023,-0.11,-37.011,28.93,11.823,-22.524,0.115,227.084,-17.231,-41.974,20.956,0.011,72.583,7.697,9.835,-7.136,0.002,99.729,111.65,7.456,-52.751,0.005,21.622,37.713,41.156,-27.382
348,7671,45043189_1450,8/18/2022 12:26,24.1,2,,TRUE,,GD,No Defect,Not Done,Not Done,Green,100_LVL (old),Pass,Pass,Blue,Pass,green,none,,3,2017,TRUE,Pass,0,0,-0.68,0.122,0.036,0.076,-0.004,0.148,0.327,0.101,0.125,0.122,0.115,0.103,0.08,0.17,0.102,0.028,0.089,-0.68,-80.331,-18.458,-1.437,21.802,0.122,-52.688,2.643,-5.144,-2.456,0.036,-45.252,-11.738,19.349,13.339,0.076,-65.301,-55.98,25.518,127.34,-0.004,-70.741,-32.852,-124.836,48.918,0.148,-49.159,-17.534,-11.603,21.442,0.327,-17.143,48.716,-549.734,-32.538,0.101,-73.894,33.263,43.524,-24.885,0.125,-49.025,0.699,34.009,-0.57,0.122,-31.934,-15.316,-28.701,18.231,0.115,-60.372,-20.477,-7.861,25.895,0.103,-20.599,5.694,1.563,-5.29,0.08,-46.881,-35.619,-88.231,55.449,0.17,-36.106,-6.124,-12.302,6.704,0.102,-43.651,-20.711,-28.74,26.25,0.028,-62.078,3.926,54.312,-3.75,0.089,-58.588,-6.771,-9.573,7.359
349,7677,45970866_1450,12/28/2023 11:18,22.1,2,,TRUE,,GD,No Defect,Pass,Pass,(None),110_LVL (new),Not Done,Pass,(None),Pass,(None),none,0,3,2017,TRUE,Pass,0,0,0.905,0.207,-0.097,0.004,-0.039,0,-0.176,0.004,0.014,0.032,0.01,0.003,0.012,-0.022,-0.016,0.092,0.004,0.905,34.654,221.158,47.835,-68.581,0.207,-20.618,-15.027,-29.282,17.927,-0.097,437.582,5.338,-333.062,-5.16,0.004,-29.592,-2.844,-21.167,2.931,-0.039,-15.215,46.464,-146.544,-31.75,0,30.048,-9.862,3.502,10.941,-0.176,-67.012,19.051,-20.503,-16.151,0.004,-8.197,2.458,-10.394,-2.395,0.014,-3.948,57.097,-9.263,-36.336,0.032,159.919,-0.571,-13.131,0.607,0.01,3.598,-5.846,-35.853,6.219,0.003,-80.696,11.619,53.332,-10.407,0.012,33.984,-14.696,-29.29,17.242,-0.022,10.014,-1.252,7.283,1.246,-0.016,-3.944,27.033,19.161,-21.293,0.092,-73.725,-66.741,-88.354,200.951,0.004,42.942,-21.101,-50.112,26.749
350,7693,45611206_1450,6/21/2023 14:06,25.1,2,,TRUE,,GD,No Defect,Pass,Pass,Green,400_LA (new),Not Done,Pass,Blue,Pass,green,none,,3,2017,TRUE,Fail,0,0,-100,0.028,-0.048,-0.185,-0.026,-0.071,0.14,0.53,-0.019,0.032,-0.033,-0.056,0.05,-0.098,-0.043,-0.065,0,-100,-100,-100,100,-100,0.028,-39.252,-33.88,27.394,51.283,-0.048,-58.639,-22.504,12.082,28.977,-0.185,372.963,5.346,13.418,-5.25,-0.026,624.393,13.387,0.362,-11.83,-0.071,317.357,6.872,13.265,-6.497,0.14,274.473,104.404,-31.901,-51.009,0.53,65.246,-57.643,82.984,137.337,-0.019,430.02,17.115,27.72,-14.63,0.032,384.751,15.518,16.334,-13.405,-0.033,262.916,-3.856,34.486,3.976,-0.056,356.689,-8.468,-21.519,9.19,0.05,829.294,11.09,23.055,-9.938,-0.098,388.704,-11.707,-27.188,13.148,-0.043,489.289,-5.162,-34.14,5.398,-0.065,-61.943,-10.762,-12.065,11.987,0,-48.647,3.093,24.825,-3
351,7720,45844400_1450,10/17/2023 18:22,23.5,2,,TRUE,,UN,(None),Not Done,Not Done,(None),300_FW,Not Done,Pass,(None),Not Done,neon,,,0,0,FALSE,Pass,0,0,0.54,0.338,0.264,-0.26,0.096,0.062,0.019,-0.038,0.048,-0.005,0.021,-0.007,0.009,0.014,0.018,-0.02,-0.014,0.54,168.635,135.925,77.443,-57.385,0.338,102.63,8.475,-12.672,-7.502,0.264,336.02,49.695,-143.04,-33.021,-0.26,-47.633,-44.767,18.338,80.583,0.096,-78.219,-54.006,39.843,117.63,0.062,-41.094,-9.965,-59.833,11.137,0.019,-1.763,4.049,5.728,-3.874,-0.038,-63.762,-39.006,23.334,63.888,0.048,-48.573,14.256,12.114,-12.435,-0.005,-42.366,-11.465,2.69,12.944,0.021,-48.433,2.924,-4.904,-2.82,-0.007,-38.895,-2.489,-3.627,2.545,0.009,-27.518,-21.146,-36.286,26.829,0.014,-15.464,-22.077,-59.606,28.349,0.018,-22.748,-12.734,-41.71,14.613,-0.02,-53.371,-16.613,-26.501,19.899,-0.014,-47.032,-52.228,-70.771,109.298
352,7721,45824018_1450,10/6/2023 18:41,24.1,2,,TRUE,,GD,No Defect,Pass,Pass,(None),300_FW,Not Done,Pass,(None),Pass,green,none,0,3,2017,TRUE,Pass,0,0,1.221,0.356,-0.482,0.021,-0.02,-0.011,0.018,0.003,-0.005,-0.057,-0.006,-0.029,-0.042,0.014,-0.036,-0.021,-0.037,1.221,53.657,66.079,49.601,-39.052,0.356,31.721,-20.154,-304.935,25.686,-0.482,66.219,-33.843,-310.131,50.428,0.021,10.49,-47.484,-212.374,90.458,-0.02,-17.021,7.437,9.645,-6.941,-0.011,-17.401,2.34,-28.49,-2.298,0.018,-26.14,-3.782,-13.203,3.949,0.003,-19.619,7.453,-16.845,-6.933,-0.005,-23.909,-7.261,2.312,7.824,-0.057,-19.797,-12.506,-2.665,14.229,-0.006,21.704,-23.776,-28.57,31.184,-0.029,-17.696,36.212,39.719,-26.606,-0.042,6.239,10.61,17.647,-9.63,0.014,-13.593,-54.534,10.537,119.974,-0.036,-0.677,16.464,24.102,-14.168,-0.021,18.884,-40.618,-7.704,68.365,-0.037,-25.743,-5.308,-9.3,5.566
353,7734,45925903_1450,11/29/2023 12:41,23.1,2,,TRUE,,GD,No Defect,Pass,Pass,(None),300_FW,Not Done,Pass,(None),Pass,(None),none,0,4,2017,TRUE,Pass,0,0,inf,-0.177,-0.281,-0.015,-0.02,0.042,0.042,0.054,0.043,-0.019,-0.008,0.01,-0.014,-0.033,-0.02,-0.036,-0.033,inf,inf,inf,#NAME?,inf,-0.177,247.481,-29.61,-105.768,41.814,-0.281,210.523,-12.134,-17.453,13.491,-0.015,236.2,35.539,-33.08,-26.232,-0.02,214.971,31.262,20.663,-23.832,0.042,216.271,-42.066,-86.987,72.683,0.042,228.708,-4.58,-20.077,4.845,0.054,219.813,5.731,-15.382,-5.369,0.043,255.759,0.5,-18.401,-0.455,-0.019,231.191,6.689,11.592,-6.287,-0.008,245.145,1.087,-14.146,-1.084,0.01,264.291,-8.372,-24.701,9.148,-0.014,245.373,1.802,6.395,-1.784,-0.033,292.8,-27.771,-91.343,38.404,-0.02,199.759,5.753,6.187,-5.459,-0.036,-61.225,-8.938,-17.376,9.775,-0.033,-69.539,-42.968,-39.632,75.283
354,7738,45461756_1450,3/31/2023 14:09,25.9,2,,TRUE,,GD,No Defect,Not Done,Pass,Green,300_FW,Not Done,Pass,Grey,Pass,(None),none,,0,0,TRUE,Fail,0,0,-0.654,-0.075,0.069,0.002,-0.06,-0.031,-0.517,0.007,-0.057,-0.023,-0.032,-0.041,-0.047,-0.027,-0.043,-0.042,-0.038,-0.654,-82.873,-6.142,0.498,5.847,-0.075,5.107,32.913,17.805,-24.819,0.069,-1.315,-21.026,-32.102,26.711,0.002,12.866,-14.311,-10.953,16.703,-0.06,-5.323,-4.878,11.618,5.065,-0.031,-3.235,10.502,9.857,-9.533,-0.517,-71.65,-10.843,46.704,11.582,0.007,-4.773,-16.45,-42.978,19.697,-0.057,-6.646,5.697,5.468,-5.444,-0.023,0.909,-14.096,-16.876,16.382,-0.032,1.165,-1.037,-7.357,1.016,-0.041,-6.103,4.029,3.721,-3.912,-0.047,-6.233,9.012,27.283,-8.31,-0.027,-3.016,16.953,23.932,-14.518,-0.043,-12.642,8.356,18.362,-7.751,-0.042,-0.667,-5.954,19.276,6.286,-0.038,-5.289,-24.415,-19.847,32.251
355,7738,45407236_1450,3/1/2023 16:48,25.1,2,,TRUE,,GD,No Defect,Pass,Pass,Green,300_FW,Not Done,Pass,Blue,Pass,green,none,,4,2017,TRUE,Pass,0,0,0.684,0.071,0.059,-0.048,0.087,0.116,0.113,0.079,0.081,0.049,0.062,0.067,0.093,0.072,0.091,0.09,0.061,0.684,105.39,-70.273,38.237,238.696,0.071,205.64,-12.93,45.355,14.932,0.059,217.565,51.761,66.413,-34.068,-0.048,254.708,15.58,32.931,-13.521,0.087,264.081,9.123,9.191,-8.281,0.116,331.952,-2.394,-72.393,2.571,0.113,278.843,-3.545,-16.677,3.793,0.079,299.305,-18.386,-24.835,22.625,0.081,281.434,-4.852,-27.946,5.184,0.049,233.988,3.287,9.259,-3.135,0.062,253.808,-1.112,-8.637,1.187,0.067,243.901,12.721,10.247,-11.226,0.093,289.578,-5.285,-11.599,5.678,0.072,314.782,-8.667,-29.319,9.568,0.091,299.061,-4.708,-19.161,5.037,0.09,420.098,-10.345,-129.499,11.64,0.061,208.189,-0.648,-14.309,0.714
356,7742,45633985_1450,7/4/2023 10:59,25.2,2,,TRUE,,GD,No Defect,Not Done,Pass,Green,300_FW,Not Done,Pass,Blue,Pass,green,none,,4,2017,TRUE,Pass,0,0,inf,-0.352,-0.35,-0.062,0,-0.02,0.018,0.021,0.051,-0.115,0.001,0.019,-0.049,-0.033,-0.009,0.042,-0.109,inf,inf,inf,#NAME?,inf,-0.352,42.842,6.319,21.364,-6.274,-0.35,70.878,-7.506,11.597,7.737,-0.062,78.402,-18.194,-7.794,22.165,0,-3.928,-2.625,28.458,2.696,-0.02,52.424,0.181,12.432,-0.201,0.018,153.626,-6.67,-30.164,7.166,0.021,-7.187,14.591,25.926,-12.715,0.051,54.766,-35.513,-72.915,55.148,-0.115,28.762,-7.034,-30.616,7.442,0.001,71.113,10.952,-8.815,-9.87,0.019,147.086,45.099,-22.922,-31.068,-0.049,2.704,7.09,0.346,-6.667,-0.033,40.025,9.825,17.393,-8.976,-0.009,52.568,-5.864,-17.159,6.219,0.042,125.639,-3.988,-26.609,4.197,-0.109,1.208,-14.18,-13.617,16.396
357,7743,45671971_1450,7/21/2023 19:25,29.1,2,,TRUE,,GD,No Defect,Pass,Pass,Green,400_LA (new),Not Done,Pass,Blue,Pass,green,none,,4,2017,TRUE,Pass,0,0,-0.38,0.504,-0.403,-0.119,0.038,-0.009,0.045,0.049,0.038,0.018,0.04,0.048,0.138,-0.039,0.045,0.057,0.051,-0.38,-33.841,-5.819,-100.006,5.775,0.504,-20.491,30.594,-187.874,-23.041,-0.403,-53.874,-20.398,-55.76,25.119,-0.119,186.868,-2.427,-77.059,2.365,0.038,248.631,-15.795,2.313,18.803,-0.009,178.306,41.989,27.342,-29.578,0.045,184.273,3.98,-7.894,-3.784,0.049,254.317,-11.275,8.036,12.763,0.038,245.444,-4.348,-3.514,4.585,0.018,222.182,-2.81,-11.554,2.91,0.04,245.334,-1.584,-37.2,1.65,0.048,216.281,-9.265,-135.205,10.263,0.138,463.32,-6.126,-3.53,6.673,-0.039,148.718,1.56,2.05,-1.574,0.045,207.362,-3.446,-13.607,3.615,0.057,107.761,22.1,-0.899,-18.054,0.051,134.828,0.949,16.092,-0.89
358,7772,45041018_1450,8/11/2022 16:42,29.1,2,,TRUE,,GD,No Defect,Not Done,Not Done,Green,300_FW,Pass,Pass,Grey,Pass,green,none,,0,0,TRUE,Pass,0,0,-100,-0.085,0.38,-0.158,-0.137,-0.143,-0.097,-0.145,0.048,-0.13,-0.121,-0.165,-0.142,-0.134,-0.125,-0.123,-0.129,-100,-100,-100,100,-100,-0.085,-25.076,-50.72,47.216,102.747,0.38,-19.155,20.434,56.926,-16.651,-0.158,22.552,55.302,38.147,-35.711,-0.137,33.459,181.118,22.532,-64.476,-0.143,-13.953,2.078,33.163,-2.176,-0.097,17.319,-21.689,-27.532,27.572,-0.145,5.298,34.905,24.169,-25.981,0.048,56.395,77.728,-448.244,-43.707,-0.13,11.179,-3.74,4.604,3.749,-0.121,22.957,2.171,-3.404,-2.244,-0.165,13.367,-10.218,-29.013,11.198,-0.142,-4.251,4.457,14.385,-4.403,-0.134,-2.423,9.094,19.757,-8.458,-0.125,10.537,-1.611,-2.332,1.51,-0.123,7.19,3.535,16.737,-3.533,-0.129,-7.608,11.51,17.093,-10.437
359,7775,45924607_1450,11/30/2023 16:15,22.5,2,,TRUE,,GD,No Defect,Pass,Pass,(None),110_LVL (new),Not Done,Pass,(None),Pass,(None),none,0,4,2017,TRUE,Pass,0,0,2.336,0.655,0.033,-0.117,-0.006,-0.042,-0.009,0.014,0.009,-0.006,0.004,-0.005,-0.004,-0.032,-0.058,-0.129,0,2.336,-71.219,-79.15,-908.929,390.82,0.655,-80.296,-31.348,-324.393,46.617,0.033,17.899,114.212,-51.573,-53.302,-0.117,-33.619,-30.916,-21.619,44.583,-0.006,-45.793,-25.97,-6.06,35.072,-0.042,-36.18,-12.839,3.619,14.683,-0.009,-34.762,48.267,49.005,-32.56,0.014,-24.417,8.378,7.467,-7.717,0.009,-38.128,9.407,4.489,-8.59,-0.006,-25.179,7.22,43.13,-6.739,0.004,-38.908,14.358,19.12,-12.552,-0.005,-44.379,1.542,38.561,-1.524,-0.004,-1.694,-16.402,-25.422,19.615,-0.032,-28.1,-13.3,-21.179,15.304,-0.058,-38.989,75.968,19.407,-43.204,-0.129,-34.929,43.085,28.509,-30.201,0,-1.961,-27.882,-68.672,38.662
360,7777,45884884_1450,11/6/2023 20:37,26.8,2,,TRUE,,GD,No Defect,Pass,Pass,(None),400_LA (new),Not Done,Pass,(None),Pass,green,none,0,4,2017,TRUE,Pass,0,0,-0.291,0.048,0,0.196,0.136,0.041,0.055,0.092,0.119,0.117,0.049,0.082,0.064,0.05,0.039,-0.025,0.077,-0.291,-58.587,-76.2,-48.495,318.948,0.048,-82.41,-32.127,32.344,47.405,0,17.987,6.422,21.932,-6.034,0.196,59.568,3.265,-75.378,-2.972,0.136,146.44,-22.674,-67.372,29.498,0.041,19.708,22.038,23.113,-18.025,0.055,-26.461,-15.825,6.489,18.865,0.092,107.908,54.118,30.108,-35.055,0.119,72.434,1.716,27.803,-1.57,0.117,81.482,-9.793,-10.511,10.985,0.049,27.512,10.619,41.35,-9.556,0.082,36.847,0.138,3.851,-0.056,0.064,101.036,4.765,19.261,-4.487,0.05,65.167,7.65,6.095,-7.06,0.039,43.686,9.995,16.552,-9.052,-0.025,2.823,18.574,46.628,-15.686,0.077,90.078,19.933,42.38,-16.555
361,7778,45869047_1450,10/27/2023 14:37,24.1,2,,TRUE,,GD,No Defect,Pass,Pass,(None),300_FW,Not Done,Pass,(None),Pass,green,none,0,4,2017,TRUE,Pass,0,0,0.787,0.677,0.458,-0.225,0.049,0.01,-0.002,0.013,-0.017,-0.009,0.03,0.001,-0.01,-0.02,0.001,-0.035,-0.067,0.787,-79.446,66.423,68.653,-39.439,0.677,50.522,-26.506,-18.526,36.987,0.458,39.27,50.946,19.951,-33.448,-0.225,-30.906,-37.883,-26.04,60.624,0.049,-59.01,-15.604,-52.312,18.548,0.01,-38.714,-2.606,-1.539,2.686,-0.002,29.32,-15.908,-23.925,18.915,0.013,-48.807,-22.743,-66.15,29.454,-0.017,-45.212,-1.787,2.358,1.802,-0.009,-39.444,18.789,24.48,-15.825,0.03,-40.938,4.851,-0.811,-4.598,0.001,-35.439,4.015,-3.916,-3.859,-0.01,-20.636,-8.693,-13.434,9.51,-0.02,-8.108,-15.308,-26.133,18.051,0.001,-22.97,-7.944,-25.69,8.631,-0.035,-50.706,-7.285,-21.906,7.819,-0.067,-52.294,16.959,-1.669,-14.557
362,7788,45542309_1450,5/16/2023 15:02,26,2,,TRUE,,GD,No Defect,Pass,Pass,Green,300_FW,Not Done,Pass,Blue,Pass,green,none,,3,2017,TRUE,Pass,0,0,0.248,0.258,0.468,0.122,0.091,0.245,0.166,0.053,0.139,0.079,0.201,0.156,0.046,0.128,0.132,0.251,0.094,0.248,693.815,175.441,73.315,-63.604,0.258,662.877,39.32,39.823,-28.038,0.468,467.411,19.603,38.953,-15.999,0.122,1664.113,46.831,-78.521,-31.811,0.091,612.116,-8.618,-108.07,9.529,0.245,754.229,-21.593,-207.545,27.851,0.166,1451.619,5.864,-241.844,-5.383,0.053,517.746,-41.618,-412.445,71.376,0.139,330.238,-11.752,-70.715,13.474,0.079,-41.641,-19.074,-61.552,23.668,0.201,684.418,7.302,-65.987,-6.618,0.156,4213.629,4.401,-165.795,-4.066,0.046,403.778,-18.697,-187.628,23.054,0.128,1872.007,-55.108,-705.692,123.041,0.132,60.192,-27.106,-181.706,37.367,0.251,163.37,14.666,-80.996,-12.572,0.094,-21.07,-2.274,-76.463,2.423
363,7816,45537973_86833,6/1/2023 12:02,23.2,2,,TRUE,,B2,Critical Defect,Not Done,Pass,empty,110_LVL (new),Not Done,Pass,Blue,Fail,Pink,_Corrosion,,5,2017,TRUE,Fail,0,0,-4.467,0.776,0.875,0.526,0.268,0.528,0.356,0.371,0.458,0.387,0.341,0.323,0.448,0.463,0.383,0.385,0.59,-4.467,-28.79,-41.365,56.062,62.929,0.776,601.76,-58.511,43.424,142.897,0.875,652.498,56.889,67.486,-35.703,0.526,2536.758,-3.805,-230.398,4.502,0.268,1885.668,1.793,-152.898,-1.499,0.528,1536.105,-46.902,-244.469,89.326,0.356,135.066,6.61,-13.374,-5.866,0.371,1533.93,-41.547,-219.926,71.713,0.458,617.772,-25.351,-50.653,34.575,0.387,57.53,-17.228,-127.897,21.281,0.341,1385.301,-2.108,-90.767,2.502,0.323,570.646,-14.968,30.049,17.982,0.448,1223.028,-20.136,-184.299,25.773,0.463,285.244,-57.714,-553.613,137.579,0.383,118.812,-25.984,-129.231,35.623,0.385,479.565,30.074,-57.08,-22.825,0.59,130.54,20.896,-24.237,-16.796
364,7851,45672414_1450,8/5/2023 11:32,28.2,2,,TRUE,,UN,(None),Not Done,Not Done,(None),400_LA (new),Not Done,Pass,Grey,Not Done,(None),,,0,0,FALSE,Fail,0,0,1.125,-0.286,1.257,-0.115,-0.108,-0.022,-0.032,-0.109,-0.072,-0.075,-0.051,0.028,-0.156,0.045,-0.011,-0.109,-0.112,1.125,-30.129,57.737,2.202,-35.89,-0.286,-49.187,-2.484,-134.175,2.254,1.257,416.263,109.102,-809.153,-51.575,-0.115,181.259,32.09,35.923,-24.381,-0.108,-1.073,-20.731,45.766,26.018,-0.022,159.74,-4.101,-7.137,4.254,-0.032,171.728,21.627,26.411,-17.808,-0.109,66.034,7.978,-16.642,-7.49,-0.072,182.881,-9.605,24.787,10.547,-0.075,156.667,8.549,6.261,-7.945,-0.051,119.838,6.478,37.083,-6.132,0.028,197.479,38.347,-342.327,-27.698,-0.156,31.291,13.738,5.752,-12.216,0.045,227.076,15.184,15.334,-13.143,-0.011,172.057,1.174,0.701,-1.171,-0.109,84.264,-26.925,52.496,36.696,-0.112,64.378,19.938,19.753,-16.717
365,7856,45516782_1450,5/2/2023 15:48,24.8,2,,TRUE,,GD,No Defect,Pass,Pass,Green,300_FW,Not Done,Pass,Blue,Pass,green,none,,6,2017,TRUE,Fail,0,0,1.125,0.537,0.63,0.464,0.529,0.24,0.173,0.106,0.195,0.156,0.077,0.165,0.106,0.201,0.179,0.098,0.152,1.125,418.367,112.356,88.154,-52.379,0.537,823.949,26.292,67.32,-20.393,0.63,513.486,38.62,62.528,-27.406,0.464,1940.977,-15.866,-137.714,19.41,0.529,478.78,-55.55,55.659,126.164,0.24,683.66,34.563,-73.876,-25.507,0.173,51.698,-5.791,-37.926,6.33,0.106,397.368,-15.513,-52.588,18.487,0.195,316.155,31.965,-14.062,-24.075,0.156,-32.865,-1.501,1.714,1.683,0.077,642.403,-24.302,68.182,32.206,0.165,2889.109,29.201,-28.526,-22.473,0.106,189.302,35.653,1.951,-26.204,0.201,849.098,-2.792,-59.697,3.079,0.179,-33.292,20.894,35.79,-17.135,0.098,142.27,279.535,62.387,-73.626,0.152,-34.826,9.286,-13.208,-8.358
366,7871,46040467_1450,1/31/2024 17:05,26.4,2,,TRUE,,GD,No Defect,Pass,Pass,(None),300_FW,Not Done,Pass,(None),Pass,(None),none,0,6,2017,TRUE,Pass,0,0,0.442,0.226,0.653,-0.275,-0.022,0.02,-0.002,-0.054,0.041,-0.014,0.021,-0.024,0.01,-0.005,0.01,-0.109,-0.038,0.442,244.717,78.954,72.14,-43.873,0.226,158.287,9.069,31.149,-8.107,0.653,15.354,-24.132,-97.402,32.669,-0.275,-31.983,-21.621,-44.751,27.234,-0.022,-60.314,87.805,-18.731,-46.765,0.02,-44.09,-2.619,-12.783,2.71,-0.002,24.851,9.669,-17.521,-8.818,-0.054,-59.407,3.065,18.073,-3.026,0.041,-47.895,3.303,20.829,-3.158,-0.014,-40.058,-9.9,3.794,10.972,0.021,-43.889,-13.991,-44.067,16.292,-0.024,-34.41,11.602,17.748,-10.418,0.01,-40.579,-3.162,-7.919,3.276,-0.005,-31.301,-11.297,-23.163,12.73,0.01,-26.307,-7.616,-20.524,8.254,-0.109,-61.058,-35.964,22.654,55.993,-0.038,-48.392,-15.797,-30.323,18.716
367,7876,45883858_1450,11/5/2023 13:04,24.1,2,,TRUE,,GD,No Defect,Pass,Pass,(None),300_FW,Not Done,Pass,(None),Pass,green,none,0,6,2017,TRUE,Pass,0,0,-1.258,-0.318,-0.576,-0.166,-0.045,-0.032,0.022,-0.025,-0.029,-0.162,0.005,0,-0.032,-0.109,-0.038,-0.099,-0.106,-1.258,-39.292,-54.861,48.405,118.753,-0.318,49.329,44.854,51.781,-31.185,-0.576,76.563,-2.71,-2.891,2.193,-0.166,138.516,-8.505,9.435,9.115,-0.045,1.037,-35.03,84.921,53.847,-0.032,94.866,29.078,38.278,-22.552,0.022,197.551,22.562,16.573,-18.391,-0.025,73.383,5.883,17.683,-5.579,-0.029,77.735,-5.815,5.753,6.144,-0.162,67.633,-27.052,2.951,36.861,0.005,146.912,-25.115,-29.188,33.544,0,156.241,167.551,-4.093,-62.624,-0.032,99.583,58.318,14.096,-36.856,-0.109,50.848,21.204,39.454,-17.585,-0.038,90.472,2.554,17.154,-2.527,-0.099,259.529,295.971,20.475,-74.771,-0.106,92.493,-33.451,-134.311,50.107
368,7880,45605314_1450,6/15/2023 16:02,24.8,2,,TRUE,,GD,No Defect,Pass,Pass,Green,300_FW,Not Done,Pass,Blue,Pass,green,none,,6,2017,TRUE,Pass,0,0,0.991,0.503,0.882,0.357,0.082,0.25,0.21,0.174,0.219,0.197,0.269,0.237,0.161,0.265,0.229,0.222,0.222,0.991,219.142,6.059,78.114,-4.779,0.503,421.153,39.607,63.763,-28.01,0.882,361.76,34.173,61.105,-24.812,0.357,694.25,49.591,-47.28,-32.912,0.082,207.846,365.773,-9.648,-78.513,0.25,445.155,11.132,-63.405,-9.792,0.21,138.956,8.271,-58.81,-7.446,0.174,366.144,-22.588,-77.219,29.403,0.219,422.686,-10.258,-89.729,11.675,0.197,477.988,-3.631,-65.599,3.972,0.269,732.931,34.452,7.445,-25.424,0.237,293.509,-5.13,20.146,5.657,0.161,257.897,15.687,-41.898,-13.421,0.265,1431.067,-36.064,-310.719,56.82,0.229,5.478,0.244,-12.976,-0.015,0.222,125.875,-7.339,-9.852,8.161,0.222,-12.64,9.465,-37.385,-8.444
369,7887,46051289_1450,2/6/2024 16:17,25.2,2,,TRUE,,GD,No Defect,Not Done,Pass,(None),300_FW,Not Done,Pass,(None),Pass,(None),none,0,0,0,TRUE,Fail,0,0,0.404,-0.174,-0.144,-0.05,-0.176,0.009,0.067,-0.899,-0.014,-0.009,0.019,0.005,-0.033,0.028,0.011,-0.027,-0.074,0.404,402.073,423.426,16.375,-80.818,-0.174,-18.512,212.374,-126.739,-68.043,-0.144,11.875,-33.766,-49.89,50.761,-0.05,-49.246,-37.577,-3.611,60.116,-0.176,-34.518,157.482,35.401,-61.231,0.009,-8.402,33.98,30.394,-25.355,0.067,-38.83,-0.152,-12.167,0.22,-0.899,66.942,-9.678,-35.369,9.719,-0.014,-41.97,9.896,11.143,-9.017,-0.009,77.368,-16.159,-41.789,19.263,0.019,-26.59,64.504,-9.471,-39.2,0.005,-48.041,28.256,23.631,-22.027,-0.033,-15.146,-1.591,3.574,1.583,0.028,28.942,-7.791,-1.038,8.48,0.011,-24.736,16.087,33.731,-13.848,-0.027,-69.809,-25.924,30.164,34.959,-0.074,-39.768,-25.584,-18.361,34.281
370,7891,45480757_1450,4/12/2023 15:30,25,2,,TRUE,,GD,No Defect,Pass,Pass,Green,300_FW,Not Done,Pass,Blue,Pass,green,none,,6,2017,TRUE,Pass,0,0,0.782,-0.101,-0.039,-0.053,-0.094,-0.02,-0.326,0,0.033,0.006,-0.017,-0.029,-0.022,-0.055,-0.021,-0.01,-0.042,0.782,362.117,549.526,77.992,-84.484,-0.101,206.927,6.095,30.214,-5.84,-0.039,197.75,14.678,24.672,-12.834,-0.053,275.302,-17.501,-3.678,21.15,-0.094,311.087,-36.254,-71.342,56.725,-0.02,178.766,69.685,56.541,-41.079,-0.326,79.494,-2.886,32.437,2.635,0,259.287,11.167,-16.337,-10.045,0.033,265.028,-1.854,-2.251,1.922,0.006,219.977,8.856,6.834,-8.13,-0.017,229.88,-1.758,10.922,1.772,-0.029,333.57,4.521,-5.079,-4.354,-0.022,265.275,11.594,-6.026,-10.409,-0.055,244.232,-1.909,-10.955,1.889,-0.021,222.037,0.34,0.599,-0.36,-0.01,273.204,-0.884,-49.836,0.882,-0.042,-70.287,-16.842,-18.712,20.203
371,7892,45942951_1450,12/12/2023 10:41,21.8,2,,TRUE,,GD,No Defect,Pass,Pass,(None),110_LVL (new),Not Done,Pass,(None),Pass,(None),none,0,6,2017,TRUE,Pass,0,0,2.411,-0.111,-0.17,0.016,-0.153,-0.053,-0.019,-0.014,-0.024,-0.014,-0.071,-0.047,-0.068,-0.072,-0.075,-0.069,0.002,2.411,-45.962,-55.95,-376.355,132.487,-0.111,34.891,-32.299,-175.777,47.544,-0.17,1.362,-37.103,-42.844,58.72,0.016,15.96,2.819,-16.842,-2.726,-0.153,29.038,-70.628,-62.632,239.942,-0.053,24.596,-6.466,-31.8,6.857,-0.019,-25.853,6.677,23.02,-6.277,-0.014,61.137,36.659,9.448,-26.836,-0.024,41.231,-35.403,9.672,54.77,-0.014,37.222,3.114,4.765,-3.034,-0.071,2.513,16.819,51.618,-14.459,-0.047,-3.622,-9.575,11.577,10.538,-0.068,36.298,10.556,8.413,-9.61,-0.072,3.747,11.492,20.502,-10.372,-0.075,-10.06,13.07,25.921,-11.626,-0.069,42.129,6.739,-18.792,-6.379,0.002,69.77,-4.289,-15.554,4.483
372,7913,45817120_1450,10/3/2023 21:17,28.8,2,,TRUE,,GD,No Defect,Pass,Pass,(None),400_LA (new),Not Done,Pass,(None),Pass,green,none,0,6,2017,TRUE,Pass,0,0,0.377,-0.379,0.567,0.21,0.03,0.081,0.023,-0.039,0.119,0.131,0.047,0.02,-0.105,0.19,0.049,-0.092,0.014,0.377,-56.4,-50.883,34.164,104.365,-0.379,7.477,26.098,-98.221,-20.997,0.567,-40.445,19.491,77.658,-15.837,0.21,131.876,-49.778,-39.935,99.536,0.03,58.111,-27.237,-67.924,37.473,0.081,48.386,20.981,21.876,-17.275,0.023,-5.215,-20.728,28.393,26.177,-0.039,3.128,-20.794,32.898,26.204,0.119,82.136,-4.269,-21.315,4.583,0.131,74.927,16.487,-4.033,-14.041,0.047,48.072,15.602,21.426,-13.456,0.02,68.653,-19.573,-38.077,24.361,-0.105,-23.475,6.359,-2.679,-6.078,0.19,147.309,49.868,48.312,-33.148,0.049,112.971,4.414,10.113,-4.18,-0.092,23.912,139.059,46.979,-58.208,0.014,88.351,25.265,23.352,-20.158
373,7916,45980557_1450,1/2/2024 14:51,34.2,2,,TRUE,,GD,No Defect,Pass,Pass,(None),400_LA (new),Not Done,Pass,(None),Pass,(None),none,0,6,2017,TRUE,Pass,0,0,-0.51,-0.386,0.05,-0.05,-0.141,-0.145,-0.084,-0.124,-0.053,0.023,-0.149,-0.132,-0.101,-0.054,-0.074,-0.167,-0.071,-0.51,43.133,0.016,-79.835,-0.526,-0.386,-84.124,-66.016,15.625,193.118,0.05,26.07,90.956,47.909,-47.606,-0.05,114.376,1.797,4.493,-1.814,-0.141,113.313,10.852,34.765,-9.917,-0.145,77.625,-5.079,-5.824,5.197,-0.084,42.758,-21.045,-32.136,26.548,-0.124,111.081,-11.028,-2.752,12.255,-0.053,76.401,8.251,21.128,-7.671,0.023,87.326,3.071,-15.247,-2.956,-0.149,59.368,116.241,41.823,-53.824,-0.132,62.99,-10.884,-19.498,12.065,-0.101,5.74,1.809,6.269,-1.876,-0.054,30.794,-1.971,1.982,1.956,-0.074,14.996,9.012,20.322,-8.335,-0.167,3.869,3.959,35.845,-3.969,-0.071,94.54,-10.891,-16.159,12.143
374,7916,45304479_1450,1/12/2023 12:33,25.7,2,,TRUE,,GD,No Defect,Not Done,Pass,Green,300_FW,Not Done,Pass,Grey,Pass,green,none,,0,0,TRUE,Pass,0,0,inf,0.1,0.213,0.075,-0.35,-0.072,-0.139,-0.226,-0.14,-0.149,-0.02,-0.045,-0.219,0.023,-0.069,0.067,-0.131,inf,inf,inf,#NAME?,inf,0.1,414.695,44.924,33.137,-30.929,0.213,392.781,26.319,46.802,-20.667,0.075,820.772,-3.444,-70.092,3.644,-0.35,188.166,138.396,-281.429,-58.2,-0.072,424.608,-6.6,-25.508,6.989,-0.139,821.265,20.08,-22.106,-16.838,-0.226,139.941,-12.898,-12.535,14.548,-0.14,254.362,-13.205,-66.146,15.052,-0.149,457.229,-9.436,-107.298,10.254,-0.02,302.904,-48.758,-123.71,95.111,-0.045,449.762,16.245,-1.812,-14.013,-0.219,237.797,-30.556,-204.979,43.687,0.023,2064.897,-34.526,-234.519,52.767,-0.069,1025.294,-23.051,-164.541,29.867,0.067,86.4,20.938,-63.459,-17.258,-0.131,-49.028,-1.572,-3.106,1.463
375,7917,46055500_1450,2/9/2024 15:50,23.2,2,,TRUE,,GD,No Defect,Not Done,Pass,(None),110_LVL (new),Not Done,Pass,(None),Pass,(None),none,0,6,2017,TRUE,Pass,0,0,inf,-0.066,-0.346,-0.116,-0.044,-0.072,-0.037,-0.029,-0.051,-0.038,-0.076,-0.07,-0.054,-0.099,-0.083,-0.073,-0.047,inf,inf,inf,#NAME?,inf,-0.066,265.481,4.983,-10.965,-4.809,-0.346,210.766,-10.765,28.787,11.676,-0.116,320.21,42.312,37.167,-29.813,-0.044,453.149,-4.569,-5.317,4.742,-0.072,378.105,-7.468,-62.593,7.993,-0.037,203.238,-7.722,-8.637,8.328,-0.029,541.619,-8.452,-42.62,9.201,-0.051,350.266,5.855,22.065,-5.58,-0.038,419.023,2.871,-16.441,-2.828,-0.076,295.685,7.805,30.447,-7.31,-0.07,264.314,24.046,56.102,-19.442,-0.054,445.56,7.055,-1.799,-6.641,-0.099,325.031,-1.678,-11.811,1.606,-0.083,199.295,15.851,29.498,-13.754,-0.073,-44.134,-20.673,-0.556,25.969,-0.047,-38.486,2.071,-16.048,-2.075
376,7918,45561779_1450,5/24/2023 14:07,23.8,2,,TRUE,,GD,No Defect,Not Done,Pass,Green,300_FW,Not Done,Pass,Grey,Pass,green,none,,0,0,TRUE,Pass,0,0,1.285,-0.053,-0.062,-0.048,-0.097,0.05,-0.005,-0.002,0.024,0.003,0.008,-0.014,-0.245,-0.013,-0.011,0.032,-0.038,1.285,-27.002,306.045,33.156,-75.056,-0.053,-45.646,-35.734,-18.112,55.522,-0.062,308.38,7.887,0.718,-7.368,-0.048,259.184,-16.154,28.534,19.209,-0.097,270.294,-28.096,24.849,38.94,0.05,380.601,0.284,13.892,-0.233,-0.005,302.067,-18.183,-32.551,22.218,-0.002,339.658,1.811,2.386,-1.78,0.024,318.86,26.431,-5.366,-20.887,0.003,261.899,19.454,12.373,-16.284,0.008,315.881,-0.117,2.307,0.125,-0.014,251.064,13.177,18.369,-11.655,-0.245,949.742,106.625,34.905,-51.721,-0.013,278.756,2.543,6.509,-2.493,-0.011,308.27,-4.164,-15.067,4.333,0.032,-36.705,-26.784,-21.113,36.626,-0.038,303.373,-24.169,-42.318,31.821
377,7920,45832699_1450,10/17/2023 13:43,22.7,2,,TRUE,,GD,No Defect,Not Done,Pass,(None),110_LVL (new),Not Done,Pass,(None),Pass,green,none,0,6,2017,TRUE,Pass,0,0,inf,0.917,-0.539,-0.186,-0.229,-0.154,-0.112,-0.135,-0.163,-0.234,-0.085,-0.08,-0.141,-0.239,-0.168,0.019,-0.221,inf,inf,inf,#NAME?,inf,0.917,353.306,-12.395,0.034,15.195,-0.539,110.108,-63.197,-13.721,170.255,-0.186,171.983,78.303,-5.528,-44.02,-0.229,120.82,68.674,52.216,-40.85,-0.154,161.375,-3.575,1.257,3.548,-0.112,182.55,8.739,-15.548,-8.14,-0.135,183.639,4.422,4.86,-4.365,-0.163,136.846,6.992,20.184,-6.687,-0.234,125.08,4.917,5.495,-4.91,-0.085,225.765,-24.043,-74.547,31.541,-0.08,129.264,36.165,24.229,-26.619,-0.141,140.72,12.358,16.188,-11.124,-0.239,59.049,13.642,21.363,-12.214,-0.168,41.92,14.011,26.76,-12.436,0.019,153.589,-52.275,-16.186,109.575,-0.221,182.773,-24.932,-50.813,32.917
378,7924,45904507_1450,11/21/2023 17:34,23.6,2,,TRUE,,GD,No Defect,Pass,Pass,(None),110_LVL (new),Not Done,Pass,(None),Pass,green,none,0,6,2017,TRUE,Fail,0,0,1.638,0.843,0.34,0.038,-0.227,0.123,0.105,1.014,0.137,0.128,0.026,0.033,0.143,0.105,-0.277,0.08,0.137,1.638,58.477,67.723,58.684,-39.401,0.843,49.636,236.073,-115.089,-69.994,0.34,-12.724,-9.931,12.567,11.404,0.038,-24.422,15.56,-31.328,-13.432,-0.227,-15.624,-0.265,-77.586,0.038,0.123,-22.144,-13.571,-6.341,15.845,0.105,-29.676,16.101,27.275,-13.778,1.014,-63.992,-6.87,-48.169,8.466,0.137,-27.108,-3.485,12.674,3.753,0.128,-6.578,3.86,8.457,-3.593,0.026,-28.517,-5.6,-0.293,5.959,0.033,-51.637,-7.459,8.808,8.096,0.143,-0.959,-10.474,-29.024,11.859,0.105,-33.098,7.852,6.121,-7.184,-0.277,-46.196,-7.797,-39.687,8.156,0.08,-81.163,4.627,27.152,-4.346,0.137,-8.597,3.154,-24.691,-2.925
379,7925,45838896_1450,10/19/2023 12:16,21,2,,TRUE,,GD,No Defect,Not Done,Pass,(None),110_LVL (new),Not Done,Pass,(None),Pass,green,none,0,6,2017,TRUE,Pass,0,0,-0.407,-0.436,0,0.032,-0.105,-0.083,-0.082,-0.103,0.014,-0.014,-0.056,-0.084,-0.093,-0.071,-0.088,-0.008,0.152,-0.407,-42.875,-39.742,-1.393,65.277,-0.436,-36.176,-34.681,78.035,52.427,0,5.057,50.329,59.487,-33.479,0.032,67.644,-27.407,-27.481,37.797,-0.105,109.357,8.658,-13.112,-8.065,-0.083,75.192,59.361,25.28,-37.301,-0.082,9.333,13.955,32.135,-12.318,-0.103,110.566,21.222,-11.219,-17.592,0.014,71.367,9.017,-49.881,-8.258,-0.014,108.729,-6.802,7.376,7.283,-0.056,60.358,-18.731,11.166,22.979,-0.084,15.127,-7.558,36.12,8.085,-0.093,62.124,11.674,16.579,-10.537,-0.071,26.646,9.91,14.807,-9.082,-0.088,11.392,31.785,48.565,-24.185,-0.008,-12.012,-55.405,-3.999,124.224,0.152,14.789,-37.292,-17.814,59.711
380,7926,45498799_1450,4/21/2023 15:01,23.7,2,,TRUE,,GD,No Defect,Pass,Pass,Green,400_LA (new),Not Done,Pass,Blue,Pass,green,none,,6,2017,TRUE,Fail,0,0,-0.404,-0.078,0.057,0.06,-0.034,-0.061,-0.422,-0.027,0.052,0.038,0.021,-0.024,-0.056,0,-0.033,-0.083,-0.001,-0.404,5.882,-63.09,29.12,169.831,-0.078,-38.79,-41.899,53.867,71.98,0.057,268.698,45.189,36.752,-31.085,0.06,448.23,29.91,5.446,-22.977,-0.034,504.199,14.325,7.407,-12.559,-0.061,374.508,5.116,13.159,-4.925,-0.422,-87.558,-1.714,64.505,1.315,-0.027,404.872,-7.157,19.042,7.68,0.052,557.632,0.573,-63.986,-0.518,0.038,464.473,2.786,-2.601,-2.674,0.021,339.525,11.28,-7.256,-10.118,-0.024,339.158,8.979,-0.203,-8.261,-0.056,409.417,0.325,-1.929,-0.38,0,470.809,3.994,7.114,-3.84,-0.033,488.322,0.911,-8.204,-0.935,-0.083,294.793,7.203,12.907,-6.797,-0.001,-52.642,54.728,54.941,-35.371
381,7927,45709772_1450,8/14/2023 14:14,27.3,2,,TRUE,,GD,No Defect,Pass,Pass,Green,400_LA (new),Not Done,Pass,Blue,Pass,green,none,,6,2017,TRUE,Fail,0,0,0.641,0.757,0.236,0.318,0.347,0.302,0.344,0.365,0.291,0.289,0.307,0.339,0.321,0.319,0.289,0.291,0.32,0.641,-23.793,-13.031,51.38,15.72,0.757,56.434,228.026,-1.882,-69.284,0.236,-29.24,63.865,-501.295,-38.83,0.318,259.572,133.079,19.074,-56.96,0.347,208.445,19.761,35.04,-16.211,0.302,329.888,-4.725,-45.684,5.276,0.344,257.195,-12.133,-52.778,14.2,0.365,267.018,15.585,25.146,-13.168,0.291,274.623,4.099,5.275,-3.658,0.289,211.875,36.569,11.825,-26.565,0.307,323.162,-15.744,-34.756,19.05,0.339,334.28,-5.252,-87.514,5.901,0.321,255.914,14.307,-0.519,-12.236,0.319,242.366,20.714,13.26,-16.895,0.289,247.341,-0.992,-7.8,1.294,0.291,162.465,16.31,39.933,-13.772,0.32,179.475,-18.073,-27.612,22.451
382,7934,45803623_1450,9/27/2023 11:32,24.2,2,,TRUE,,GD,No Defect,Pass,Pass,(None),300_FW,Pass,Pass,(None),Pass,green,none,0,6,2017,TRUE,Fail,0,0,-0.786,1.271,-1.634,0.013,-0.202,0.136,0.198,0.13,0.165,0.095,0.133,0.141,0.195,0.13,0.183,0.199,0.119,-0.786,676.41,34.88,67.488,-26.443,1.271,982.588,149.229,56.929,-59.366,-1.634,231.941,270.005,-38.242,-73.415,0.013,96.306,36.342,-27.196,-26.646,-0.202,71.002,136.244,-30.621,-57.756,0.136,125.261,-3.558,-47.616,3.83,0.198,273.678,15.64,-29.839,-13.353,0.13,41.777,-42.793,-91.508,75.031,0.165,69.647,-31.396,-25.888,46.005,0.095,44.467,-10.179,-36.791,11.438,0.133,143.32,0.464,-38.326,-0.329,0.141,141.827,-11.449,17.488,13.089,0.195,64.848,-5.266,-15.949,5.765,0.13,53.922,-6.253,-11.297,6.809,0.183,69.779,-5.697,-15.569,6.236,0.199,176.705,18.122,16.959,-15.173,0.119,-85.021,-5.246,-58.441,5.661
383,7940,45667169_1450,7/19/2023 19:19,24.9,2,,TRUE,,UN,(None),Not Done,Not Done,(None),300_FW,Not Done,Pass,Grey,Not Done,neon,,,0,0,FALSE,Pass,0,0,0.934,0.334,0.364,0.324,-0.012,0.063,0.017,-100,0.072,0.029,0.056,-0.004,-0.027,0.029,0.011,0.088,-0.009,0.934,118.119,17.664,69.392,-14.218,0.334,1096.851,20.695,41.427,-16.869,0.364,634.198,30.044,46.594,-22.823,0.324,2243.615,96.834,-128.643,-49.031,-0.012,1080.337,37.48,13.273,-27.271,0.063,1015.484,-15.451,-140.407,18.349,0.017,1221.147,-13.256,-72.493,15.302,-100,-100,-100,100,-100,0.072,451.535,-37.44,-45.218,59.963,0.029,-16.283,-15.734,-31.326,18.706,0.056,735.739,28.268,29.396,-21.994,-0.004,3156.061,18.03,-42.184,-15.279,-0.027,375.468,20.916,1.393,-17.321,0.029,1167.831,-17.016,-112.597,20.539,0.011,-8.289,12.837,21.837,-11.367,0.088,72.313,106.832,25.267,-51.609,-0.009,-2.617,10.894,14.972,-9.832
384,7948,45611535_1450,6/19/2023 19:50,25.8,2,,TRUE,,GD,No Defect,Pass,Pass,Green,300_FW,Not Done,Pass,Blue,Pass,green,none,,7,2017,TRUE,Pass,0,0,0.087,inf,-0.567,-0.161,0.02,-0.032,-0.006,0.018,-0.029,-0.138,0.005,0.002,0.001,-0.079,-0.006,0.098,-0.118,0.087,119.023,493.056,54.992,-83.123,inf,inf,inf,#NAME?,inf,-0.567,82.992,-24.604,-27.525,31.882,-0.161,75.357,10.439,-3.708,-9.597,0.02,-5.626,37.907,45.554,-27.473,-0.032,52.404,4.694,11.715,-4.514,-0.006,149.542,6.533,-8.183,-6.138,0.018,28.524,-20.316,-36,25.518,-0.029,41.914,0.836,-0.451,-0.857,-0.138,19.746,-5.999,-8.359,6.235,0.005,89.224,-5.872,1.526,6.244,0.002,101.559,-7.891,-60.298,8.569,0.001,52.662,-2.047,-10.684,2.091,-0.079,21.779,14.507,17.755,-12.738,-0.006,44.468,-2.853,-10.19,2.93,0.098,148.929,-8.359,-15.022,9.228,-0.118,22.417,-19.797,-74.506,24.537
385,7949,45637881_1450,7/6/2023 15:41,25.6,2,,TRUE,,GD,No Defect,Pass,Pass,Green,400_LA (new),Not Done,Pass,Blue,Pass,green,none,,7,2017,TRUE,Fail,0,0,-0.871,-0.194,0.822,0.437,-0.03,-0.062,-0.064,0.971,-0.067,-0.043,-0.068,-0.028,-0.133,-0.01,-0.027,-0.157,-0.012,-0.871,330.799,52.503,77.284,-34.999,-0.194,908.368,41.471,83.398,-29.451,0.822,586.989,67.745,84.387,-39.896,0.437,3887.346,28.447,-146.364,-21.807,-0.03,3713.709,59.8,-78.698,-37.441,-0.062,1582.226,9.246,-134.503,-8.52,-0.064,43.096,-2.796,-30.223,2.811,0.971,478.325,-15.286,-54.616,19.191,-0.067,1033.366,0.692,-52.545,-0.753,-0.043,38.555,2.762,-15.679,-2.729,-0.068,1226.859,6.326,-19.837,-6.014,-0.028,551.456,-0.367,-18.619,0.34,-0.133,618.919,36.75,14.539,-26.971,-0.01,1768.345,19.739,-35.538,-16.494,-0.027,54.636,11.415,23.952,-10.27,-0.157,293.419,190.925,39.849,-65.681,-0.012,45.727,71.036,46.483,-41.54
386,7952,45667162_1450,7/19/2023 19:04,25,2,,TRUE,,UN,(None),Not Done,Not Done,(None),300_FW,Not Done,Pass,Grey,Not Done,green,,,0,0,FALSE,Fail,0,0,inf,1.603,0.204,-0.259,-0.093,-0.011,0.04,-100,0.014,-0.141,0.009,0.009,-0.488,-0.092,0.001,0.053,-0.099,inf,inf,inf,#NAME?,inf,1.603,586.606,127.359,-68.341,-55.312,0.204,221.546,185.594,-114.654,-64.914,-0.259,96.439,8.462,41.907,-8.041,-0.093,14.269,-7.21,9.457,7.67,-0.011,79.193,37.269,37.816,-27.158,0.04,236.164,-4.295,-59.476,4.53,-100,-100,-100,100,-100,0.014,104.875,3.75,28.132,-3.6,-0.141,79.997,-6.555,2.887,6.864,0.009,143.887,8.961,-3.482,-8.216,0.009,103.93,11.5,-7.317,-10.305,-0.488,14.21,-39.812,-36.024,65.335,-0.092,80.609,0.556,5.413,-0.644,0.001,100.322,-6.175,-15.121,6.583,0.053,170.327,94.882,-30.14,-48.66,-0.099,55.004,-16.169,-35.984,19.169
387,7954,45726131_1450,8/16/2023 21:55,23.8,2,,TRUE,,GD,No Defect,Pass,Pass,Green,300_FW,Not Done,Pass,Blue,Pass,green,none,,7,2017,TRUE,Pass,0,0,0.364,0.159,0.339,0.191,-0.102,0.112,0.088,-0.018,0.026,0.009,0.046,0.002,-0.03,0.036,0.008,-0.087,0.028,0.364,434.177,94.453,50.575,-48.386,0.159,517.355,15.634,5.512,-13.383,0.339,426.103,16.19,14.415,-13.642,0.191,1128.314,80.983,-355.259,-44.641,-0.102,249.214,130.469,9.618,-56.654,0.112,518.146,7.65,-141.387,-7.002,0.088,18.286,10.875,15.875,-9.728,-0.018,240.273,-32.284,-98.631,47.65,0.026,209.403,20.104,11.131,-16.717,0.009,-32.088,-5.567,-61.163,5.905,0.046,634.916,-10.074,-78.76,11.254,0.002,-4.221,14.351,40.428,-12.549,-0.03,177.874,31.123,-4.636,-23.759,0.036,1041.905,-37.643,-379.494,60.425,0.008,-33.584,-2.998,-10.15,3.099,-0.087,-3.708,182.31,54.42,-64.609,0.028,-46.07,-1.737,-8.799,1.797
388,7955,45021195_1450,8/3/2022 12:41,26.3,2,,TRUE,,GD,No Defect,Pass,Pass,Green,300_FW,Pass,Pass,Blue,Pass,green,none,,2,2015,TRUE,Fail,0,0,0.445,0.808,0.524,0.982,0.62,0.061,-0.224,0.426,0.081,-0.679,-0.632,-0.691,-0.048,-0.015,-0.063,-0.421,-0.093,0.445,-37.656,-80.171,-17.355,406.552,0.808,6.731,43.633,31.974,-29.816,0.524,15.749,19.492,41.708,-15.874,0.982,54.359,34.568,-62.941,-24.958,0.62,-42.361,-43.333,-51.815,77.563,0.061,14.635,-18.006,-28.514,22.035,-0.224,62.232,8.523,-123.37,-8.061,0.426,-57.967,1.855,-2.155,-1.403,0.081,18.582,-4.582,-0.313,4.887,-0.679,-12.971,-11.728,-41.894,12.517,-0.632,18.929,-33.108,-68.903,48.55,-0.691,-28.288,-12.69,14.809,13.743,-0.048,-55.526,-10.107,-26.683,11.19,-0.015,-61.68,-21.869,-54.578,27.971,-0.063,-82.405,-12.773,-24.833,14.57,-0.421,15.791,110.22,32.669,-52.631,-0.093,33.095,15.603,16.648,-13.578
389,7955,45768491_1450,9/11/2023 14:00,28.4,2,,TRUE,,GD,No Defect,Pass,Pass,(None),400_LA (new),Not Done,Pass,Blue,Pass,green,none,,7,2017,TRUE,Pass,0,0,0.763,-0.152,-0.203,-0.008,0.138,0.073,0.03,0.014,0.059,0.047,-0.033,-0.019,0.065,-0.06,-0.026,0.053,0.024,0.763,610.909,27.337,59.115,-20.869,-0.152,338.245,-16.285,-92.734,19.272,-0.203,280.253,-6.305,-53.797,6.513,-0.008,369.016,-18.624,-96.039,22.876,0.138,530.105,-45.499,-97.442,83.735,0.073,333.312,-6.174,-77.694,6.658,0.03,88.52,-22.678,-23.351,29.368,0.014,622.845,22.231,20.25,-18.176,0.059,613.662,-0.645,-2.852,0.709,0.047,527.043,-2.538,-4.839,2.652,-0.033,409.754,0.372,16.064,-0.404,-0.019,507.69,-14.162,-112.884,16.476,0.065,1130.587,-10.523,-29.783,11.833,-0.06,468.589,3.526,1.255,-3.464,-0.026,544.976,-2.846,-10.874,2.902,0.053,-49.873,-68.44,-60.835,217.026,0.024,-33.187,-1.348,35.628,1.391
390,7956,45605610_1450,6/15/2023 18:50,25.8,2,,TRUE,,GD,No Defect,Pass,Pass,Green,300_FW,Not Done,Pass,Blue,Pass,green,none,,7,2017,TRUE,Fail,0,0,-2.748,1.806,-0.306,-0.243,-0.126,-0.227,-0.23,-0.161,-0.226,-0.228,-0.136,-0.141,-0.215,-0.246,-0.179,-0.179,-0.248,-2.748,75.52,80.086,87.794,-45.997,1.806,548.482,145.792,-56.95,-58.58,-0.306,163.912,5.827,14.958,-5.796,-0.243,273.283,-11.676,-25.304,12.944,-0.126,200.53,2.056,-36.387,-2.138,-0.227,213.022,7.924,22.365,-7.552,-0.23,216.829,31.455,7.2,-24.103,-0.161,237.244,1.064,-15.797,-1.212,-0.226,268.571,3.27,-3.229,-3.384,-0.228,198.236,7.949,15.514,-7.575,-0.136,202.255,-3.406,4.051,3.385,-0.141,282.374,1.571,-3.58,-1.686,-0.215,282.128,4.579,-26.129,-4.584,-0.246,258.019,1.886,1.657,-2.092,-0.179,254.43,2.302,2.328,-2.426,-0.179,-49.944,-10.388,20.296,11.393,-0.248,-64.044,-2.703,8.545,2.522
391,7957,45668355_1450,7/20/2023 16:34,24.3,2,,TRUE,,GD,No Defect,Not Done,Pass,Green,300_FW,Not Done,Pass,Grey,Pass,green,none,,0,0,TRUE,Fail,0,0,inf,-0.125,-0.15,-0.107,-0.043,-0.073,0.003,-100,-0.021,-0.023,-0.03,-0.075,-0.614,-0.067,-0.054,-0.063,-0.081,inf,inf,inf,#NAME?,inf,-0.125,287.5,21.62,29.108,-17.88,-0.15,232.313,39.652,51.005,-28.501,-0.107,345.2,8.835,26.389,-8.215,-0.043,351.936,19.155,-4.287,-16.111,-0.073,255.659,73.991,40.331,-42.568,0.003,341.746,-4.707,-37.268,4.942,-100,-100,-100,100,-100,-0.021,289.523,7.509,-13.291,-7.005,-0.023,322.279,-2.062,-21.135,2.082,-0.03,354.774,6.516,-15.325,-6.145,-0.075,290.256,28.419,26.305,-22.188,-0.614,125.584,-43.098,52.369,74.663,-0.067,336.455,12.332,15.934,-11.038,-0.054,321.318,6.035,8.718,-5.742,-0.063,433.083,-10.061,-50.954,11.116,-0.081,-58.811,1.009,12.103,-1.079
392,7958,45927493_1450,11/29/2023 13:39,23.3,2,,TRUE,,GD,No Defect,Pass,Pass,(None),300_FW,Not Done,Pass,(None),Pass,(None),none,0,7,2017,TRUE,Pass,0,0,1.63,0.526,0.192,-0.146,-0.071,0,0.008,0.014,0.014,0,0,0.019,0.026,0,0.016,-0.014,-0.045,1.63,-1.409,252.741,-43.687,-71.189,0.526,45.715,-35.229,-131.356,55.202,0.192,33.862,134.418,-157.259,-57.259,-0.146,-41.266,-70.322,-390.262,236.454,-0.071,-77.208,-42.373,40.051,73.406,0,-61.493,-21.097,13.155,26.737,0.008,-0.349,61.246,-15.507,-37.978,0.014,-57.007,-0.68,-26.234,0.699,0.014,-57.306,-10.512,3.883,11.763,0,-46.516,-1.823,19.038,1.857,0,-48.351,-10.663,-25.052,11.935,0.019,-40.273,113.909,54.122,-53.242,0.026,-46.88,-12.074,-20.905,13.762,0,-30.008,-23.443,-60.42,30.621,0.016,-27.886,2.77,-59.066,-2.68,-0.014,-49.62,-9.466,16.407,10.44,-0.045,-49.882,-19.905,-66.491,24.795
393,7959,45760419_1450,9/12/2023 17:52,22.8,2,,TRUE,,GD,No Defect,Not Done,Pass,(None),110_LVL (new),Not Done,Pass,(None),Pass,green,none,0,7,2017,TRUE,Pass,0,0,0.699,-0.064,-0.195,-0.026,-0.121,-0.071,-0.057,-0.043,0.014,-0.012,-0.091,-0.046,-0.056,-0.084,-0.076,0.043,-0.029,0.699,22.985,20.644,31.39,-16.532,-0.064,152.123,-29.011,-25.907,40.776,-0.195,215.52,2.201,1.836,-2.344,-0.026,326.358,193.371,59.464,-65.922,-0.121,384.674,56.242,27.798,-36.074,-0.071,-45.316,15.546,-3.727,-13.516,-0.057,-59.176,6.196,11.664,-5.888,-0.043,575.183,-4.316,-33.181,4.466,0.014,468.289,2.31,1.464,-2.244,-0.012,494.025,1.25,-28.018,-1.246,-0.091,352.206,-13.992,11.231,16.162,-0.046,310.176,-15.024,1.001,17.625,-0.056,417.833,9.817,-4.498,-8.99,-0.084,281.569,7.65,13.315,-7.184,-0.076,233.094,21.652,33.897,-17.861,0.043,292.772,-59.971,-49.527,149.927,-0.029,-35.849,12.64,-10.407,-11.247
394,7960,45589746_1450,6/8/2023 13:03,26.1,2,,TRUE,,GD,No Defect,Pass,Pass,Green,300_FW,Not Done,Pass,Blue,Pass,green,none,,7,2017,TRUE,Fail,0,0,-2.519,-1.309,-0.051,-0.119,-0.054,-0.112,-0.055,-0.028,-0.126,-0.172,-0.073,-0.052,-0.056,-0.142,-0.051,-0.036,-0.169,-2.519,-68.902,-76.553,-88.056,315.745,-1.309,-8.697,10.27,45.363,-10.501,-0.051,96.434,435.655,-103.072,-81.341,-0.119,81.94,35.351,24.209,-26.206,-0.054,77.409,-13.448,-11.345,15.475,-0.112,113.887,13.182,28.202,-11.746,-0.055,216.195,67.754,14.853,-40.422,-0.028,37.697,2.266,-14.363,-2.243,-0.126,77.387,-0.068,34.751,-0.059,-0.172,36.343,17.494,19.922,-15.036,-0.073,79.772,14.751,23.995,-12.918,-0.052,105.055,25.676,-1.022,-20.472,-0.056,89.799,-6.125,-26.597,6.465,-0.142,73.994,-2.652,-8.251,2.578,-0.051,61.553,-23.267,-21.074,30.256,-0.036,121.744,18.167,-27.645,-15.405,-0.169,-81.408,-54.832,-173.596,121.023
395,7961,45929413_1450,12/4/2023 11:08,20.5,2,,TRUE,,GD,No Defect,Pass,Pass,(None),110_LVL (new),Not Done,Pass,(None),Pass,(None),none,0,7,2017,TRUE,Pass,0,0,-1.056,-0.068,0.458,0.375,-0.153,0.031,-0.01,-0.041,0.038,0.021,0.001,0.009,-0.043,0.022,-0.018,-0.012,0.024,-1.056,98.592,-3.388,93.069,2.414,-0.068,601.431,30.908,85.665,-23.663,0.458,547.035,78.583,80.793,-43.747,0.375,2302.986,520.329,-108.521,-83.819,-0.153,1136.752,15.495,49.138,-13.549,0.031,1244.248,-22.831,-98.913,29.625,-0.01,1023.851,6.927,-73.401,-6.488,-0.041,1017.734,-5.079,-76.329,5.308,0.038,650.915,-13.949,-20.19,16.255,0.021,20.952,-16.172,-42.241,19.316,0.001,1022.267,-3.941,-25.42,4.104,0.009,226.738,-4.7,-18.746,4.941,-0.043,465.996,33.41,11.087,-25.075,0.022,1309.772,-17.02,-111.463,20.537,-0.018,-18.656,18.856,27.015,-15.879,-0.012,165.425,15.909,56.23,-13.736,0.024,56.571,8.122,8.395,-7.49
396,7962,45971205_1450,12/22/2023 16:48,21.6,2,,TRUE,,GD,(None),Not Done,Not Done,(None),110_LVL (new),Not Done,Pass,(None),Not Done,(None),,,0,0,FALSE,Pass,0,0,0.03,-0.01,0.019,-0.059,-0.056,-0.001,0.028,-0.029,0.01,0.038,0.021,-0.003,0.012,0.003,-0.01,-0.03,0.008,0.03,12.377,41.992,20.036,-29.552,-0.01,13.203,23.73,21.703,-19.186,0.019,2.662,12.292,29.748,-10.929,-0.059,5.703,54.685,35.59,-35.391,-0.056,4.736,50.472,48.22,-33.58,-0.001,-11.58,49.432,36.311,-33.08,0.028,-4.388,-14.659,0.018,17.209,-0.029,8.557,6.356,25.025,-6.003,0.01,2.803,-13.582,14.113,15.728,0.038,5.807,-11.328,-32.804,12.818,0.021,7.69,-1.178,-10.429,1.214,-0.003,-72.531,21.613,31.107,-17.774,0.012,27.94,-10.785,-23.1,12.102,0.003,13.405,5.909,10.882,-5.576,-0.01,-13.693,3.391,10.748,-3.289,-0.03,-3.061,7.053,24.927,-6.617,0.008,40.671,-10.39,-28.463,11.603
397,7962,45758495_1450,9/11/2023 12:12,21.7,2,,TRUE,,GD,No Defect,Not Done,Pass,(None),110_LVL (new),Not Done,Pass,Blue,Pass,green,none,,7,2017,TRUE,Pass,0,0,1.128,-0.24,-0.327,0.053,-0.134,-0.081,-0.007,-0.054,-0.029,-0.046,-0.056,-0.042,-0.046,-0.085,-0.055,-0.003,-0.037,1.128,438.211,109.931,19.535,-51.828,-0.24,183.233,4.985,40.635,-4.977,-0.327,207.748,7.089,3.981,-6.926,0.053,339.748,-12.837,-68.3,14.788,-0.134,358.424,92.014,-18.676,-47.99,-0.081,350.325,-11.095,-39.035,12.389,-0.007,-75.905,1.065,27.539,-1.06,-0.054,468.816,1.31,-6.798,-1.346,-0.029,385.827,5.072,3.774,-4.855,-0.046,350.932,14.925,17.231,-13.027,-0.056,273.556,16.441,25.662,-14.167,-0.042,254.824,-6.863,21.357,7.324,-0.046,358.292,13.14,-3.026,-11.655,-0.085,247.572,0.534,-2.153,-0.616,-0.055,249.96,17.161,30.139,-14.694,-0.003,-74.633,-66.874,-13.047,201.872,-0.037,-48.854,19.203,5.399,-16.14
398,7963,46061888_1450,2/13/2024 14:50,22.1,2,,TRUE,,GD,No Defect,Pass,Pass,(None),110_LVL (new),Not Done,Pass,(None),Pass,(None),none,0,7,2017,TRUE,Pass,0,0,0.416,-0.11,-0.271,0.019,-0.03,-0.011,0.168,-0.025,-0.014,-0.005,-0.056,-0.054,-0.02,-0.067,-0.073,0.022,0.002,0.416,12.26,-19.942,-70.648,25.429,-0.11,10.398,-35.72,-40.242,55.397,-0.271,4.906,17.391,0.96,-15.045,0.019,21.506,34.322,24.407,-25.538,-0.03,31.541,83.624,46.019,-45.557,-0.011,34.97,-38.075,-71.065,61.469,0.168,2.776,35.741,-34.823,-26.207,-0.025,88.676,16.73,23.098,-14.354,-0.014,45.791,-27.688,3.561,38.27,-0.005,57.255,3.041,-1.244,-2.957,-0.056,18.697,13.72,39.55,-12.114,-0.054,-74.599,-10.114,55.889,11.192,-0.02,65.163,6.896,9.839,-6.47,-0.067,23.197,-5.419,-10.618,5.658,-0.073,-20.61,35.796,49.549,-26.414,0.022,191.322,-50.103,-71.877,100.458,0.002,113.251,-6.053,-5.817,6.446
399,7965,45593788_1450,6/15/2023 13:32,23.9,2,,TRUE,,GD,No Defect,Not Done,Pass,Green,110_LVL (new),Not Done,Pass,Blue,Pass,green,none,,7,2017,TRUE,Pass,0,0,-0.832,-0.516,-0.732,0.013,-0.067,-0.156,-0.084,-0.073,-0.139,-0.203,-0.102,-0.085,-0.063,-0.198,-0.103,-0.072,-0.148,-0.832,-71.65,52.067,42.589,-34.786,-0.516,66.956,84.974,2.796,-46.217,-0.732,123.234,-12.058,-23.932,12.879,0.013,212.276,271.213,-19.077,-73.058,-0.067,108.804,415.072,9.911,-80.598,-0.156,163.051,-7.087,-18.836,7.46,-0.084,201.14,-11.161,-36.593,12.468,-0.073,134.685,-6.208,4.232,6.541,-0.139,115.797,19.651,17.847,-16.54,-0.203,120.544,15.796,-14.93,-13.816,-0.102,153.591,-26.694,-18.114,36.275,-0.085,88.99,-30.307,-43.759,43.365,-0.063,146.987,8.567,1.547,-7.948,-0.198,93.567,-10.268,-16.79,11.222,-0.103,51.996,2.495,5.069,-2.535,-0.072,0.331,-32.952,43.81,49.04,-0.148,92.785,-24.504,-36.418,32.261
400,7968,45925137_1450,11/28/2023 16:25,21.3,2,,TRUE,,GD,No Defect,Pass,Pass,(None),400_LA (new),Not Done,Pass,(None),Pass,(None),none,0,7,2017,TRUE,Fail,0,0,0.173,-0.184,-0.351,-0.14,-0.286,-0.241,-0.735,-0.195,-0.234,-0.147,-0.166,-0.179,-0.153,-0.21,-0.227,-0.292,-0.24,0.173,-75.711,-53.693,-141.065,116.322,-0.184,-80.623,-3.779,0.779,3.735,-0.351,8.172,-48.539,47.957,93.639,-0.14,56.867,65.917,3.899,-39.813,-0.286,60.055,-8.769,43.814,9.299,-0.241,56.107,-3.49,-13.348,3.367,-0.735,35.453,-2.832,13.686,2.158,-0.195,77.763,-1.76,2.829,1.593,-0.234,60.286,2.225,24.651,-2.406,-0.147,67.779,0.205,-5.146,-0.352,-0.166,37.556,14.661,33.182,-12.932,-0.179,66.326,-9.314,-23.178,10.073,-0.153,89.949,-25.439,-422.159,33.913,-0.21,105.48,0.875,13.982,-1.076,-0.227,66.091,6.524,8.551,-6.337,-0.292,-19.971,20.215,-14.738,-17.059,-0.24,92.011,12.784,29.722,-11.548
401,7969,46005072_1450,1/15/2024 13:57,20.9,2,,TRUE,,GD,No Defect,Not Done,Pass,(None),300_FW,Not Done,Pass,(None),Pass,(None),none,0,0,0,TRUE,Fail,0,0,0.366,0.48,1.04,-0.121,-0.156,0.03,-0.032,-0.987,-0.029,-0.023,-0.022,-0.018,-0.026,0.01,0.004,-0.09,-0.071,0.366,210.779,26.351,27.252,-20.566,0.48,17.648,11.022,-9.632,-9.495,1.04,16.561,88.795,-489.696,-46.481,-0.121,-47.04,14.113,-132.328,-12.474,-0.156,-74.017,6.373,64.455,-6.138,0.03,-58.673,-26.769,-96.141,36.596,-0.032,-36.725,22.107,33.37,-18.131,-0.987,4.78,0.389,8.285,-1.37,-0.029,-61.829,11.411,-0.568,-10.268,-0.023,-53.907,-6.097,13.792,6.468,-0.022,-62.636,6.327,24.123,-5.971,-0.018,-63.542,16.164,21.177,-13.931,-0.026,-65.235,-16.514,-15.18,19.75,0.01,-40.288,-16.863,-44.125,20.296,0.004,-49.973,-1.319,-13.763,1.34,-0.09,-78.122,-30.78,15.279,44.337,-0.071,-56.685,-54.026,-140.888,117.363
402,7973,45604010_1450,6/15/2023 15:31,25,2,,TRUE,,GD,No Defect,Pass,Pass,Green,300_FW,Not Done,Pass,Blue,Pass,green,none,,7,2017,TRUE,Pass,0,0,-1.357,-0.095,-0.143,-0.087,-0.118,-0.02,-0.001,-0.05,-0.19,-0.032,-0.008,-0.053,-0.04,-0.042,-0.022,-0.005,-0.047,-1.357,1017.225,430.251,63.348,-81.397,-0.095,206.992,49.442,48.315,-33.148,-0.143,242.133,15.265,27.616,-13.368,-0.087,287.229,4.483,11.224,-4.374,-0.118,262.606,54.053,14.418,-35.163,-0.02,288.14,-1.703,-12.961,1.712,-0.001,301.52,3.11,-34.868,-3.017,-0.05,299.603,15.505,-11.762,-13.467,-0.19,400.943,104.141,52.596,-51.107,-0.032,255.063,14.356,18.061,-12.582,-0.008,322.212,-3.014,10.454,3.099,-0.053,245.051,3.709,13.325,-3.627,-0.04,329.252,5.694,-19.305,-5.425,-0.042,266.667,18.181,27.695,-15.42,-0.022,320.737,-2.528,-7.817,2.57,-0.005,-73.649,8.88,-43.529,-8.16,-0.047,-57.727,-12.911,-31.961,14.772
403,7976,45785723_1450,9/18/2023 16:03,26.7,2,,TRUE,,GD,No Defect,Not Done,Pass,(None),300_FW,Not Done,Pass,(None),Pass,green,none,0,0,0,TRUE,Pass,0,0,-0.284,-0.18,-0.139,-0.063,0.023,-0.022,0.012,-0.025,0,-0.061,-0.005,-0.032,-0.04,-0.042,-0.038,-0.029,-0.067,-0.284,316.889,65.881,-85.38,-39.887,-0.18,240.949,-17.737,-24.945,21.343,-0.139,264.135,16.544,-1.666,-14.315,-0.063,337.946,25.169,-11.952,-20.158,0.023,309.152,-17.867,-51.879,21.781,-0.022,359.996,4.641,-30.446,-4.456,0.012,280.737,-3.318,-12.27,3.444,-0.025,344.133,-20.447,-72.678,25.671,0,339.167,2.598,3.342,-2.533,-0.061,308.208,-5.128,-5.991,5.341,-0.005,338.438,-11.736,-43.509,13.29,-0.032,278.529,11.016,17.881,-9.952,-0.04,378.035,-6.602,-4.686,7.026,-0.042,356.562,1.632,-1.156,-1.647,-0.038,324.928,4.004,-1.893,-3.886,-0.029,-35.932,-32.325,-11.643,47.722,-0.067,-57.234,-13.546,-23.772,15.591
404,7979,45834066_1450,10/13/2023 18:07,26.5,2,,TRUE,,GD,No Defect,Pass,Pass,(None),400_LA (new),Not Done,Pass,(None),Pass,green,none,0,7,2017,TRUE,Fail,0,0,0.458,1.875,-0.611,-0.263,-0.068,-0.145,-0.109,-0.141,-0.143,-0.195,-0.119,-0.1,-0.134,-0.174,-0.125,-0.117,-0.188,0.458,-49.031,44.576,-237.064,-30.515,1.875,-53.597,90.135,-170.839,-46.42,-0.611,209.889,646.643,-1254.116,-86.688,-0.263,128.475,-30.1,-7.593,42.685,-0.068,87.55,-3.527,-46.452,3.586,-0.145,132.633,-8.55,-79.083,9.191,-0.109,50.947,-12.908,-0.051,14.696,-0.141,92.417,7.772,7.588,-7.343,-0.143,115.723,12.898,17.753,-11.551,-0.195,88.164,-5.791,-12.608,5.939,-0.119,161.153,6.369,19.231,-6.1,-0.1,231.665,43.362,-24.705,-30.316,-0.134,95.82,19.044,12.992,-16.11,-0.174,126.794,-9.934,-22.112,10.837,-0.125,59.485,-1.112,-8.751,0.998,-0.117,-22.574,-28.364,14.773,39.432,-0.188,-80.646,-22.24,-33.6,28.359
405,7982,45433448_1450,3/15/2023 16:01,26.5,2,,TRUE,,GD,No Defect,Pass,Pass,Green,300_FW,Pass,Pass,Blue,Pass,green,none,,7,2017,TRUE,Fail,0,0,1.564,-0.174,-0.16,-0.225,-0.078,-0.127,-0.057,-0.059,-0.239,-0.158,-0.468,-0.088,-0.151,-0.171,-0.12,-0.107,-0.212,1.564,-50.08,-19.133,-28.955,25.594,-0.174,192.143,-13.52,36.059,15.433,-0.16,239.461,9.432,20.85,-8.765,-0.225,286.023,54.673,35.76,-35.493,-0.078,248.137,-26.646,-5.565,36.219,-0.127,226.012,22.19,9.002,-18.264,-0.057,333.947,-23.998,-73.644,31.501,-0.059,301.754,9.113,-21.235,-8.406,-0.239,271.937,26.099,66.605,-20.887,-0.158,255.526,3.84,-2.881,-3.85,-0.468,219.291,50.556,-113.632,-33.89,-0.088,290.911,11.303,18.346,-10.235,-0.151,274.57,3.547,-4.409,-3.571,-0.171,255.041,12.52,14.291,-11.278,-0.12,308.732,-6.249,-20.042,6.537,-0.107,-46.249,-7.201,-3.725,7.645,-0.212,-69.445,-13.692,34.525,15.618
406,7983,45618940_1450,6/24/2023 10:30,24.9,2,,TRUE,,GD,No Defect,Pass,Pass,Green,300_FW,Not Done,Pass,Blue,Pass,green,none,,7,2017,TRUE,Fail,0,0,-1.683,-0.272,-1.599,-0.074,-0.074,-0.081,-0.037,-0.071,-0.083,-0.101,-0.013,-0.004,0.415,-0.06,-0.036,-0.024,-0.088,-1.683,-43.483,15.748,-152.404,-15.059,-0.272,5.4,64.449,71.153,-39.356,-1.599,-59.113,50.418,90.56,-34.582,-0.074,283.76,40.203,28.128,-28.727,-0.074,231.42,4.687,38.241,-4.548,-0.081,254.561,-11.605,18.263,13.036,-0.037,281.235,-2.213,-11.911,2.225,-0.071,222.818,-2.317,-6.027,2.299,-0.083,283.141,-26.054,-71.678,35.122,-0.101,209.184,-3.196,-20.637,3.197,-0.013,219.695,-0.542,3.15,0.531,-0.004,317.229,0.991,-15.525,-0.985,0.415,619.282,61.417,-107.977,-37.792,-0.06,310.55,-10.717,-27.606,11.936,-0.036,298.452,-7.323,-28.079,7.862,-0.024,77.351,-10.127,-45.262,11.241,-0.088,-62.483,-29.817,-55.13,42.36
407,7984,45963248_1450,12/19/2023 17:47,24.2,2,,TRUE,,GD,No Defect,Pass,Pass,(None),400_LA (new),Not Done,Pass,(None),Pass,(None),none,0,7,2017,TRUE,Pass,0,0,0.968,0.457,0.412,0.187,0.018,-0.009,0.024,-0.032,0.038,0.064,0.038,0.022,0.003,0.047,0.028,-0.133,0.088,0.968,242.722,-53.965,-17.537,119.329,0.457,167.331,-19.692,16.559,25.09,0.412,56.378,1.863,34.456,-1.424,0.187,3241.16,-12.121,-145.848,14.005,0.018,2299.043,-0.745,-199.699,0.769,-0.009,1280.495,-14.192,-79.989,16.528,0.024,78.391,3.058,-86.961,-2.944,-0.032,1784.373,-29.991,-216.749,42.793,0.038,821.49,24.893,-67.364,-19.901,0.064,47.777,4.695,-91.851,-4.423,0.038,1204.784,-4.351,-35.507,4.588,0.022,922.352,-14.827,-56.581,17.434,0.003,1224.36,5.856,-88.447,-5.529,0.047,3375.22,-42.225,-410.059,73.165,0.028,205.033,-21.332,-120.799,27.151,-0.133,164.628,203.147,-4.671,-67.057,0.088,128.091,5.381,-61.317,-5.023
408,7986,45511032_1450,4/27/2023 16:23,25.2,2,,TRUE,,GD,No Defect,Not Done,Pass,Green,300_FW,Not Done,Pass,Grey,Pass,green,none,,0,0,TRUE,Fail,0,0,-1.953,-2.042,1.598,-0.666,0.117,0.072,0.01,0.047,0.059,0.056,0,-0.025,-0.007,0.039,-0.005,-0.157,-0.229,-1.953,-63.246,-41.182,-340.342,66.696,-2.042,12.909,-7.609,17.703,6.025,1.598,-0.662,73.401,88.023,-41.408,-0.666,2.519,-42.492,79.942,72.731,0.117,1668.849,170.705,40.133,-63.016,0.072,680.114,5.27,34.924,-4.938,0.01,740.439,0.051,-1.267,-0.041,0.047,868.717,-15.693,-23.258,18.669,0.059,669.215,-15.149,-0.723,17.924,0.056,643.449,10.463,18.341,-9.422,0,535.829,-14.429,-0.024,16.862,-0.025,609.847,-11.5,-48.866,12.967,-0.007,527.04,3.587,0.516,-3.469,0.039,545.736,2.734,9.046,-2.623,-0.005,564.792,7.6,9.028,-7.068,-0.157,-51.871,56.245,70.515,-36.098,-0.229,0.336,35.608,7.402,-26.427
409,7988,45664780_1450,7/24/2023 16:49,24.8,2,,TRUE,,GD,No Defect,Not Done,Pass,Green,110_LVL (new),Not Done,Pass,Blue,Pass,green,none,,9,2016,TRUE,Fail,0,0,-3.777,-0.036,-0.23,-0.034,-0.091,-0.103,-0.016,-0.068,-0.038,-0.014,-0.026,-0.056,-0.046,-0.079,-0.075,-0.125,0.264,-3.777,-69.915,-80.345,-34.998,389.554,-0.036,-36.327,-68.048,25.69,212.858,-0.23,145.325,-5.625,58.412,5.716,-0.034,355.482,-25.066,-55.833,33.406,-0.091,529.945,-26.036,-32.243,35.078,-0.103,316.724,53.305,58.962,-34.838,-0.016,223.676,4.532,25.6,-4.351,-0.068,533.344,27.315,18.601,-21.508,-0.038,439.312,-7.375,-9.65,7.921,-0.014,493.247,-5.556,-36.769,5.867,-0.026,391.003,-0.17,12.676,0.144,-0.056,319.315,-6.676,-12.617,7.094,-0.046,512.301,2.049,-0.076,-2.053,-0.079,383.813,-2.635,-8.621,2.625,-0.075,297.511,7.008,11.867,-6.619,-0.125,-33.171,-35.177,47.346,54.073,0.264,232.047,31.381,26.288,-23.685
410,8012,45681338_1450,7/26/2023 16:45,30.5,2,,TRUE,,UN,(None),Not Done,Not Done,(None),400_LA (new),Not Done,Pass,Grey,Not Done,blue,,,0,0,FALSE,Fail,0,0,2.618,2.439,1.31,0.577,0.62,1.365,0.425,1.061,1.895,1.921,1.392,0.469,0.988,0.804,-0.151,0.31,0.631,2.618,-52.327,90.649,-103.28,-46.174,2.439,675.362,96.811,-226.508,-47.951,1.31,262.41,109.585,-1169.425,-51.662,0.577,174.521,82.352,18.566,-44.845,0.62,83.376,-0.178,-8.908,0.799,1.365,118.435,5.567,39.268,-3.98,0.425,70.81,-21.696,-20.798,28.249,1.061,129.722,-12.076,3.227,14.942,1.895,407.347,43.363,11.043,-28.925,1.921,96.419,10.57,12.732,-7.823,1.392,140.621,68.452,30.206,-39.81,0.469,236.044,-23.527,-68.387,31.378,0.988,133.126,-0.1,-16.675,1.09,0.804,148.157,3.759,7.501,-2.848,-0.151,171.214,-3.417,1.118,3.382,0.31,79.957,-70.674,-62.1,242.055,0.631,133.292,-4.377,-9.93,5.237
411,8012,45759516_1450,9/5/2023 11:45,24.4,2,,TRUE,,GD,No Defect,Pass,Pass,(None),300_FW,Not Done,Pass,Blue,Pass,green,none,,7,2017,TRUE,Fail,0,0,-2.963,-1.495,-0.246,-0.582,-0.576,-1.264,-0.303,-1.032,-1.896,-2,-1.252,-0.354,-0.914,-0.847,0.218,-0.187,-0.664,-2.963,-48.706,40.61,22.058,-30.989,-1.495,-64.039,5.679,80.131,-6.788,-0.246,-55.323,37.722,86.343,-27.569,-0.582,-26.897,-18.81,5.062,22.451,-0.576,-29.61,9.631,35.418,-9.31,-1.264,-32.162,39.729,38.854,-29.338,-0.303,39.784,15.987,2.245,-14.045,-1.032,-47.4,12.139,-0.46,-11.745,-1.896,-75.473,-38.081,59.469,58.438,-2,-37.558,-7.318,-8.877,5.738,-1.252,-9.459,-35.797,-48.648,53.806,-0.354,-35.98,20.202,44.917,-17.101,-0.914,-16.495,-8.422,-6.353,8.198,-0.847,-32.19,-16.447,-41.646,18.671,0.218,-43.259,5.399,-21.097,-4.916,-0.187,1.659,277.58,35.682,-73.565,-0.664,-43.445,-3.912,-14.729,3.38
412,8013,45786169_1450,9/20/2023 15:04,25.4,2,,TRUE,,GD,No Defect,Pass,Pass,(None),400_LA (new),Not Done,Pass,(None),Pass,green,none,0,7,2017,TRUE,Pass,0,0,0.517,0.135,-0.139,-0.102,-0.016,0.06,0.033,0.022,0,-0.047,0.009,0.048,0.017,-0.029,0.022,0.017,-0.062,0.517,-43.177,44.785,-130.177,-30.575,0.135,-62.54,40.849,-15.16,-28.906,-0.139,206.922,363.502,-1763.684,-78.455,-0.102,138.721,87.834,6.753,-46.816,-0.016,55.862,4.363,41.7,-4.196,0.06,121.816,25.626,28.276,-20.35,0.033,132.838,-22.51,-38.368,29.092,0.022,118.438,-7.374,22.435,7.984,0,149.755,60.654,0.876,-37.754,-0.047,135.416,26.582,9.511,-21.037,0.009,115.641,31.632,46.952,-24.024,0.048,183.34,15.962,-362.836,-13.723,0.017,166.432,10.869,-6.429,-9.788,-0.029,176.052,20.424,23.208,-16.984,0.022,172.493,9.471,-3.493,-8.631,0.017,7.47,97.388,-19.905,-49.33,-0.062,121.384,-28.767,-4.305,40.298
413,8014,45822126_1450,10/6/2023 12:38,23.8,2,,TRUE,,GD,No Defect,Pass,Pass,(None),300_FW,Pass,Pass,(None),Pass,green,none,0,7,2017,TRUE,Pass,0,0,-1.141,0.047,0.553,0.196,0.04,0.003,-0.01,-0.077,-0.043,-0.023,-0.007,-0.254,-0.08,0.047,0,-0.117,-0.005,-1.141,88.165,45.605,96.177,-32.104,0.047,25.658,-53.539,78.35,115.336,0.553,523.572,57.215,80.015,-36.041,0.196,1465.995,77.523,-74.424,-43.559,0.04,579.695,47.605,33.549,-32.224,0.003,584.571,-0.089,-81.325,0.092,-0.01,718.352,9.668,-43.632,-8.825,-0.077,200.973,10.548,1.968,-9.611,-0.043,274.516,-26.589,-9.64,36.161,-0.023,-50.476,-11.308,-7.327,12.724,-0.007,553.911,-7.904,-41.82,8.574,-0.254,2758.607,67.349,-27.394,-40.396,-0.08,171.085,25.532,25.267,-20.403,0.047,1158.448,-19.213,-77.97,23.84,0,496.22,14.372,18.761,-12.566,-0.117,81.836,65.726,67.959,-39.73,-0.005,-54.949,18.28,33.801,-15.459
414,8030,45963328_1450,12/19/2023 20:06,24.9,2,,TRUE,,GD,No Defect,Pass,Pass,(None),400_LA (new),Not Done,Pass,(None),Pass,(None),none,0,8,2017,TRUE,Pass,0,0,0.167,-0.484,-0.075,-0.24,-0.298,-0.032,0.039,-0.048,0.093,0.02,-0.009,-0.038,0.049,-0.045,-0.044,0.071,-0.011,0.167,327.25,374.07,-56.816,-78.871,-0.484,2434.21,99.085,15.844,-50.014,-0.075,-42.954,-50.702,-84.131,102.695,-0.24,-65.525,20.822,13.543,-17.432,-0.298,-43.173,245.891,-95.806,-71.175,-0.032,-39.307,62.559,-11.22,-38.503,0.039,-70.799,-26.685,-217.618,36.451,-0.048,-50.039,24.275,27.695,-19.572,0.093,-15.436,14.565,-32.482,-12.632,0.02,5.815,-8.984,-32.942,9.893,-0.009,-42.506,65.278,26.294,-39.502,-0.038,-14.038,-23.187,8.34,30.137,0.049,12.565,-7.353,-36.025,7.99,-0.045,-31.115,-1.897,-2.247,1.888,-0.044,9.96,-19.719,-62.496,24.507,0.071,-78.732,-31.779,12.83,46.686,-0.011,-32.827,-20.62,-42.456,25.963
415,8033,46017593_355,1/25/2024 12:35,24,2,,TRUE,,GD,No Defect,Pass,Pass,(None),110_LVL (new),Not Done,Pass,(None),Pass,(None),none,0,8,2017,TRUE,Pass,0,0,0.037,0.196,0.675,0.258,0.002,0.229,0.187,0.1,0.254,0.167,0.167,0.152,0.125,0.243,0.165,0.032,0.256,0.037,220.472,-29.49,83.851,41.877,0.196,880.064,88.071,83.441,-46.724,0.675,690.218,78.207,73.752,-43.507,0.258,4052.732,288.038,-69.568,-74.163,0.002,1830.098,35.387,-31.79,-26.136,0.229,1805.222,18.893,-127.699,-15.698,0.187,144.801,11.815,-41.212,-10.399,0.1,1800.752,-13.698,-241.142,15.987,0.254,889.17,9.253,-75.055,-8.237,0.167,49.879,-5.423,-48.411,5.91,0.167,1402.743,-16.111,-33.035,19.404,0.152,414.718,-14.407,-35.075,17.01,0.125,926.55,-17.643,-158.604,21.574,0.243,3187.776,-46.027,-435.045,85.73,0.165,148.156,-16.595,-91.402,20.095,0.032,559.431,27.521,35.369,-21.557,0.256,168.085,-20.886,-72.551,26.724
416,8036,45447508_1450,3/24/2023 15:22,20.5,2,,TRUE,,GD,No Defect,Pass,Pass,Green,400_LA (new),Not Done,Pass,Blue,Pass,green,none,,8,2017,TRUE,Pass,0,0,-1.492,-0.035,-0.271,0.02,-0.276,-0.021,-0.02,-0.027,0,0.014,-0.001,-0.019,-0.054,-0.01,-0.021,-0.039,-0.024,-1.492,-60.559,-62.814,-409.208,164.907,-0.035,166.294,-43.568,32.765,77.142,-0.271,225.371,42.283,8.952,-29.908,0.02,377.055,-32.808,-48.633,48.856,-0.276,350.72,-58.691,58.012,141.412,-0.021,313.221,17.926,11.442,-15.219,-0.02,-77.876,40.331,31.746,-28.754,-0.027,433.46,0.352,1.711,-0.378,0,477.807,3.907,-50.739,-3.76,0.014,367.762,5.251,15.119,-4.976,-0.001,330.431,-3.785,-1.579,3.933,-0.019,364.003,5.446,9.67,-5.182,-0.054,358.475,28.906,-7.339,-22.466,-0.01,449.416,1.061,-13.594,-1.06,-0.021,507.235,5.343,-21.574,-5.092,-0.039,198.393,-41.104,-65.811,69.725,-0.024,-49.225,49.375,37.522,-33.071
417,8044,46000867_355,1/12/2024 13:53,24.1,2,,TRUE,,GD,No Defect,Not Done,Pass,(None),300_FW,Not Done,Pass,(None),Pass,(None),none,0,0,0,TRUE,Pass,0,0,inf,0.276,0.472,0.2,-0.036,0.183,0.082,0,0.038,0.037,0.092,0.069,0.078,0.121,0.094,0.111,0.101,inf,inf,inf,#NAME?,inf,0.276,224.571,24.136,31.435,-19.221,0.472,141.387,5.626,46.046,-4.88,0.2,366.984,22.234,-106.796,-18.026,-0.036,103.978,-57.752,-39.727,136.614,0.183,289.038,-21.475,-145.728,27.58,0.082,517.986,4.961,-68.753,-4.648,0,120.976,-6.17,-29.505,6.576,0.038,94.87,5.545,21.699,-5.217,0.037,244.016,-11.06,-54.378,12.477,0.092,181.853,-8.627,-101.644,9.542,0.069,89.536,11.125,-43.19,-9.949,0.078,115.705,-14.523,-52.627,17.082,0.121,638.849,-47.578,-296.362,90.989,0.094,-40.704,19.603,-94.337,-16.311,0.111,-57.345,-13.341,-66.815,15.523,0.101,-66.773,-23.742,-53.139,31.267
418,8047,45883218_1450,11/9/2023 11:35,23.1,2,,TRUE,,GD,No Defect,Pass,Pass,(None),110_LVL (new),Not Done,Pass,(None),Pass,green,none,0,8,2017,TRUE,Pass,0,0,-0.263,0.625,0.422,0.285,-0.118,0.083,0.028,-0.032,0.066,0.056,0.009,-0.039,-0.058,0.108,0.006,0.136,0.051,-0.263,41.819,-49.126,82.531,96.047,0.625,459.517,23.356,83.614,-18.427,0.422,416.815,24.512,75.194,-19.347,0.285,1780.671,44.162,-177.308,-30.436,-0.118,763.348,7.835,-40.695,-7.376,0.083,1146.792,-38.497,-176.24,62.728,0.028,1456.754,-0.896,-158.229,0.932,-0.032,762.916,-22.72,-58.703,29.357,0.066,601.339,8.807,-13.248,-8.033,0.056,1122.718,-9.897,-195.551,11.046,0.009,846.82,-15.342,-31.759,18.133,-0.039,1093.38,-46.429,-50.631,86.595,-0.058,501.345,-6.904,-55.785,7.354,0.108,1667.567,-22.914,-121.169,29.865,0.006,58.836,-17.219,-50.816,20.809,0.136,252.451,42.195,-20.233,-29.578,0.051,27.693,32.457,33.693,-24.465
419,8057,45995493_1450,1/12/2024 15:50,23.9,2,,TRUE,,GD,(None),Not Done,Not Done,(None),110_LVL (new),Not Done,Pass,(None),Not Done,(None),,,0,0,FALSE,Pass,0,0,1.447,0.26,0.143,0.099,-0.335,-0.145,-0.177,-0.281,-0.181,-0.168,-0.119,-0.099,-0.319,-0.092,-0.184,-0.161,-0.18,1.447,-38.325,-50.796,75.834,106.178,0.26,615.849,69.714,63.864,-40.924,0.143,373.721,52.431,79.445,-34.303,0.099,1394.246,-13.546,-135.186,15.783,-0.335,334.806,55.048,-124.888,-35.72,-0.145,887.887,-9.688,-154.544,10.567,-0.177,1023.376,-1.725,-101.532,1.575,-0.281,367.354,-24.671,-73.437,32.377,-0.181,415.981,18.226,-20.404,-15.569,-0.168,765.868,-1.38,-124.006,1.229,-0.119,456.184,8.855,-25.531,-8.244,-0.099,62.637,-24.23,54.369,31.847,-0.319,345.925,-24.909,-177.993,32.746,-0.092,1898.354,-28.825,-105.548,40.369,-0.184,818.224,-9.646,-56.729,10.472,-0.161,96.37,22.778,41.597,-18.684,-0.18,22.255,-5.77,-54.586,5.933
420,8061,45278392_1450,12/27/2022 15:27,20.4,2,,TRUE,,GD,No Defect,Not Done,Pass,Green,110_LVL (new),Not Done,Pass,Blue,Pass,green,none,,8,2017,TRUE,Pass,0,0,0.491,0.158,0.509,0.069,-0.368,0.081,-0.059,-0.042,-0.007,0.21,-0.018,-0.035,-0.06,0.081,0.022,0.122,0.029,0.491,-50.125,-24.49,34.105,33.084,0.158,594.247,57.869,5.972,-36.556,0.509,503.588,-26.916,35.2,37.524,0.069,765.436,-63.511,-245.685,174.246,-0.368,125.806,-23.254,30.22,29.82,0.081,670.882,-58.105,-120.662,138.886,-0.059,202.663,-28.662,-83.469,40.096,-0.042,259.011,11.212,-109.772,-10.119,-0.007,188.587,-21.337,-12.947,27.115,0.21,77.193,-21.183,-241.095,27.142,-0.018,556.078,-31.314,-61.807,45.564,-0.035,374.931,-17.992,12.708,21.897,-0.06,168.602,-5.974,-14.476,6.289,0.081,68.558,-47.778,-261.639,91.645,0.022,30.21,-28.992,-83.363,40.86,0.122,66.79,-62.525,-160.208,167.17,0.029,-31.965,17.687,21.064,-15.004
421,8077,45631989_1450,6/30/2023 10:50,25,2,,TRUE,,GD,No Defect,Not Done,Pass,Green,300_FW,Not Done,Pass,Grey,Pass,green,none,,0,0,TRUE,Pass,0,0,0.44,0.149,0.378,0.141,-0.11,0.115,-0.012,-0.043,0.024,0.014,0.036,-0.006,-0.051,0.051,0.013,-0.014,0.029,0.44,634.771,25.354,74.691,-19.875,0.149,698.366,41.418,63.114,-29.183,0.378,508.089,22.34,46.873,-17.951,0.141,2027.957,-16.653,-276.715,20.15,-0.11,618.303,26.557,-134.349,-21.071,0.115,762.301,97.073,10.347,-49.199,-0.012,110.928,-3.527,-86.882,3.643,-0.043,444.932,-42.272,-189.566,73.151,0.024,343.442,-14.437,-101.648,16.901,0.014,461.767,-7.738,-173.183,8.403,0.036,837.48,-8.061,-82.805,8.806,-0.006,182.868,-2.963,23.997,3.047,-0.051,294.033,1.818,-96.608,-1.835,0.051,1130.748,-24.785,-156.649,33.019,0.013,22.796,-20.487,-66.696,25.781,-0.014,229.791,156.351,-0.942,-60.996,0.029,-28.659,7.286,-62.024,-6.764
422,8077,45971207_1450,2/13/2024 12:33,22.7,2,,TRUE,,GD,No Defect,Pass,Pass,(None),110_LVL (new),Not Done,Pass,(None),Pass,(None),none,0,8,2017,TRUE,Pass,0,0,0.192,-0.072,-0.12,0.025,-0.045,-0.042,-0.009,0,-0.024,-0.003,-0.027,-0.005,-0.019,-0.003,-0.013,-0.004,0.004,0.192,-27.098,-71.045,-14.288,246.033,-0.072,-13.205,29.432,39.434,-22.795,-0.12,14.981,7.066,48.513,-6.712,0.025,30.987,36.936,37.667,-26.955,-0.045,65.025,4.548,10.954,-4.393,-0.042,60.048,31.171,12.83,-23.796,-0.009,0.9,4.315,17.848,-4.145,0,76.266,28.024,5.673,-21.89,-0.024,56.051,-2.113,23.092,2.135,-0.003,83.927,4.302,3.32,-4.127,-0.027,37.858,0.615,5.748,-0.638,-0.005,22.475,-3.591,16.913,3.719,-0.019,27.986,1.293,7.87,-1.295,-0.003,33.009,7.752,17.254,-7.197,-0.013,8.1,19.245,36.859,-16.15,-0.004,-15.234,-44.65,18.47,80.662,0.004,127.933,0.877,9.184,-0.865
423,8080,45608203_1450,6/17/2023 10:13,24.1,2,,TRUE,,GD,No Defect,Pass,Pass,Green,300_FW,Not Done,Pass,Blue,Pass,green,none,,8,2017,TRUE,Pass,0,0,0.53,-0.25,-0.222,-0.141,-0.162,-0.061,-0.02,-0.004,-0.159,-0.093,-0.043,-0.058,-0.089,-0.05,-0.049,-0.121,-0.117,0.53,438.267,301.673,64.43,-74.972,-0.25,163.5,-17.88,-21.221,21.469,-0.222,143.811,-8.479,19.167,9.022,-0.141,222.983,19.455,-13.532,-16.405,-0.162,82.648,-23.749,16.333,30.933,-0.061,183.798,-4.592,4.756,4.748,-0.02,169.861,-2.006,-7.579,2.026,-0.004,80.671,30.909,13.902,-23.614,-0.159,177.04,109.913,43.105,-52.437,-0.093,153.413,-11.991,-1.007,13.52,-0.043,162.114,14.249,19.988,-12.509,-0.058,190.093,10.944,9.581,-9.916,-0.089,126.696,-4.867,-12.084,5.022,-0.05,244.329,-2.249,-7.07,2.25,-0.049,181.62,1.773,2.63,-1.79,-0.121,-55.164,171.894,33.47,-63.265,-0.117,-72.919,-27.707,-3.632,38.164
424,8085,45907541_1450,11/17/2023 19:59,26.4,2,,TRUE,,GD,No Defect,Pass,Pass,(None),400_LA (new),Not Done,Pass,(None),Pass,green,none,0,8,2017,TRUE,Pass,0,0,0.782,0.28,0.02,0.01,0.073,-0.01,0.04,-0.004,0.057,0.093,0.024,0.004,-0.002,0.082,0.032,-0.119,0.01,0.782,-18.4,-72.47,-100.796,266.075,0.28,-0.238,-47.889,6.79,92.437,0.02,-44.354,95.046,56.537,-48.72,0.01,19.642,-37.218,-27.768,59.298,0.073,10.441,-40.558,-50.044,68.353,-0.01,-0.56,17.762,-1.798,-15.091,0.04,18.393,6.096,-33.327,-5.708,-0.004,-1.249,-0.107,6.94,0.104,0.057,-16.77,3.212,31.186,-3.057,0.093,13.478,-9.982,-42.356,11.192,0.024,-18.253,-2.247,9.69,2.323,0.004,7.027,-16.289,-27.837,19.463,-0.002,-3.047,13.308,-5.246,-11.747,0.082,40.983,-10.343,-18.428,11.627,0.032,17.098,-0.936,-2.662,0.977,-0.119,-43.602,195.757,36.536,-66.229,0.01,-0.108,3.269,14.544,-3.155
425,8086,45759762_1450,9/5/2023 13:45,30,2,,TRUE,,GD,No Defect,Pass,Pass,(None),400_LA (new),Not Done,Pass,Blue,Pass,green,none,,8,2017,TRUE,Pass,0,0,0.756,0.582,1.1,-0.179,0.012,0.01,0.01,-0.029,0.037,0.084,-0.034,-0.034,-0.027,0.04,0,-0.131,0.014,0.756,-70.378,-64.59,55.037,184.541,0.582,-71.325,-30.658,18.827,45.053,1.1,67.746,-31.213,-390.653,46.975,-0.179,-12.985,64.846,30.607,-39.446,0.012,-39.061,-5.608,-61.501,5.954,0.01,-20.888,14.869,22.195,-12.936,0.01,-5.219,-2.389,-9.632,2.458,-0.029,-23.393,42.426,34.18,-29.808,0.037,-5.552,-4.551,-20.856,4.808,0.084,-1.402,23.488,7.145,-18.952,-0.034,-28.87,5.25,33.128,-5.021,-0.034,-9.404,4.885,-0.358,-4.69,-0.027,4.013,1.423,-16.501,-1.43,0.04,39.353,-3.407,-19.823,3.568,0,18.568,-3.807,-12.466,3.957,-0.131,-58.271,-2.07,-3.024,1.98,0.014,-9.24,23.208,7.26,-18.825
426,8089,45190220_1450,11/4/2022 9:55,24,2,,TRUE,,GD,No Defect,Not Done,Pass,Green,100_LVL (old),Not Done,Pass,Blue,Pass,green,none,,8,2017,TRUE,Pass,0,0,0.051,0.024,-0.025,0.225,0.141,0.076,0.081,0.139,0.121,0.054,0.083,0.096,0.078,0.069,0.082,0.117,0.081,0.051,-35.827,6.786,1.245,-6.307,0.024,-23.222,28.028,-14.908,-21.874,-0.025,-31.909,13.185,23.516,-11.671,0.225,-31.056,-83.081,-203.733,492.392,0.141,-48.43,-81.772,-93.732,449.393,0.076,-25.02,-4.988,-37.244,5.33,0.081,-36.974,-10.628,-5.426,11.983,0.139,-49.217,-7.387,26.393,8.127,0.121,-35.326,-1.937,6.599,2.099,0.054,-91.204,-22.9,-17.793,29.771,0.083,-29.065,-1.65,12.819,1.762,0.096,-11.018,-12.109,4.911,13.886,0.078,-46.714,19.579,25.894,-16.308,0.069,-54.406,3.923,17.392,-3.708,0.082,-50.656,-6.192,4.384,6.688,0.117,-34.036,6.447,14.178,-5.947,0.081,-46.087,7.102,14.867,-6.556
427,8089,45827753_1450,10/10/2023 11:52,23.7,2,,TRUE,,GD,No Defect,Pass,Pass,(None),300_FW,Not Done,Pass,(None),Pass,green,none,0,8,2017,TRUE,Pass,0,0,0.303,0.297,0.43,0.135,-0.204,0.012,0.004,-0.098,-0.002,-0.045,0.008,-0.019,-0.038,0.092,0.01,0.058,-0.006,0.303,343.036,-8.313,79.339,9.397,0.297,515.951,14.377,55.46,-12.31,0.43,434.835,26.198,17.147,-20.419,0.135,1015.876,145.362,-70.35,-59.189,-0.204,341.855,132.484,-48.78,-57.074,0.012,650.701,-29.739,-130.879,42.344,0.004,826.773,-12.348,-99.965,14.092,-0.098,254.958,5.14,-68.728,-4.982,-0.002,393.3,-17.254,-86.669,20.849,-0.045,577.395,-22.596,-106.145,29.134,0.008,411.011,-9.201,-63.781,10.143,-0.019,301.606,14.262,-0.532,-12.498,-0.038,283.359,-19.349,-78.251,23.944,0.092,1756.333,-39.493,-227.465,65.421,0.01,26.271,-3.888,-41.833,4.056,0.058,34.754,53.08,-9.21,-34.637,-0.006,-39.487,0.33,-18.548,-0.334
428,8091,45816620_1450,10/3/2023 18:31,24.1,2,,TRUE,,GD,No Defect,Pass,Pass,(None),300_FW,Not Done,Pass,(None),Pass,green,none,0,8,2017,TRUE,Pass,0,0,-1.169,-0.474,0.759,0.184,-0.098,0.094,0.425,-0.075,0.029,-0.029,0.021,0.001,-0.068,0.066,0.017,0.098,-0.014,-1.169,-2.641,-34.467,34.656,50.811,-0.474,157.077,74.63,90.153,-43.008,0.759,191.396,117.292,88.516,-53.63,0.184,999.257,-33.643,-101.96,50.976,-0.098,380.762,-4.901,26.177,5.05,0.094,535.795,-25.186,-53.412,33.79,0.425,494.089,44.144,-134.894,-30.33,-0.075,179.954,0.026,-17.302,-0.101,0.029,311.393,-11.172,-45.199,12.609,-0.029,440.9,-19.878,-61.02,24.774,0.021,335.222,-6.552,-27.438,7.035,0.001,238.5,8.559,-15.081,-7.883,-0.068,166.015,-4.568,-43.661,4.716,0.066,1229.822,-40.34,-229.535,67.729,0.017,701.896,-11.954,-60.01,13.597,0.098,552.215,-2.143,5.484,2.29,-0.014,-53.022,15.647,3.199,-13.542
429,8093,45474160_1450,4/14/2023 13:44,23.8,2,,TRUE,,GD,No Defect,Not Done,Pass,Green,110_LVL (new),Not Done,Pass,Blue,Pass,green,none,,8,2017,TRUE,Pass,0,0,-100,-0.222,-0.598,-0.085,0.04,-0.091,-0.259,-0.004,-0.009,-0.059,-0.055,-0.005,-0.049,-0.141,-0.051,0.139,-0.08,-100,-100,-100,100,-100,-0.222,100.219,-7.064,18.45,7.362,-0.598,191.426,-43.429,-15.236,75.711,-0.085,112.927,70.997,48.864,-41.569,0.04,124.425,8.714,2.923,-7.978,-0.091,215.084,-18.275,-11.462,22.25,-0.259,104.365,32.689,11.853,-24.831,-0.004,187.869,18.694,-0.046,-15.753,-0.009,154.77,7.777,12.985,-7.224,-0.059,173.501,6.35,4.909,-6.026,-0.055,200.112,-14.017,25.268,16.239,-0.005,118.163,78.345,60.231,-43.932,-0.049,162.743,13.494,1.088,-11.933,-0.141,94.76,-3.036,-3.478,2.985,-0.051,61.494,14.73,27.718,-12.883,0.139,135.916,-30.459,26.065,43.998,-0.08,-68.836,-12.701,-29.844,14.458
430,8096,45965766_1450,12/21/2023 15:47,22.3,2,,TRUE,,GD,No Defect,Not Done,Pass,(None),110_LVL (new),Not Done,Pass,(None),Pass,(None),none,0,8,2017,TRUE,Pass,0,0,-1.9,0.151,-0.219,0.014,-0.018,-0.072,-0.371,-0.011,-0.012,0.014,-0.025,-0.018,-0.034,-0.029,-0.033,-0.043,-0.043,-1.9,393.746,168.324,93.907,-63.44,0.151,93.005,10.501,32.749,-9.366,-0.219,18.537,-38.789,-84.165,63.01,0.014,3.868,36.874,-2.226,-26.93,-0.018,30.978,43.48,-34.698,-30.316,-0.072,1.245,49.991,52.3,-33.377,-0.371,111.036,-22.24,-77.997,28.123,-0.011,1.921,3.296,10.152,-3.201,-0.012,-5.406,-0.447,17.382,0.437,0.014,2.029,-5.382,-9.533,5.704,-0.025,8.386,-15.15,-5.147,17.825,-0.018,4.499,-7.627,-9.774,8.238,-0.034,5.712,10.005,9.261,-9.126,-0.029,2.616,2.591,9.152,-2.554,-0.033,-0.666,7.862,18.078,-7.319,-0.043,-6.182,11.218,12.207,-10.126,-0.043,-1.891,12.697,11.823,-11.304
431,8097,45573865_1450,6/1/2023 10:40,25.4,2,,TRUE,,GD,No Defect,Pass,Pass,Green,300_FW,Not Done,Pass,Blue,Pass,green,none,,8,2017,TRUE,Pass,0,0,-1.236,-0.115,0.312,-0.258,-0.132,-0.03,0.008,0.014,-0.039,-0.157,-0.034,0.005,-0.016,-0.082,-0.007,0.035,-0.113,-1.236,68.228,257.965,73.672,-72.41,-0.115,124.627,74.683,57.537,-42.819,0.312,55.379,288.695,22.405,-74.193,-0.258,59.612,14.883,50.153,-13.18,-0.132,11.331,-17.138,15.013,20.523,-0.03,101.748,-7.276,-31.831,7.814,0.008,200.996,6.417,-22.948,-6.022,0.014,27.102,-24.699,-95.134,32.819,-0.039,31.53,56.916,-21.742,-36.297,-0.157,15.389,0.12,18.202,-0.277,-0.034,83.991,-5.022,24.354,5.252,0.005,113.343,51.172,-182.71,-33.847,-0.016,63.878,2.654,-20.298,-2.601,-0.082,71.376,-11.408,-24.111,12.784,-0.007,51.059,-2.995,-7.526,3.08,0.035,100.993,9.393,59.533,-8.555,-0.113,30.858,-23.417,-44.065,30.43
432,8098,45894421_1450,11/15/2023 13:20,23,2,,TRUE,,GD,No Defect,Pass,Pass,(None),110_LVL (new),Not Done,Pass,(None),Pass,green,none,0,8,2017,TRUE,Pass,0,0,inf,-0.495,-0.129,-0.191,-0.01,-0.155,-0.036,0.011,-0.085,-0.156,-0.042,-0.01,-0.021,-0.156,-0.055,0.118,-0.084,inf,inf,inf,#NAME?,inf,-0.495,19.338,-27.377,18.134,37.015,-0.129,145.69,379.204,-51.893,-79.159,-0.191,74.359,-65.126,53.718,186.203,-0.01,112.447,-20.15,-20.994,25.222,-0.155,162.906,-15.966,-39.512,18.815,-0.036,172.35,7.71,-15.883,-7.192,0.011,156.293,-3.332,-27.117,3.457,-0.085,129.568,0.928,31.855,-1.004,-0.156,105.409,10.111,12.559,-9.325,-0.042,171.489,-17.813,-5.376,21.622,-0.01,97.666,3.552,12.622,-3.44,-0.021,164.88,8.602,11.25,-7.94,-0.156,63.654,-6.252,-4.518,6.503,-0.055,38.935,9.234,18.262,-8.504,0.118,136.609,-15.725,-50.61,18.799,-0.084,-67.708,-37.642,-94.284,60.228
433,8100,45942947_1450,12/12/2023 10:26,22.5,2,,TRUE,,GD,No Defect,Pass,Pass,(None),110_LVL (new),Not Done,Pass,(None),Pass,(None),none,0,8,2017,TRUE,Pass,0,0,-0.172,0.082,-0.151,-0.02,0.121,-0.01,0.072,-0.002,0.048,0.041,0.005,-0.009,-0.008,-0.002,-0.001,-0.003,0.006,-0.172,293.781,326.438,-47.577,-76.59,0.082,16.515,61.602,-61.433,-38.069,-0.151,6.111,93.225,10.798,-48.325,-0.02,3.446,45.342,17.275,-31.211,0.121,21.119,-9.231,-34.197,10.303,-0.01,12.249,-2.877,-18.562,2.952,0.072,-5.29,-9.643,-14.283,10.752,-0.002,5.453,-4.632,8.196,4.856,0.048,-3.261,-0.578,1.449,0.629,0.041,7.539,-2.693,7.187,2.809,0.005,-8.122,5.136,33.89,-4.881,-0.009,3.048,-2.183,-4.319,2.222,-0.008,24.867,-1.178,3.106,1.183,-0.002,3.657,-0.212,7.593,0.211,-0.001,11.876,1.54,4.94,-1.518,-0.003,106.612,-50.063,-2.465,100.244,0.006,10.386,1.015,-16.526,-0.999
434,8102,45937543_1450,12/6/2023 14:59,23.2,2,,TRUE,,GD,No Defect,Pass,Pass,(None),110_LVL (new),Not Done,Pass,(None),Pass,(None),none,0,8,2017,TRUE,Pass,0,0,0.376,-0.024,-0.176,-0.016,0,-0.112,-0.01,-0.017,0,0.01,-0.068,-0.062,-0.057,-0.072,-0.066,0.042,-0.022,0.376,14.965,41.385,27.387,-29.005,-0.024,29.836,3.547,12.311,-3.448,-0.176,5.983,27.748,31.298,-21.859,-0.016,56.554,-0.192,-62.717,0.176,0,102.611,-11.994,-36.211,13.629,-0.112,33.041,22.834,19.14,-18.68,-0.01,-34.298,-4.085,19.526,4.248,-0.017,103.182,7.301,-25.849,-6.82,0,53.616,5.07,-27.74,-4.826,0.01,54.392,0.694,-13.291,-0.679,-0.068,73.693,-14.24,-31.712,16.526,-0.062,10.663,-18.728,4.409,22.968,-0.057,37.961,11.274,28.206,-10.183,-0.072,1.025,16.057,28.204,-13.897,-0.066,-15.351,22.391,39.715,-18.349,0.042,-35.301,-31.039,24.285,45.072,-0.022,79.528,9.535,-6.146,-8.726
435,8104,45631207_1450,7/6/2023 8:37,23.8,2,,TRUE,,GD,No Defect,Not Done,Pass,Green,110_LVL (new),Not Done,Pass,Blue,Pass,green,none,,8,2017,TRUE,Fail,0,0,1.367,1.494,0.153,0.171,-100,-0.061,-0.113,0.014,-0.18,-0.058,-0.021,-0.024,-0.112,-0.171,-0.122,-0.12,-0.086,1.367,178.522,-45.225,23.777,85.06,1.494,326.557,-26.762,-48.029,38.581,0.153,167.805,302.578,-23.29,-75.122,0.171,252.783,-12.238,30.623,14.139,-100,-100,-100,100,-100,-0.061,264.54,-8.557,45.201,9.292,-0.113,38.926,60.333,72.719,-37.7,0.014,379.539,8.282,30.999,-7.636,-0.18,156.641,4.15,31.244,-4.157,-0.058,347.186,8.952,18.877,-8.269,-0.021,321.311,-17.911,45.529,21.793,-0.024,176.194,6.362,29.063,-6.004,-0.112,854.263,-28.667,-172.652,40.03,-0.171,505.638,-10.261,-41.03,11.244,-0.122,103.551,-34.273,-53.48,51.958,-0.12,225.592,-0.673,-32.862,0.557,-0.086,4.04,-19.774,-65.763,24.54
436,8110,45830226_1450,10/17/2023 12:22,22.3,2,,TRUE,,GD,No Defect,Not Done,Pass,(None),110_LVL (new),Not Done,Pass,(None),Pass,green,none,0,8,2017,TRUE,Pass,0,0,0.775,0.297,0.483,0.196,-0.126,0.03,0.141,-0.059,0.066,-0.014,-0.021,-0.069,-0.065,0.034,-0.016,-0.026,0.032,0.775,8.73,10.601,83.815,-8.884,0.297,386.491,-5.378,58.894,5.997,0.483,293.232,-51.76,61.71,108.298,0.196,813.166,20.652,-127.933,-16.954,-0.126,362.585,-2.405,-0.214,2.335,0.03,568.078,18.414,-57.164,-15.525,0.141,1402.758,69.558,-43.004,-40.94,-0.059,397.872,-37.662,-90.365,60.322,0.066,367.167,-0.867,-9.233,0.942,-0.014,747.914,-8.965,-49.795,9.832,-0.021,471.916,-16.18,-7.971,19.277,-0.069,-41.853,5.339,56.772,-5.134,-0.065,254.365,9.227,13.963,-8.508,0.034,1298.626,-44.323,-276.199,79.669,-0.016,-14.082,-10.373,-18.639,11.555,-0.026,30.31,22.316,44.787,-18.266,0.032,-4.884,-13.39,-29.775,15.497
437,8113,45881033_1450,11/8/2023 11:37,22.4,2,,TRUE,,GD,No Defect,Pass,Pass,(None),110_LVL (new),Not Done,Pass,(None),Pass,green,none,0,8,2017,TRUE,Fail,0,0,3.205,1.693,0.379,2.148,1.864,-0.236,-0.132,1.639,-0.217,0.241,0.248,-0.861,1.141,0.978,-0.081,-0.223,1.015,3.205,1027.411,-16.252,79.677,23.233,1.693,1080.885,65.867,64.028,-38.69,0.379,738.538,70.243,62.625,-41.038,2.148,2625.623,108.02,-112.892,-50.895,1.864,1520.264,29.775,-33.508,-21.507,-0.236,1857.494,-10.02,-288.045,10.873,-0.132,660.941,-8.73,-126.382,9.421,1.639,1010.258,-20.304,-199.719,27.533,-0.217,30.886,-5.74,-14.261,5.859,0.241,62.473,-11.257,-102.004,12.957,0.248,1968.106,67.188,-43.18,-40.039,-0.861,8160.628,-20.235,-77.096,24.288,1.141,693.898,-7.838,-129.149,9.743,0.978,296.605,-47.7,-430.614,93.076,-0.081,56.66,-2.789,-35.047,2.785,-0.223,138.598,-17.799,-144.823,21.382,1.015,128.904,-27.88,-145.253,40.066
438,8115,45482340_1450,4/13/2023 13:34,23,2,,TRUE,,GD,No Defect,Pass,Pass,Green,400_LA (new),Not Done,Pass,Blue,Pass,green,none,,8,2017,TRUE,Pass,0,0,-0.183,-0.863,0.634,0.294,-0.01,0.013,-0.144,-0.014,0.045,0.035,0.033,-0.018,0.03,0.035,0.027,0.024,0.101,-0.183,81.531,-55.549,41.822,124.555,-0.863,6.259,-43.731,67.511,76.186,0.634,618.187,34.478,63.993,-25.167,0.294,2980.505,326.587,-174.158,-76.489,-0.01,2397.029,232.972,-26.036,-69.97,0.013,1315.692,-5.961,-91.203,6.353,-0.144,20.056,-28.65,-64.944,39.952,-0.014,1105.556,11.076,-88.029,-9.985,0.045,828.975,8.919,-76.389,-8.147,0.035,38.778,4.258,-56.132,-4.051,0.033,1256.01,-39.934,-55.057,66.538,-0.018,618.422,-1.631,-48.009,1.64,0.03,1351.171,1.577,-93.931,-1.522,0.035,2894.948,-39.442,-436.9,65.191,0.027,129.446,-25.727,-93.288,34.675,0.024,164.436,-4.974,-16.383,5.259,0.101,82.872,-18.228,-22.694,22.414
439,8117,45908594_1450,11/17/2023 19:49,24.1,2,,TRUE,,GD,No Defect,Not Done,Pass,(None),300_FW,Not Done,Pass,(None),Pass,green,none,0,8,2017,TRUE,Pass,0,0,-0.025,0.027,-0.057,-0.025,-0.02,-0.032,-0.195,-0.016,0,0.032,-0.027,-0.038,-0.057,-0.033,-0.053,-0.094,-0.061,-0.025,-86.758,-84.302,-114.994,536.861,0.027,7.288,90.369,-10.3,-47.456,-0.057,12.313,17.87,16.035,-15.209,-0.025,7.035,4.712,23.54,-4.525,-0.02,34.013,-18.37,-48.865,22.48,-0.032,3.137,-15.963,-3.463,18.957,-0.195,-45.174,-35.853,70.523,55.588,-0.016,14.559,33.005,7.954,-24.827,0,9.523,9.963,21.983,-9.061,0.032,16.575,1.571,6.56,-1.515,-0.027,16.449,6.143,4.798,-5.813,-0.038,17.644,11.015,13.957,-9.956,-0.057,20.052,22.443,26.623,-18.376,-0.033,40.795,-5.405,-6.643,5.679,-0.053,4.926,3.402,18.724,-3.341,-0.094,6.297,-6.506,13.652,6.858,-0.061,23.228,-10.135,-15.927,11.21
440,8123,45822144_1450,10/5/2023 18:26,24.2,2,,TRUE,,GD,No Defect,Pass,Pass,(None),300_FW,Not Done,Pass,(None),Pass,green,none,0,8,2017,TRUE,Pass,0,0,0.407,0.581,-0.702,0.01,-0.008,0.029,0.029,0.029,0.062,0.084,0.026,-0.019,-0.002,0,0.011,0.025,-0.014,0.407,205.232,-29.533,61.928,42.488,0.581,31.513,46.384,35.406,-31.289,-0.702,73.418,-9.958,-196.109,10.279,0.01,-19.561,18.533,6.583,-15.627,-0.008,-26.899,49.405,46.397,-33.073,0.029,-22.173,5.709,-2.088,-5.373,0.029,-6.197,-4.074,-9.557,4.277,0.029,-9.053,4.105,-3.428,-3.916,0.062,-17.624,-1.402,-13.565,1.485,0.084,-29.994,2.305,5.081,-2.171,0.026,-12.322,2.633,9.074,-2.54,-0.019,7.506,-8.344,-9.105,9.083,-0.002,-12.982,4.778,3.998,-4.561,0,-22.267,6.093,10.992,-5.743,0.011,-17.002,-0.929,-1.561,0.949,0.025,45.957,0.272,-36.604,-0.246,-0.014,-26.084,23.799,14.696,-19.235
441,8133,45704321_1450,8/14/2023 15:45,24.6,2,,TRUE,,GD,No Defect,Not Done,Pass,Green,110_LVL (new),Not Done,Pass,Blue,Pass,green,none,,8,2017,TRUE,Pass,0,0,0.199,0.201,0.019,0.087,-0.03,0.05,0.045,-0.004,0.073,0.107,0.008,-0.009,-0.005,0.017,-0.006,-100,0.043,0.199,-34.144,-38.562,61.697,63.09,0.201,230.222,-5.823,25.375,6.397,0.019,286.602,-45.018,16.232,81.912,0.087,445.231,15.398,14.57,-13.268,-0.03,769.934,102.97,-33.194,-50.746,0.05,753.74,-22.142,-109.679,28.504,0.045,357.596,-13.332,-44.454,15.435,-0.004,743.504,-14.216,-26.045,16.568,0.073,552.944,-2.782,-52.786,2.938,0.107,591.891,-4.036,0.905,4.317,0.008,508.121,32.815,-31.137,-24.701,-0.009,403.559,-1.281,-11.276,1.288,-0.005,618.373,1.417,-13.714,-1.402,0.017,538.961,1.895,-2.884,-1.843,-0.006,-38.98,6.268,14.897,-5.904,-100,-100,-100,100,-100,0.043,-4.881,8.065,6.907,-7.424
442,8157,45567227_1450,5/26/2023 14:28,24.3,2,,TRUE,,GD,No Defect,Pass,Pass,Green,300_FW,Not Done,Pass,Blue,Pass,green,none,,9,2017,TRUE,Pass,0,0,-1.28,-0.639,-0.445,-0.29,-0.063,-0.124,-0.285,-0.057,-0.176,-0.205,-0.051,-0.061,-0.087,-0.21,-0.103,-0.047,-0.191,-1.28,215.399,226.418,41.367,-69.757,-0.639,118.255,206.444,-29.887,-67.576,-0.445,192.599,782.726,-913.806,-88.722,-0.29,81.889,39.255,41.9,-28.397,-0.063,26.197,3.71,23.675,-3.638,-0.124,98.154,-24.086,-11.91,31.564,-0.285,529.032,90.577,-226,-47.677,-0.057,49.284,4.49,8.094,-4.351,-0.176,65.506,54.935,31.097,-35.57,-0.205,61.998,7.497,-7.596,-7.165,-0.051,126.526,-25.744,-65.365,34.6,-0.061,146.164,32.775,10.084,-24.731,-0.087,77.148,3.862,12.482,-3.802,-0.21,44.455,11.274,12.914,-10.32,-0.103,43.131,2.514,7.657,-2.552,-0.047,114.242,21.263,5.966,-17.573,-0.191,-82.396,-33.577,-49.499,50.262
443,8158,45934876_1450,12/5/2023 16:09,22.7,2,,TRUE,,GD,No Defect,Pass,Pass,(None),400_LA (new),Not Done,Pass,(None),Pass,(None),none,0,9,2017,TRUE,Pass,0,0,-0.729,0,-0.057,-0.014,-0.054,-0.04,-0.208,0.008,0.009,0.023,-0.007,-0.023,-0.073,0.007,-0.048,-0.08,-0.002,-0.729,-91.586,-79.087,-213.999,374.686,0,5.943,-12.36,-67.796,14.103,-0.057,1.106,-6.449,-38.042,6.832,-0.014,7.57,-5.888,1.274,6.242,-0.054,20.212,69.267,28.498,-40.954,-0.04,-14.189,-8.085,1.969,8.752,-0.208,-1.297,60.771,26.376,-37.929,0.008,58.448,24.853,17.832,-19.9,0.009,55.877,10.796,17.731,-9.736,0.023,72.547,13.607,17.792,-11.957,-0.007,47.242,-6.395,6.361,6.824,-0.023,47.391,-8.513,-17.566,9.279,-0.073,60.353,8.975,8.681,-8.303,0.007,80.69,5.045,12.884,-4.796,-0.048,61.675,3.578,13.575,-3.501,-0.08,25.476,-36.301,29.035,56.861,-0.002,123.736,91.713,40.337,-47.84
444,8159,45633938_1450,7/3/2023 12:06,24.1,2,,TRUE,,GD,No Defect,Not Done,Pass,Green,300_FW,Not Done,Pass,Grey,Pass,green,none,,0,0,TRUE,Pass,0,0,0.296,0.147,0.315,0.131,-0.114,0.063,0.04,-0.029,0.067,0.009,0.022,0.04,-0.014,0.04,0.025,-0.03,0.01,0.296,878.314,38.322,69.099,-27.491,0.147,841.066,31.645,25.752,-23.927,0.315,534.558,28.038,21.931,-21.652,0.131,2145.302,-44.614,-365.524,80.786,-0.114,525.576,5.206,-4.569,-5.057,0.063,4.503,-53.484,-189.5,115.116,0.04,106.481,49.157,-170.73,-32.93,-0.029,507.664,-13.161,-142.409,15.123,0.067,366.516,-17.107,-61.283,20.718,0.009,-20.56,-16.291,-140.508,19.471,0.022,708.312,6.155,-14.754,-5.778,0.04,3882.618,14.335,-119.708,-12.503,-0.014,364.006,2.227,-78.548,-2.192,0.04,111.28,-49.633,-323.734,98.622,0.025,28.08,-6.652,-53.646,7.152,-0.03,189.14,190.308,-17.009,-65.564,0.01,-3.101,-36.105,-181.024,56.522
445,8170,45680811_1450,7/25/2023 20:37,32.6,2,,TRUE,,GD,No Defect,Pass,Pass,Green,400_LA (new),Not Done,Pass,Blue,Pass,green,none,,9,2017,TRUE,Fail,0,0,inf,inf,-0.291,-0.123,-0.096,-0.043,0.472,-1.331,0.046,0.003,-0.02,0.027,-0.017,-0.012,0,-0.058,-0.035,inf,inf,inf,#NAME?,inf,inf,inf,inf,#NAME?,inf,-0.291,132.072,-54.638,-18.804,119.806,-0.123,230.486,-25.463,0.661,33.997,-0.096,181.237,38.939,-10.863,-28.095,-0.043,189.32,-15.912,-8.107,18.872,0.472,694.219,6.232,-119.293,-5.422,-1.331,324.026,33.091,52.756,-25.863,0.046,241.683,-9.421,-21.724,10.451,0.003,200.65,12.861,-18.266,-11.393,-0.02,267.769,-8.127,-22.742,8.824,0.027,307.989,-14.678,-135.223,17.234,-0.017,207.294,-0.608,-15.991,0.595,-0.012,179.43,14.107,27.692,-12.373,0,235.791,-3.646,-12.343,3.784,-0.058,184.691,-40.038,45.348,66.677,-0.035,145.835,-23.952,-28.912,31.449
446,8247,45848132_1450,10/20/2023 18:42,25.4,2,,TRUE,,UN,(None),Not Done,Not Done,(None),300_FW,Not Done,Pass,(None),Not Done,neon,,,0,0,FALSE,Pass,0,0,0.328,0.272,0.372,0.324,0.067,0.176,0.077,0.029,0.104,0.041,0.04,0.054,-0.012,0.082,0.055,0.12,0.032,0.328,969.85,44.189,60.114,-30.419,0.272,812.751,33.483,16.979,-24.88,0.372,449.869,9.563,47.781,-8.389,0.324,1697.262,308.927,-169.557,-75.467,0.067,655.152,20.484,-17.135,-16.946,0.176,784.278,-22.901,-272.009,29.932,0.077,60.775,-1.979,-73.764,2.097,0.029,354.81,-28.264,-135.247,39.441,0.104,248.181,10.061,-74.232,-9.047,0.041,-52.951,-15.613,-38.929,18.55,0.04,466.969,12.015,-18.623,-10.691,0.054,269.858,-12.739,5.733,14.661,-0.012,-62.57,8.651,17.594,-7.973,0.082,77.536,-43.2,-201.78,76.201,0.055,2.862,-12.69,-51.147,14.598,0.12,142.5,63.808,-22.048,-38.88,0.032,-45.969,11.265,-47.369,-10.096
447,8267,45683402_1450,7/27/2023 17:00,29.9,2,,TRUE,,GD,No Defect,Pass,Pass,Green,400_LA (new),Not Done,Pass,Blue,Pass,green,none,,11,2017,TRUE,Pass,0,0,-1.566,-0.525,0.269,-0.192,0.06,0.072,0.052,0.039,0.076,0.046,0.021,-0.058,0.022,0.023,0.039,-0.023,-0.019,-1.566,218.274,22.047,-40.416,-19.348,-0.525,211.008,203.752,5.783,-67.251,0.269,158.961,120.322,79.91,-54.49,-0.192,203.201,-12.419,8.404,13.96,0.06,82.668,49.017,-61.04,-32.853,0.072,123.079,24.527,25.037,-19.638,0.052,103.534,-11.306,30.4,12.806,0.039,130.398,-25.46,-2.427,34.21,0.076,184.282,-1.237,8.981,1.33,0.046,183.372,-1.223,-0.28,1.285,0.021,169.739,12.889,12.912,-11.398,-0.058,174.264,-1.644,-24.137,1.612,0.022,173.608,6.386,-4.783,-5.981,0.023,164.526,25.569,36.484,-20.344,0.039,147.273,-1.156,14.791,1.209,-0.023,97.269,18.915,60.425,-15.926,-0.019,96.119,20.313,24.938,-16.899
448,8276,45696613_1450,8/5/2023 14:33,26.2,2,,TRUE,,GD,No Defect,Pass,Pass,Green,400_LA (new),Not Done,Pass,Blue,Pass,green,none,,11,2017,TRUE,Fail,0,0,-0.944,-0.605,0.129,-0.026,0.127,0.011,0.028,-1.104,0.053,0.027,-0.037,-0.029,-0.022,0,-0.036,-0.074,-0.013,-0.944,21.326,-71.209,-45.195,244.056,-0.605,212.775,-35.599,61.561,54.339,0.129,92.603,74.593,88.836,-42.65,-0.026,546.078,82.85,31.548,-45.325,0.127,467.247,-52.189,58.57,109.424,0.011,408.681,-8.518,9.407,9.322,0.028,238.579,7.072,14.553,-6.578,-1.104,487.351,76.007,67.033,-43.812,0.053,469.273,2.931,19.971,-2.797,0.027,551.63,-26.221,-16.501,35.577,-0.037,371.683,31.482,26.818,-23.972,-0.029,530.404,-1.188,1.783,1.173,-0.022,504.901,-4.519,-17.228,4.709,0,568.095,-7.821,-3.433,8.485,-0.036,494.259,6.134,0.966,-5.813,-0.074,124.104,-38.119,8.689,61.482,-0.013,-38.423,25.872,32.175,-20.564
449,8354,45943526_1450,12/7/2023 16:14,25,2,,TRUE,,GD,No Defect,Pass,Pass,(None),400_LA (new),Not Done,Pass,(None),Pass,(None),none,0,11,2017,TRUE,Pass,0,0,0.178,0.506,0.833,0.338,0,0.033,-0.001,-0.007,0.043,0.117,0.046,0.032,-0.07,0.122,0.023,0.033,0.061,0.178,174.88,-43.068,63.131,75.961,0.506,233.81,2.223,41.29,-1.679,0.833,58.586,34.709,45.148,-25.148,0.338,4581.55,107.553,-252.366,-51.657,0,2300.111,46.792,-173.725,-31.876,0.033,1901.712,-5.182,-132.571,5.5,-0.001,2289.936,4.528,-146.805,-4.333,-0.007,1173.105,28.34,-41.469,-22.087,0.043,884.575,30.199,-141.793,-23.162,0.117,79.509,3.985,-112.961,-3.72,0.046,1625.285,3.893,-30.943,-3.703,0.032,1072.718,-13.949,-59.67,16.248,-0.07,793.138,19.862,-101.209,-16.629,0.122,437.257,-42.153,-188.508,73.082,0.023,231.146,-18.175,-94.677,22.239,0.033,262.766,55.32,-69.072,-35.595,0.061,84.017,21.435,21.106,-17.601
450,8358,45644949_1450,7/8/2023 16:34,26,2,,TRUE,,GD,No Defect,Not Done,Pass,Green,300_FW,Not Done,Pass,Grey,Pass,green,none,,0,0,TRUE,Pass,0,0,-0.337,-0.446,-0.394,-0.222,-0.044,-0.02,-0.058,-0.029,-0.005,-0.03,-0.021,-0.022,-0.029,-0.067,-0.032,-0.009,-0.072,-0.337,484.459,394.891,42.783,-79.862,-0.446,219.67,-37.786,-124.13,60.019,-0.394,178.909,-4.027,-1.948,3.785,-0.222,230.936,51.071,44.28,-33.953,-0.044,180.178,2.796,-6.562,-2.762,-0.02,229.382,-2.67,2.734,2.723,-0.058,184.263,17.132,31.627,-14.676,-0.029,229.909,11.352,-3.978,-10.22,-0.005,251.11,13.7,-23.197,-12.053,-0.03,223.888,-6.171,-2.865,6.545,-0.021,195.556,12.239,18.469,-10.924,-0.022,313.892,-9.002,-22.597,9.868,-0.029,280.417,7.468,-28.818,-6.975,-0.067,236.934,-4.594,-0.886,4.745,-0.032,245.112,2.951,0.407,-2.897,-0.009,-36.093,-5.972,-37.393,6.341,-0.072,-60.281,-29.496,-54.772,41.734
451,8398,45707485_1450,8/11/2023 19:05,28,2,,TRUE,,GD,No Defect,Pass,Pass,Green,400_LA (new),Not Done,Pass,Blue,Pass,green,none,,12,2017,TRUE,Pass,0,0,1.012,0.628,0.752,0.387,0.123,0.22,0.124,0.046,0.229,0.234,0.171,0.171,0.062,0.316,0.176,0.044,0.202,1.012,230.379,21.449,35.742,-16.828,0.628,181.596,10.888,28.043,-9.253,0.752,738.855,-17.405,60.838,21.983,0.387,5471.704,25.693,-179.451,-20.133,0.123,1952.633,141.028,-254.181,-58.46,0.22,1894.529,44.379,-131.249,-30.585,0.124,1593.494,-6.31,-131.055,6.867,0.046,1191.317,-36.943,-174.975,58.66,0.229,910.339,-5.67,-29.524,6.254,0.234,84.137,-26.467,-187.314,36.311,0.171,1615.2,-7.268,-88.438,8.022,0.171,754.861,-19.732,-69.573,24.795,0.062,680.254,-17.644,-195.855,21.5,0.316,5207.401,-37.519,-365.321,60.555,0.176,296.64,-41.088,-169.527,70.044,0.044,338.068,293.079,-13.799,-74.549,0.202,78.934,40.608,27.687,-28.737
452,8404,46014049_1450,1/20/2024 12:17,21.8,2,,TRUE,,GD,No Defect,Pass,Pass,(None),400_LA (new),Not Done,Pass,(None),Pass,(None),none,0,12,2017,TRUE,Fail,0,0,1.846,0.603,1.422,-0.05,-0.01,0.008,0.008,-0.025,0.034,0.072,0.017,0.014,0.012,-0.01,0,-0.088,-0.005,1.846,-60.088,-75.015,66.558,307.631,0.603,48.127,5.296,-13.912,-4.456,1.422,17.486,125.955,-172.051,-55.114,-0.05,-37.781,-45.521,-142.431,83.465,-0.01,-51.054,15.734,42.901,-13.604,0.008,-37.93,-17.072,-60.52,20.595,0.008,-36.414,5.004,17.973,-4.758,-0.025,-30.693,16.854,17.143,-14.445,0.034,-37.198,12.777,30.927,-11.3,0.072,-20.065,-10.728,15.089,12.099,0.017,-42.496,2.641,4.239,-2.556,0.014,-23.347,-15.425,-38.825,18.254,0.012,6.444,-1.79,-7.54,1.835,-0.01,-22.976,-0.326,4.507,0.317,0,-10.657,-6.18,-16.548,6.587,-0.088,80.696,-45.674,38.327,83.913,-0.005,-13.969,-23.429,-17.051,30.591
453,8444,45508623_1450,4/26/2023 16:59,25.8,2,,TRUE,,GD,No Defect,Not Done,Pass,Green,300_FW,Not Done,Pass,Grey,Pass,green,none,,0,0,TRUE,Fail,0,0,0.64,0.478,0.733,0.304,0.19,0.365,0.282,-0.835,0.284,0.294,0.188,0.169,0.286,0.32,0.256,0.231,0.275,0.64,313.595,146.889,79.666,-59.237,0.478,467.603,62.851,65.395,-38.301,0.733,319.522,75.721,75.861,-42.675,0.304,433.844,83.928,5.597,-45.466,0.19,513.369,9.009,7.668,-8.09,0.365,436.988,12.422,27.583,-10.725,0.282,520.747,12.079,-5.183,-10.526,-0.835,289.78,33.181,56.229,-25.541,0.284,376.533,8.824,-13.309,-7.848,0.294,395.052,5.776,30.589,-5.183,0.188,393.245,-21.223,7.132,27.18,0.169,433.62,10.426,6.65,-9.289,0.286,367.378,18.768,-1.851,-15.561,0.32,452.379,-1.551,-1.819,1.901,0.256,373.616,5.108,5.346,-4.616,0.231,-42.394,-1.243,10.142,1.493,0.275,-58.606,17.904,26.961,-14.952
454,8445,45593790_1450,6/15/2023 16:06,24.1,2,,TRUE,,GD,No Defect,Not Done,Pass,Green,110_LVL (new),Not Done,Pass,Blue,Pass,green,none,,1,2018,TRUE,Pass,0,0,-0.319,-0.171,-0.977,-0.258,-0.116,-0.073,-0.114,-0.05,-0.081,-0.135,-0.093,-0.076,-0.107,-0.178,-0.104,-0.041,-0.16,-0.319,-70.67,6.309,5.937,-6.235,-0.171,155.647,159.739,-150.301,-61.566,-0.977,155.787,109.469,-12.385,-52.727,-0.258,115.674,89.563,-0.165,-47.383,-0.116,61.133,129.993,43.611,-56.571,-0.073,146.52,13.957,7.506,-12.312,-0.114,169.853,-26.497,9.339,35.893,-0.05,155.703,-0.233,-10.626,0.184,-0.081,110.402,9.052,20.444,-8.375,-0.135,135.463,-0.928,-29.39,0.801,-0.093,217.833,-25.054,-59.259,33.305,-0.076,102.036,-35.743,-56.462,55.508,-0.107,123.65,30.512,24.943,-23.461,-0.178,74.68,9.889,19.898,-9.161,-0.104,47.473,18.305,26.272,-15.561,-0.041,-5.901,57.651,30.305,-36.594,-0.16,-66.602,-42.474,-137.838,73.555
455,8447,45079226_1450,9/6/2022 16:36,24.9,2,,TRUE,,B3,Non-Critical Defect,Not Done,Not Done,Red,100_LVL (old),Not Done,Pass,Blue,Fail,Pink,ImpactDamage Inner-OuterRing scraped to bare metal,,1,2018,TRUE,Fail,0,0,1.829,0.438,2.146,0.534,0.644,4.023,0.883,1.543,3.072,4.992,2.12,-0.854,-1.151,-1.614,0.736,0.492,-1.411,1.829,-69.383,75.88,-4150.803,-42.103,0.438,-83.234,12.409,-21.643,-10.65,2.146,-66.528,116.667,-223.609,-52.856,0.534,-89.698,-40.349,38.964,68.537,0.644,-83.434,-27.573,49.384,38.959,4.023,-81.295,10.035,64.942,-5.464,0.883,-72.168,4.927,45.891,-3.854,1.543,-61.944,37.772,49.14,-26.297,3.072,-27.524,9.841,56.157,-6.163,4.992,-97.918,-66.481,69.718,213.235,2.12,-67.326,12.468,48.263,-9.201,-0.854,-24.396,27.136,44.793,-22.015,-1.151,-72.718,-6.418,36.749,5.628,-1.614,-92.41,98.672,86.847,-50.478,0.736,-93.51,34.001,78.201,-24.824,0.492,-26.423,13.057,58.904,-11.114,-1.411,-95.464,-59.035,-61.771,140.666
456,8477,45516781_1450,5/2/2023 15:33,25.2,2,,TRUE,,GD,No Defect,Pass,Pass,Green,300_FW,Not Done,Pass,Blue,Pass,green,none,,1,2018,TRUE,Fail,0,0,-0.875,-0.372,-0.398,-0.27,-0.202,-0.083,-0.401,-0.022,-0.128,-0.179,-0.013,-0.003,-0.041,-0.141,-0.033,0.034,-0.125,-0.875,53.279,74.537,34.833,-43.207,-0.372,49.725,95.226,36.893,-48.968,-0.398,158.481,624.376,-369.384,-86.25,-0.27,55.598,22.176,28.729,-18.372,-0.202,18.825,522.271,30.263,-83.962,-0.083,67.778,9.049,-26.832,-8.375,-0.401,-16.236,0.094,34.703,-0.494,-0.022,26.292,-22.287,-5.255,28.65,-0.128,39.764,6.375,15.682,-6.113,-0.179,32.627,0.183,-2.801,-0.362,-0.013,98.532,-5.527,-21.684,5.837,-0.003,64.556,70.284,-192.338,-41.277,-0.041,59.572,4.762,18.152,-4.584,-0.141,33.473,8.33,15.21,-7.82,-0.033,51.108,-5.367,-16.635,5.637,0.034,102.304,22.983,16.342,-18.66,-0.125,-85.267,-47.237,-150.24,89.291
457,8489,45780952_1450,9/15/2023 12:05,23.7,2,,TRUE,,GD,No Defect,Pass,Pass,(None),300_FW,Not Done,Pass,(None),Pass,green,none,0,1,2018,TRUE,Pass,0,0,inf,-0.449,0.033,-0.158,0,-0.082,0.02,-0.021,0.033,-0.152,-0.004,0.019,0.021,-0.118,-0.021,0.012,-0.112,inf,inf,inf,#NAME?,inf,-0.449,35.694,35.499,-45.667,-26.53,0.033,144.538,212.72,-180.547,-68.012,-0.158,96.293,35.47,25.609,-26.3,0,21.056,214.444,18.311,-68.198,-0.082,45.838,5.774,49.954,-5.536,0.02,137.152,-3.035,-3.867,3.15,-0.021,36.058,-11.148,0.067,12.523,0.033,81.99,-18.592,-46.825,22.879,-0.152,44.57,0.2,17.375,-0.351,-0.004,73.875,-36.03,-19,56.317,0.019,96.024,8.882,6.813,-8.14,0.021,98.004,8.129,-2.528,-7.499,-0.118,67.769,3.192,9.925,-3.208,-0.021,59.329,-2.884,-6.92,2.948,0.012,138.767,24.982,-18.031,-19.979,-0.112,-82.799,-16.352,-83.993,19.414
458,8492,45937540_1450,12/6/2023 15:55,22.7,2,,TRUE,,GD,No Defect,Pass,Pass,(None),110_LVL (new),Not Done,Pass,(None),Pass,(None),none,0,1,2018,TRUE,Fail,0,0,0.072,0.025,-0.339,-0.03,-0.089,-0.083,0.604,0.014,0.043,0.009,-0.038,-0.029,-0.032,-0.05,-0.06,-0.078,-0.025,0.072,-81.511,-78.003,-103.516,354.932,0.025,26.334,-28.302,-41.57,39.509,-0.339,18.86,-18.241,-94.257,21.896,-0.03,24.708,23.263,20.732,-18.897,-0.089,68.469,11.769,15.585,-10.609,-0.083,48.48,-40.341,-61.013,67.481,0.604,232.832,13.919,-22.53,-11.688,0.014,125.081,-16.422,-95.529,19.666,0.043,64.004,-12.482,-49.201,14.311,0.009,56.959,-3.056,-10.864,3.161,-0.038,86.081,-26.559,-96.84,36.112,-0.029,9.659,-12.171,2.746,13.825,-0.032,44.811,5.25,-7.645,-5.018,-0.05,2.853,7.562,18.962,-7.077,-0.06,-4.227,10.58,22.185,-9.622,-0.078,29.313,-16.067,1.315,19.05,-0.025,95.196,-3.833,14.03,3.96
459,8496,45785722_1450,9/18/2023 16:19,25.7,2,,TRUE,,GD,No Defect,Not Done,Pass,(None),300_FW,Not Done,Pass,(None),Pass,green,none,0,0,0,TRUE,Pass,0,0,0.23,-0.025,0.044,-0.01,0.024,-0.041,0,-0.052,0.009,0.014,-0.042,-0.103,-0.05,-0.018,-0.039,-0.114,-0.055,0.23,-14.749,-17.494,40.383,21.482,-0.025,-4.444,-23.65,60.731,30.943,0.044,-4.994,7.036,43.6,-6.532,-0.01,19.667,13.367,5.133,-11.8,0.024,38.425,-42.655,-118.502,74.424,-0.041,17.957,7.739,-46.576,-7.222,0,18.952,-14.248,-41.667,16.615,-0.052,2.681,-6.18,12.607,6.531,0.009,17.081,-1.437,0.928,1.468,0.014,16.445,-6.068,-13.714,6.476,-0.042,20.698,-6.292,-15.822,6.669,-0.103,1.302,3.302,10.881,-3.296,-0.05,31.628,-3.277,-1.972,3.336,-0.018,37.846,-2.214,-1.595,2.245,-0.039,23.171,-1.589,-6.363,1.575,-0.114,18.272,-10.015,-34.461,11.003,-0.055,25.688,-3.708,-16.63,3.794
460,8497,45581843_1450,6/12/2023 10:45,22.6,2,,TRUE,,GD,No Defect,Not Done,Pass,Green,110_LVL (new),Not Done,Pass,Blue,Pass,green,none,,1,2018,TRUE,Pass,0,0,inf,-0.031,-0.319,-0.142,-0.166,-0.061,-0.056,-0.091,-0.035,-0.056,-0.084,-0.076,-0.09,-0.123,-0.098,-0.032,-0.089,inf,inf,inf,#NAME?,inf,-0.031,163.778,-1.462,56.638,1.452,-0.319,162.152,-36.397,30.388,56.724,-0.142,313.198,100.828,46.262,-50.277,-0.166,400.439,130.263,51.841,-56.644,-0.061,398.71,-13.558,-75.251,15.614,-0.056,150.25,0.752,21.589,-0.803,-0.091,484.8,4.945,7.883,-4.798,-0.035,387.988,-27.119,-12.254,37.161,-0.056,319.987,18.105,28.628,-15.377,-0.084,466.032,10.835,31.093,-9.851,-0.076,293.722,-13.283,-16.262,15.231,-0.09,369.697,-0.271,-3.593,0.181,-0.123,290.349,2.508,0.483,-2.566,-0.098,263.664,3.824,5.008,-3.778,-0.032,173.249,-56.855,-48.94,131.703,-0.089,-41.012,-11.853,-3.704,13.346
461,8524,45668824_1450,7/20/2023 16:04,27.9,2,,TRUE,,GD,No Defect,Pass,Pass,Green,400_LA (new),Not Done,Pass,Blue,Pass,green,none,,2,2018,TRUE,Pass,0,0,-0.095,0.302,0.104,0.215,-0.06,-0.124,-0.183,-100,-0.174,-0.14,-0.152,-0.113,-0.229,-0.124,-0.142,-0.248,-0.168,-0.095,4.433,-47.579,38.351,90.581,0.302,1517.64,33.515,48.262,-24.876,0.104,619.88,-29.751,70.23,42.498,0.215,2684.075,14.5,-5.41,-12.476,-0.06,3044.356,-4.755,-179.177,4.93,-0.124,1575.047,-33.083,-244.452,49.254,-0.183,18.214,-55.258,-79.192,123.095,-100,-100,-100,100,-100,-0.174,882.169,6.678,-19.75,-6.423,-0.14,875.86,16.532,-118.869,-14.307,-0.152,1204.804,10.212,-32.228,-9.404,-0.113,419.157,6.661,12.085,-6.351,-0.229,486.77,49.156,26.028,-33.11,-0.124,1687.458,6.125,-55.111,-5.888,-0.142,9.29,28.547,45.231,-22.318,-0.248,129.53,251.936,70.408,-71.656,-0.168,22.646,60.498,40.793,-37.799
462,8550,45656807_1450,7/14/2023 22:20,32.6,2,,TRUE,,GD,No Defect,Pass,Pass,Green,400_LA (new),Pass,Pass,Blue,Pass,green,none,,2,2018,TRUE,Pass,0,0,-2.051,0.37,0.533,0.165,0.051,0.126,0.082,0.126,0.131,0.208,0.078,0.075,0.145,0.208,0.126,0.069,0.16,-2.051,32.405,-61.871,91.114,156.886,0.37,-32.638,-1.863,38.309,2.275,0.533,283.21,65.25,63.101,-39.163,0.165,633.141,-9.822,2.037,11.074,0.051,561.562,-22.881,-26.268,29.736,0.126,443.122,6.316,18.342,-5.822,0.082,300.728,-31.156,-15.943,45.374,0.126,427.991,-3.423,23.961,3.675,0.131,615.059,-0.075,1.428,0.206,0.208,494.798,24.749,15.695,-19.672,0.078,572.044,4.76,-70.92,-4.47,0.075,525.196,-14.804,-58.229,17.464,0.145,552.069,0.294,-37.472,-0.149,0.208,558.611,30.413,33.927,-23.162,0.126,641.308,0.061,-11.603,0.065,0.069,470.874,-25.945,-64.396,35.128,0.16,-30.813,6.891,40.566,-6.297
463,8564,45961540_1450,12/17/2023 16:06,23.5,2,,TRUE,,GD,No Defect,Pass,Pass,(None),300_FW,Not Done,Pass,(None),Pass,(None),none,0,3,2018,TRUE,Pass,0,0,-0.496,-0.159,-0.075,-0.038,-0.011,0.051,0.07,-0.014,-0.01,0.038,0.037,0.044,0.027,0.022,0.06,-0.021,-0.026,-0.496,1.882,47.463,30.582,-32.523,-0.159,479.642,1.577,-22.459,-1.709,-0.075,308.989,18.108,46.096,-15.395,-0.038,-38.179,-36.479,-16.751,57.369,-0.011,-43.147,-46.769,-82.087,87.838,0.051,-50.794,1.087,0.735,-1.025,0.07,-25.969,-24.185,-30.088,31.993,-0.014,-60.329,-5.433,-10.371,5.73,-0.01,-54.224,-22.865,20.165,29.63,0.038,-57.057,-1.867,-17.108,1.941,0.037,-33.265,-1.381,-20.363,1.438,0.044,530.478,-8.67,-186.466,9.541,0.027,-65.079,-6.638,-6.883,7.139,0.022,-62.147,8.314,17.641,-7.656,0.06,-29.533,-26.844,-95.404,36.777,-0.021,-85.139,-12.685,4.334,14.504,-0.026,-77.673,0.112,8.443,-0.138
464,8567,45610020_1450,6/19/2023 14:54,27.9,2,,TRUE,,GD,No Defect,Pass,Pass,Green,300_FW,Not Done,Pass,Blue,Pass,green,none,,3,2018,TRUE,Fail,0,0,-2.995,-0.25,-0.847,-0.347,0.023,-0.032,-0.058,-0.078,-0.196,-0.249,-0.061,-0.022,-0.081,-0.216,-0.07,-0.036,-0.216,-2.995,18.972,233.658,59.575,-70.927,-0.25,-18.549,264.602,55.342,-72.641,-0.847,33.729,40.275,22.351,-29.315,-0.347,33.891,68.576,54.792,-40.885,0.023,-17.572,5.904,13.977,-5.553,-0.032,55.024,28.883,-2.445,-22.435,-0.058,98.484,-2.074,-40.889,2.059,-0.078,-7.793,-7.795,1.129,8.37,-0.196,12.494,8.362,9.121,-7.897,-0.249,3.91,-18.608,-30.139,22.556,-0.061,101.846,-22.321,-74.233,28.657,-0.022,50.597,15.803,-11.006,-13.665,-0.081,43.713,-17.082,-47.336,20.504,-0.216,45.517,-14.158,-45.199,16.242,-0.07,5.613,-13.825,-2.348,15.961,-0.036,67.817,1.048,5.212,-1.073,-0.216,-86.545,-48.76,-112.402,94.74
465,8570,45611509_1450,6/19/2023 19:05,24.9,2,,TRUE,,GD,No Defect,Pass,Pass,Green,300_FW,Not Done,Pass,Blue,Pass,green,none,,3,2018,TRUE,Pass,0,0,-0.096,0.322,0.509,0.206,-0.145,0.055,0.167,-0.047,0.057,-0.006,0.027,-0.004,-0.029,0.033,0.023,-0.016,-0.004,-0.096,334.807,-11.656,90.557,13.086,0.322,649.855,43.526,73.536,-30.102,0.509,392.18,34.146,68.491,-25.075,0.206,1883.953,431.81,-49.64,-81.158,-0.145,692.274,60.228,-21.258,-37.679,0.055,710.787,-16.749,-207.228,20.184,0.167,1237.955,-17.074,-246.507,20.791,-0.047,326.318,-17.476,-68.94,21.121,0.057,309.181,-13.726,-60.176,15.976,-0.006,-42.902,-9.765,-71.447,10.816,0.027,641.906,3.593,-36.775,-3.443,-0.004,3683.878,40,-45.8,-28.574,-0.029,262.676,11.689,-54.039,-10.491,0.033,1114.618,-27.429,-176.619,37.842,0.023,-5.064,-1.103,-17.619,1.138,-0.016,163.93,178.597,25.16,-64.112,-0.004,-28.173,4.983,-14.762,-4.751
466,8588,46003268_1450,1/16/2024 17:27,22.2,2,,TRUE,,GD,No Defect,Pass,Pass,(None),110_LVL (new),Not Done,Pass,(None),Pass,(None),none,0,3,2018,TRUE,Pass,0,0,0.575,-0.394,-0.255,-0.082,-0.138,-0.053,-0.037,-0.071,-0.026,-0.064,-0.056,-0.112,-0.062,-0.1,-0.089,-0.067,-0.063,0.575,310.671,92.394,0.774,-47.724,-0.394,165.234,-16.387,57.572,19.128,-0.255,137.044,-2.443,66.358,2.242,-0.082,397.773,17.776,22.944,-15.163,-0.138,442.295,-19.95,-2.775,24.749,-0.053,548.961,-44.665,-124.691,80.62,-0.037,135.629,-10.639,3.439,11.864,-0.071,635.871,1.025,-24.254,-1.085,-0.026,470.073,76.217,14.065,-43.266,-0.064,415.399,4.085,7.593,-3.986,-0.056,426.859,10.033,1.837,-9.169,-0.112,323.559,-8.374,-5.02,9.017,-0.062,612.091,-9.33,-74.289,10.222,-0.1,259.448,16.331,29.64,-14.125,-0.089,254.896,21.542,36.097,-17.797,-0.067,-76.444,-49.958,1.815,99.699,-0.063,-0.524,-36.053,-88.358,56.282
467,8600,45654714_1450,7/13/2023 12:35,25.4,2,,TRUE,,UN,(None),Not Done,Not Done,(None),300_FW,Not Done,Pass,Grey,Not Done,neon,,,0,0,FALSE,Fail,0,0,0.46,0.556,1.908,0.167,0.179,2.781,0.727,0.58,2.016,2.188,0.857,0.303,-0.671,-0.791,0.333,0.18,-1.152,0.46,258.386,47.72,77.846,-31.993,0.556,356.521,12.725,67.5,-10.796,1.908,301.704,52.76,73.583,-33.289,0.167,786.101,250.892,19.486,-71.454,0.179,302.701,-6.141,-36.147,6.734,2.781,518.203,184.945,-16.292,-63.93,0.727,511.879,-1.349,-81.565,2.104,0.58,256.267,-16.504,-113.217,20.461,2.016,156.379,6.986,-19.621,-4.645,2.188,237.417,-16.694,-23.334,22.667,0.857,158.334,16.919,-8.902,-13.738,0.303,388.096,6.085,-79.257,-5.45,-0.671,174.18,-6.833,-44.089,6.614,-0.791,1138.455,-47.583,-488.955,89.268,0.333,597.813,-42.304,-124.015,73.898,0.18,19.072,-10.043,-67.658,11.364,-1.152,-53.764,-12.259,-11.802,12.659
468,8645,no booster,8/22/2022 23:07,29.9,2,,TRUE,,UN,(None),Not Done,Not Done,(None),200_LA (old),Not Done,Pass,Grey,Not Done,blue,,,0,0,FALSE,Fail,0,0,1.625,0.598,0.782,0.131,-0.038,0.08,-0.011,1.089,0.145,0.09,0.056,0.001,0.007,0.083,0.036,-0.061,0.159,1.625,-22.459,67.68,59.648,-39.394,0.598,-14.177,-3.571,-21.641,4.324,0.782,-37.45,8.551,33.561,-7.157,0.131,-46.768,76.971,-100.663,-43.42,-0.038,-71.127,-25.587,-23.262,34.334,0.08,-53.511,1.387,-69.497,-1.289,-0.011,-60.011,-37.393,-41.43,59.709,1.089,-88.508,-12.859,40.061,16.007,0.145,-59.74,4.396,-15.904,-4.072,0.09,-40.198,-6.451,-27.124,6.992,0.056,-63.8,-24.181,-14.406,31.968,0.001,-63.104,55.039,29.313,-35.5,0.007,-72.338,24.179,66.881,-19.466,0.083,-85.992,-62.818,-379.041,169.17,0.036,-29.239,-18.578,-50.317,22.861,-0.061,-54.815,-9.94,-3.801,10.969,0.159,-48.932,1.045,3.68,-0.877
469,8645,bypass,11/4/2022 21:08,22.7,2,,TRUE,,UN,(None),Not Done,Not Done,(None),600_HK,Not Done,Pass,Grey,Not Done,neon,,,0,0,FALSE,Pass,0,0,-0.23,-0.207,-0.133,-0.179,-0.068,-0.031,-0.02,-0.038,-0.097,-0.081,-0.059,-0.039,0.003,-0.087,-0.033,-0.026,-0.047,-0.23,141.347,-8.145,-5.851,8.616,-0.207,110.396,7.533,-10.093,-7.198,-0.133,829.315,-21.509,33.123,27.234,-0.179,2407.805,-29.46,-53.884,41.51,-0.068,1461.555,79.999,27.949,-44.482,-0.031,2206.067,-14.969,-21.83,17.568,-0.02,2600.091,8.133,-85.087,-7.54,-0.038,2546.572,8.366,-102.954,-7.756,-0.097,134.939,-11.172,9.061,12.467,-0.081,120.588,1.666,-11.635,-1.719,-0.059,1873.235,14.799,-51.877,-12.943,-0.039,2356.232,-23.051,-97.783,29.905,0.003,4220.485,-2.324,-114.903,2.382,-0.087,1656.49,37.997,41.396,-27.598,-0.033,194.566,0.502,1.353,-0.532,-0.026,221.453,15.475,-9.264,-13.424,-0.047,200.091,-4.304,-22.166,4.448
470,8645,000_000,4/21/2023 20:57,24.3,2,,TRUE,,UN,Non-Critical Defect,Fail,Not Done,Purple,101_COPA,Not Done,Pass,Grey,Fail,(None),_Dimensional,,0,0,TRUE,Fail,0,0,0.95,0.244,-0.023,-0.118,0.197,0.011,0.478,0.073,0.036,0.061,0.021,0.069,0.11,0,0.006,-0.047,0.037,0.95,-52.818,23.739,-31.76,-18.417,0.244,-71.44,-34.482,-594.144,53.003,-0.023,-59.25,-31.183,-355.856,45.281,-0.118,0.876,-5.983,7.079,6.239,0.197,124.135,29.059,-367.507,-22.363,0.011,3.778,19.391,32.667,-16.232,0.478,113.263,-36.04,-26.524,57.095,0.073,82.789,8.885,6.042,-8.094,0.036,62.796,-3.506,-39.186,3.671,0.061,-7.888,18.901,38.884,-15.845,0.021,43.228,0.319,-18.806,-0.297,0.069,-68.144,-56.714,-19.899,131.181,0.11,307.858,-37.52,-146.775,60.228,0,13.089,14.788,28.809,-12.883,0.006,123.626,-18.986,-64.095,23.444,-0.047,68.366,-29.468,-47.165,41.713,0.037,78.684,-16.269,-11.12,19.474
471,8645,CHECKOUT_AUTO,12/6/2023 18:27,16.3,2,,TRUE,,GD,(None),Not Done,Not Done,(None),(None),Not Done,Pass,(None),Not Done,(None),,,0,0,FALSE,Pass,0,0,-0.625,-0.369,-0.029,0.112,0.101,0.001,-0.02,-0.087,0,-0.046,-0.07,-0.082,-0.136,-0.01,-0.036,0.067,-0.044,-0.625,-37.251,-41.559,20.54,70.042,-0.369,-35.963,1.123,76.174,-1.476,-0.029,277.479,58.214,70.587,-36.813,0.112,10.561,53.646,18.194,-34.842,0.101,-37.418,-17.072,15.526,20.708,0.001,56.004,-19.613,-93.486,24.399,-0.02,-22.191,33.762,-19.568,-25.255,-0.087,-16.891,2.84,7.229,-2.846,0,-1.732,16.224,16.411,-13.959,-0.046,45.499,-5.288,-45.746,5.534,-0.07,-13.875,-32.935,59.547,49.006,-0.082,274.102,179.886,51.329,-64.3,-0.136,-62.303,39.4,50.668,-28.362,-0.01,66.418,-31.581,-129.256,46.143,-0.036,-23.09,-19.074,-3.143,23.525,0.067,-1.069,130.364,68.718,-56.562,-0.044,-21.561,36.916,33.478,-26.994
472,8645,00_00,3/15/2023 15:29,21.8,2,,TRUE,,UN,(None),Not Done,Not Done,(None),400_LA (new),Not Done,Pass,Grey,Not Done,blue,,,0,0,FALSE,Fail,0,0,-0.877,-0.29,-0.166,0.136,0.003,-0.012,-0.436,-0.005,0,-0.009,0,0.019,-0.098,-0.012,-0.013,0.02,-0.055,-0.877,197.882,-28.192,5.56,38.039,-0.29,306.165,75.69,85.593,-43.247,-0.166,-21.385,68.631,48.824,-40.798,0.136,-30.435,36.419,38.837,-26.597,0.003,-30.172,-35.604,62.139,55.293,-0.012,-27.682,-4.169,-14.45,4.338,-0.436,-65.152,9.919,31.422,-9.421,-0.005,-47.845,-6.087,-0.843,6.476,0,-31.669,-5.759,6.592,6.111,-0.009,-25.805,-7.515,-6.431,8.116,0,-22.522,-1.008,26.963,1.019,0.019,-22.95,-8.85,-54.662,9.73,-0.098,-70.12,8.673,8.327,-8.071,-0.012,-44.847,1.534,-3.829,-1.523,-0.013,-66.003,23.303,38.285,-18.909,0.02,-64.101,-15.136,14.003,17.859,-0.055,-40.05,-0.049,-20.254,-0.005
473,8648,45864134_1450,10/25/2023 19:00,24.2,2,,TRUE,,GD,No Defect,Not Done,Pass,(None),300_FW,Not Done,Pass,(None),Pass,green,none,0,4,2018,TRUE,Pass,0,0,-1.63,-0.002,0.224,-0.048,-0.02,0.056,0.004,0,0.019,-0.014,0.021,0,0.001,-0.003,0.001,-0.02,-0.034,-1.63,179.119,12.365,24.106,-12.455,-0.002,204.521,10.778,75.243,-9.731,0.224,173.508,34.351,60.381,-25.401,-0.048,377.27,21.043,-54.322,-17.424,-0.02,279.06,-4.471,18.869,4.659,0.056,268.859,1.34,3.73,-1.267,0.004,295.842,7.78,15.108,-7.215,0,253.346,4.981,2.415,-4.744,0.019,286.541,-6.295,-41.343,6.739,-0.014,273.672,11.263,10.899,-10.136,0.021,298.65,-0.62,0.852,0.645,0,289.751,0.291,-2.684,-0.29,0.001,385.321,-16.915,-75.123,20.36,-0.003,378.883,-4.415,-18.825,4.616,0.001,440,-10.308,-45.528,11.493,-0.02,454.929,45.204,-93.42,-31.146,-0.034,227.826,-0.855,-2.313,0.828
474,8655,45999781_1450,1/11/2024 15:24,26.5,2,,TRUE,,GD,No Defect,Pass,Pass,(None),400_LA (new),Not Done,Pass,(None),Pass,(None),none,0,5,2018,TRUE,Pass,0,0,0.919,0.398,0.263,0.281,-0.138,0.042,0,-0.142,0.072,0.009,-0.036,-0.086,-0.05,0.077,0.061,-0.032,0.047,0.919,-43.99,-37.931,26.121,62.59,0.398,-24.119,-37.74,-7.094,61.255,0.263,352.356,30.515,60.189,-23.179,0.281,1329.842,535.707,-151.835,-84.225,-0.138,552.988,-26.722,-37.412,36.278,0.042,818.265,-34.026,-210.751,51.639,0,560.358,-19.74,-82.722,24.595,-0.142,435.86,-14.065,-28.847,16.202,0.072,600.254,-34.119,-243.005,51.899,0.009,723.401,-14.836,-71.668,17.431,-0.036,379.17,3.003,-5.764,-2.95,-0.086,450.219,10.874,5.253,-9.885,-0.05,329.344,-7.798,-40.425,8.403,0.077,1540.921,-54.335,-312.393,119.156,0.061,747.118,27.35,-48.345,-21.429,-0.032,302.868,66.652,7.273,-40.014,0.047,-15.174,-23.039,-52.051,29.997
475,8657,45883207_1450,11/9/2023 11:17,24,2,,TRUE,,GD,No Defect,Not Done,Pass,(None),110_LVL (new),Not Done,Pass,(None),Pass,(None),none,0,5,2018,TRUE,Fail,0,0,0.242,-0.003,0.12,0.219,-0.104,-0.092,-0.152,1.524,-0.155,-0.142,-0.112,-0.015,-0.034,-0.094,-0.06,0.052,0.047,0.242,324.956,-69.85,67.64,232.475,-0.003,867.229,-23.608,42.751,30.9,0.12,583.043,12.459,55.313,-10.972,0.219,2457.474,397.992,-12.118,-79.875,-0.104,1867.147,92.098,-189.441,-47.997,-0.092,1331.879,8.109,-121.866,-7.586,-0.152,1316.652,-10.299,-243.166,11.312,1.524,813.305,8.714,-137.554,-6.614,-0.155,644.668,-33.293,-111.325,49.677,-0.142,925.703,-10.361,-177.696,11.401,-0.112,1075.559,8.567,-28.071,-7.994,-0.015,399.683,-53.735,-51.208,116.112,-0.034,941.808,19.795,-37.173,-16.553,-0.094,156.03,-56.033,-602.575,127.231,-0.06,66.974,-12.539,-84.229,14.269,0.052,1097.285,17.025,-66.855,-14.504,0.047,68.074,9.05,-48.157,-8.256
476,8659,45378867_1450,2/16/2023 17:54,21.3,2,,TRUE,,GD,No Defect,Pass,Pass,Green,200_LA (old),Not Done,Pass,Blue,Pass,green,none,,5,2018,TRUE,Fail,0,0,1.678,0.065,0.264,0.289,-0.103,0.203,0.068,-0.857,0.093,0.058,0.096,0.109,0.057,0.024,0.058,0.097,0.076,1.678,-47.515,-67.946,34.297,217.209,0.065,140.907,20.332,53.259,-16.843,0.264,198.896,22.4,23.026,-18.085,0.289,882.065,17.012,-117.758,-14.292,-0.103,299.502,-63.521,19.141,173.849,0.203,243.619,-34.162,-198.78,52.196,0.068,348.421,25.118,40.352,-20.021,-0.857,363.037,27.583,38.404,-22.292,0.093,179.353,-19.446,-20.897,24.256,0.058,30.39,-32.142,-72.528,47.452,0.096,291.249,-24.322,-9.677,32.265,0.109,447.628,-1.498,-52.729,1.631,0.057,127.108,22.884,36.392,-18.576,0.024,372.702,-35.883,-197.195,56.002,0.058,150.925,35.547,33.225,-26.182,0.097,30,19.022,3.226,-15.901,0.076,-61.304,7.87,-7.382,-7.225
477,8661,45982065_1450,1/4/2024 14:26,20,2,,TRUE,,GD,No Defect,Pass,Pass,(None),400_LA (new),Not Done,Pass,(None),Pass,(None),none,0,5,2018,TRUE,Pass,0,0,0.677,0.16,0.18,0.185,0.258,0.084,-0.046,0.129,0.063,0.21,0.182,0.162,0.095,0.13,0.112,0.109,0.116,0.677,-0.579,-81.734,-48.643,451.163,0.16,23.36,21.731,25.321,-17.72,0.18,-6.766,-16.762,0.704,20.354,0.185,14.875,20.984,1.664,-17.191,0.258,-24.785,-70.024,57.484,234.464,0.084,-24.41,22.505,41.634,-18.302,-0.046,1.306,20.702,-26.853,-17.189,0.129,30.94,12.224,24.924,-10.778,0.063,239.685,56.427,47.415,-36.032,0.21,-17.737,2.653,3.673,-2.38,0.182,2.099,-10.453,-8.112,11.877,0.162,53.745,-29.338,-42.853,41.748,0.095,9.733,4.585,9.379,-4.293,0.13,5.16,11.759,20.26,-10.405,0.112,16.775,23.718,36.842,-19.081,0.109,-21.07,39.897,41.855,-28.441,0.116,58.394,-24.285,-27.977,32.228
478,8662,45838075_1450,10/19/2023 11:31,21.7,2,,TRUE,,GD,No Defect,Not Done,Pass,(None),110_LVL (new),Not Done,Pass,(None),Pass,green,none,0,5,2018,TRUE,Pass,0,0,-0.158,-0.243,-0.225,-0.061,-0.143,-0.176,-0.14,0.451,-0.144,-0.137,-0.14,-0.129,-0.164,-0.214,-0.168,-0.125,-0.164,-0.158,138.25,-57.906,3.62,137.187,-0.243,179.574,-32.896,22.92,48.661,-0.225,158.562,-21.298,37.383,26.775,-0.061,398.383,-36.849,-51.175,58.254,-0.143,535.5,4.314,-63.499,-4.273,-0.176,421.053,-18.868,-69.094,23.038,-0.14,302.704,2.146,-54.074,-2.238,0.451,602.291,-28.25,-172.137,40.002,-0.144,460.935,-10.77,-30.276,11.908,-0.137,397.953,13.132,27.896,-11.729,-0.14,326.76,-1.352,18.398,1.229,-0.129,335.818,-0.604,27.953,0.478,-0.164,479.413,20.986,-8.911,-17.481,-0.214,354.39,10.05,11.995,-9.327,-0.168,214.146,7.724,25.572,-7.326,-0.125,-35.816,-20.158,-13.339,25.09,-0.164,-36.65,16.553,26.73,-14.343
479,8665,45681065_1450,7/27/2023 15:37,24.2,2,,TRUE,,GD,No Defect,Pass,Pass,Green,300_FW,Not Done,Pass,Blue,Pass,green,none,,8,2018,TRUE,Pass,0,0,1.311,0.358,0.492,0.121,-0.01,0.075,0.241,-0.004,0.017,-0.009,0.056,-0.032,-0.054,0.04,0.003,0.001,-0.009,1.311,1138.088,83.86,74.181,-44.898,0.358,987.475,59.238,69.76,-36.976,0.492,555.797,42.353,66.48,-29.406,0.121,1968.921,166.038,16.358,-62.366,-0.01,914.959,40.73,-47.742,-28.949,0.075,1044.14,0.225,-120.583,-0.15,0.241,146.706,43.899,-3.658,-30.34,-0.004,468.348,-19.1,-86.948,23.605,0.017,456.362,2.48,-45.056,-2.403,-0.009,591.376,-10.476,-62.767,11.692,0.056,1084.097,0.064,-86.139,-0.008,-0.032,2733.55,36.411,1.378,-26.716,-0.054,313.712,22.457,-0.265,-18.383,0.04,1464.143,-29.34,-184.891,41.579,0.003,-17.54,17.876,31.076,-15.163,0.001,83.031,67.932,48.65,-40.451,-0.009,-16.532,-7.705,1.923,8.338
480,8691,45931608_1450,11/30/2023 16:33,22.2,2,,TRUE,,GD,No Defect,Pass,Pass,(None),400_LA (new),Not Done,Pass,(None),Pass,(None),none,0,5,2018,TRUE,Pass,0,0,-0.166,0.099,0.612,-0.118,-0.128,-0.032,-0.072,-0.014,-0.054,-0.012,-0.059,-0.07,-0.025,-0.108,-0.076,-0.07,-0.07,-0.166,-86.337,-22.193,-317.227,28.309,0.099,69.067,0.335,-72.422,-0.234,0.612,-41.11,52.697,26.311,-34.11,-0.118,-10.192,-55.308,0.962,123.488,-0.128,-19.795,6.725,16.448,-6.421,-0.032,-25.055,11.33,33.13,-10.206,-0.072,1.021,-16.654,-13.621,19.895,-0.014,19.588,8.332,14.964,-7.704,-0.054,-32.352,26.198,46.507,-20.803,-0.012,1.16,-1.794,-3.673,1.816,-0.059,-11.708,-16.47,-0.76,19.646,-0.07,-2.16,-11.341,-19.668,12.712,-0.025,59.645,-7.174,4.91,7.701,-0.108,11.456,-15.155,-31.185,17.735,-0.076,21.722,-5.659,-19.695,5.918,-0.07,-34.431,-0.559,-5.63,0.492,-0.07,17.081,-13.34,-23.694,15.312
481,8698,45894410_1450,11/16/2023 12:19,23.3,2,,TRUE,,GD,No Defect,Pass,Pass,(None),110_LVL (new),Not Done,Pass,(None),Pass,green,none,0,5,2018,TRUE,Pass,0,0,-0.313,-0.073,0.537,0.484,-0.03,0.082,0.018,-0.027,0.071,0.056,0.026,-0.014,-0.032,0.055,0.006,-0.009,0.071,-0.313,370.36,-42.687,19.836,73.935,-0.073,735.073,-29.461,83.679,41.661,0.537,621.758,89.32,81.849,-46.896,0.484,3179.938,328.552,-35.004,-76.553,-0.03,2695.345,30.29,16.807,-23.272,0.082,1692.924,-19.439,-237.844,24.232,0.018,1221.893,-19.702,-90.696,24.557,-0.027,1125.427,2.915,-85.665,-2.859,0.071,785.12,-0.915,-41.06,0.995,0.056,37.009,-5.251,-79.368,5.601,0.026,1158.285,7.389,-16.767,-6.857,-0.014,42.485,63.346,74.627,-38.789,-0.032,485.276,26.886,-4.712,-21.214,0.055,103.822,-24.234,-107.833,32.059,0.006,2.995,14.621,23.415,-12.751,-0.009,191.212,10.451,55.92,-9.47,0.071,55.459,25.129,2.306,-20.026
482,8727,45944252_1450,12/7/2023 16:41,24.6,2,,TRUE,,GD,No Defect,Pass,Pass,(None),400_LA (new),Not Done,Pass,(None),Pass,(None),none,0,5,2018,TRUE,Pass,0,0,-2.499,-0.07,0.839,0.473,-0.108,0.102,-0.022,-0.091,0.014,0.038,0.008,0.003,-0.076,0.097,0.028,0.042,0.033,-2.499,-36.027,-50.287,59.301,96.127,-0.07,392.888,119.14,94.027,-54.399,0.839,571.379,119.647,77.658,-54.09,0.473,2091.121,317.725,24.347,-75.948,-0.108,784.668,-33.574,11.858,50.381,0.102,904.405,13.305,-55.944,-11.653,-0.022,44.777,-0.618,-8.788,0.599,-0.091,625.585,-22.431,-98.873,28.799,0.014,650.363,-13.385,-20.142,15.47,0.038,947.273,1.027,-48.619,-0.979,0.008,497.488,5.071,12.703,-4.819,0.003,336.909,-1.494,-50.207,1.52,-0.076,431.464,14.005,-0.641,-12.351,0.097,2586.712,-42.206,-228.804,73.196,0.028,77.033,-17.063,-51.697,20.607,0.042,9.361,68.107,-49.049,-40.489,0.033,17.93,5.758,7.772,-5.413
483,8741,45641308_1450,7/7/2023 15:26,26.6,2,,TRUE,,GD,No Defect,Pass,Pass,Green,400_LA (new),Not Done,Pass,Blue,Pass,green,none,,5,2018,TRUE,Pass,0,0,-0.26,-0.685,0.103,-0.12,-0.073,-0.073,-0.027,-0.039,-0.072,-0.104,-0.065,-0.113,-0.035,-0.063,-0.053,-0.094,-0.108,-0.26,-49.144,18.974,12.386,-16.167,-0.685,-81.55,12.986,55.614,-12.1,0.103,183.371,498.703,-13.866,-83.28,-0.12,213.633,4.93,15.579,-4.813,-0.073,205.755,-21.79,-12.701,27.768,-0.073,248.713,9.879,-17.556,-9.058,-0.027,175.254,-25.371,-40.725,33.96,-0.039,141.799,31.764,26.257,-24.136,-0.072,277.833,-9.499,13.883,10.417,-0.104,192.129,4.715,12.462,-4.602,-0.065,141.985,27.891,42.37,-21.859,-0.113,287.614,97.477,-12.346,-49.418,-0.035,231.749,-9.864,-43.617,10.904,-0.063,203.941,18.171,19.41,-15.43,-0.053,238.278,-12.55,-10.35,14.291,-0.094,129.451,50.667,27.11,-33.691,-0.108,-61.111,-44.483,-53.619,79.929
484,8742,45573732_1450,5/31/2023 12:33,24,2,,TRUE,,GD,No Defect,Pass,Pass,Green,300_FW,Not Done,Pass,Blue,Pass,green,none,,5,2018,TRUE,Pass,0,0,-0.807,-0.397,-0.314,-0.152,-0.112,-0.103,-0.029,-0.022,-0.043,-0.079,-0.017,0.001,-0.044,-0.06,-0.028,-0.036,-0.067,-0.807,122.593,-5.154,-38.155,4.584,-0.397,145.821,-46.782,-47.153,87.16,-0.314,167.06,-7.579,-17.143,7.861,-0.152,162.674,-22.369,-19.382,28.618,-0.112,113.082,5.933,21.378,-5.707,-0.103,176.594,-1.098,-15.426,1.007,-0.029,143.989,5.148,0.852,-4.923,-0.022,165.227,-22.842,-8.645,29.577,-0.043,153.497,-10.035,-31.087,11.107,-0.079,119.175,-15.581,-1.31,18.364,-0.017,216.004,15.807,21.751,-13.664,0.001,181.401,1.584,-24.247,-1.558,-0.044,223.437,-0.684,-7.526,0.644,-0.06,215.391,-4.934,-15.372,5.127,-0.028,229.355,-9.024,-24.474,9.889,-0.036,230.555,20.31,-28.11,-16.911,-0.067,-73.199,-23.207,23.622,30.134
485,8743,45542421_1450,5/16/2023 18:18,25.1,2,,TRUE,,GD,No Defect,Pass,Pass,Green,300_FW,Not Done,Pass,Blue,Pass,green,none,,5,2018,TRUE,Fail,0,0,-0.288,1.825,-0.666,0.072,-0.04,-0.019,0.111,0.013,0.074,-0.057,0.086,0.085,-0.005,0.062,0.098,0.123,-0.053,-0.288,80.254,593.641,64.76,-85.625,1.825,326.445,245.012,-55.703,-70.486,-0.666,72.851,0.683,-21.784,-1.339,0.072,93.139,-31.779,0.895,46.688,-0.04,-35.132,-27.648,17.718,38.158,-0.019,24.046,-0.061,22.038,0.041,0.111,115.157,0.07,-12.631,0.041,0.013,-25.051,-14.725,-23.09,17.282,0.074,23.445,6.19,-16.168,-5.759,-0.057,-2.982,0.499,7.083,-0.554,0.086,36.702,-2.813,-9.276,2.983,0.085,132.714,1.843,-0.679,-1.727,-0.005,-23.438,-0.265,-10.637,0.261,0.062,21.4,22.893,27.058,-18.578,0.098,34.194,-20.067,-31.402,25.227,0.123,95.09,138.009,10.345,-57.933,-0.053,-8.577,6.957,-8.701,-6.553
486,8748,45219920_1450,11/19/2022 15:13,21.3,2,,TRUE,,GD,No Defect,Pass,Pass,Green,200_LA (old),Not Done,Pass,Blue,Pass,green,none,,5,2018,TRUE,Fail,0,0,-0.031,-0.099,0.444,0.566,0.098,0.289,0.214,0.257,0.241,0.183,0.216,0.217,0.112,0.174,0.054,0.198,0.179,-0.031,24.467,-55.566,28.667,124.983,-0.099,240.005,35.783,76.591,-26.426,0.444,195.859,-18.492,85.352,23.232,0.566,1080.146,-31.742,-66.535,47.332,0.098,687.017,11.196,5.058,-9.981,0.289,980.706,-34.472,-198.599,53.046,0.214,-1.367,-18.573,-68.679,23.072,0.257,883.544,10.196,-32.547,-9.019,0.241,-14.642,-4.475,-10.127,4.936,0.183,6.441,-19.601,-85.037,24.607,0.216,604.447,5.015,-19.642,-4.57,0.217,498.357,27.794,16.081,-21.579,0.112,254.222,11.752,22.756,-10.416,0.174,970.076,-24.089,-134.616,31.962,0.054,109.334,152.34,-199.71,-60.349,0.198,79.511,-34.141,41.056,52.139,0.179,-21.823,23.521,17.117,-18.898
487,8748,45984561_1450,1/9/2024 11:35,21.8,2,,TRUE,,GD,(None),Not Done,Not Done,(None),110_LVL (new),Not Done,Pass,(None),Not Done,(None),,,0,0,FALSE,Pass,0,0,0.887,0.349,0.128,-0.052,0.052,-0.022,-0.018,0.007,-0.014,0.023,-0.008,0.023,-0.01,0.02,-0.006,-0.023,0.005,0.887,-31.927,80.975,78.744,-44.253,0.349,32.807,-41.813,-2.155,72.461,0.128,19.031,114.636,-6.561,-53.35,-0.052,-19.211,26.199,-68.667,-20.802,0.052,-31.716,-50.556,-154.507,102.352,-0.022,-31.94,9.82,33.734,-8.963,-0.018,-23.119,5.526,13.188,-5.254,0.007,-25.097,-3.382,-7.16,3.508,-0.014,-30.923,7.618,17.257,-7.092,0.023,-15.2,-17.791,-0.231,21.669,-0.008,-27.776,-18.652,-62.241,22.919,0.023,-33.098,4.188,12.173,-3.997,-0.01,-17.785,-0.755,-19.447,0.751,0.02,-17.242,-12.81,-18.212,14.715,-0.006,-24.765,-2.637,-16.471,2.702,-0.023,-38.714,30.935,-1.636,-23.643,0.005,-13.06,9.99,-2.654,-9.078
488,8753,45782233_1450,9/14/2023 15:49,25.5,2,,TRUE,,GD,No Defect,Pass,Pass,(None),300_FW,Not Done,Pass,(None),Pass,green,none,0,5,2018,TRUE,Pass,0,0,-0.586,-0.204,-0.198,-0.099,-0.128,-0.344,-0.021,-0.05,0,0.006,-0.012,-0.062,-0.034,-0.039,-0.032,-0.113,-0.037,-0.586,181.06,-38.483,3.269,61.604,-0.204,193.191,-12.267,5.117,13.749,-0.198,253.815,3.138,20.298,-3.234,-0.099,333.838,-5.881,-15.425,6.144,-0.128,266.034,-32.136,-118.896,47.164,-0.344,1493.099,179.076,36.711,-64.291,-0.021,311.912,-4.755,-22.863,4.971,-0.05,259.59,34.62,1.383,-25.754,0,269.048,8.319,-18.304,-7.68,0.006,271.128,-11.421,-34.531,12.9,-0.012,269.642,-14.888,-43.524,17.478,-0.062,394.504,-3.174,-20.434,3.214,-0.034,344.029,-3.468,-42.529,3.558,-0.039,354.527,-8.791,-24.297,9.596,-0.032,-50.227,-3.663,-12.734,3.769,-0.113,-52.937,-7.511,19.798,7.998,-0.037,-56.374,4.016,23.417,-3.897
489,8754,45696394_1450,8/4/2023 13:17,23.6,2,,TRUE,,GD,No Defect,Pass,Pass,Green,300_FW,Not Done,Pass,Blue,Pass,green,none,,6,2018,TRUE,Pass,0,0,1.47,-0.102,-0.069,-0.032,-0.068,0,-0.002,-0.014,0.005,-0.009,-0.004,0.006,-0.036,-0.022,-0.021,0.052,-0.042,1.47,12.619,-2.953,-24.214,4.557,-0.102,259.325,6.566,45.247,-6.257,-0.069,246.189,15.045,34.001,-13.137,-0.032,282.016,123.46,54.689,-55.263,-0.068,318.273,13.795,17.489,-12.183,0,378.407,5.606,-33.921,-5.308,-0.002,-50.044,4.171,12.887,-4.006,-0.014,344.49,8.932,3.839,-8.213,0.005,408.295,-15.539,-16.622,18.403,-0.009,310.979,20.741,13.039,-17.186,-0.004,414.915,19.505,-21.567,-16.325,0.006,303.829,18.627,0.732,-15.697,-0.036,341.691,2.418,-1.891,-2.396,-0.022,312.772,-5.422,6.584,5.71,-0.021,432.927,-4.99,-31.048,5.23,0.052,551.499,-35.35,-91.04,54.759,-0.042,355.721,-8.713,3.105,9.499
490,8759,45655735_1450,7/19/2023 13:03,23.5,2,,TRUE,,GD,No Defect,Not Done,Pass,Green,110_LVL (new),Not Done,Pass,Blue,Pass,green,none,,6,2018,TRUE,Fail,0,0,0.158,-100,0.303,-0.01,0.081,0.071,0.067,-100,0.048,0.085,-0.039,0.043,0.061,-0.045,0.279,-0.109,0.052,0.158,62.133,32.083,16.415,-24.171,-100,-100,-100,100,-100,0.303,-51.461,-39.759,40.787,66.501,-0.01,371.502,-14.547,46.986,17.011,0.081,951.168,32.223,0.1,-24.309,0.071,556.84,28.077,6.095,-21.866,0.067,-60.129,7.955,6.876,-7.306,-100,-100,-100,100,-100,0.048,456.243,-5.744,8.672,6.145,0.085,510.467,9.657,0.385,-8.729,-0.039,378.843,30.745,49.498,-23.546,0.043,327.398,3.943,35.515,-3.752,0.061,739.364,11.353,12.234,-10.141,-0.045,434.506,-10.456,-23.715,11.627,0.279,1883.802,-3.943,-18.347,4.396,-0.109,448.866,40.318,22.298,-28.811,0.052,603.964,-29.017,-31.424,40.952
491,8762,45793694_1450,9/21/2023 15:48,24.2,2,,TRUE,,GD,No Defect,Pass,Pass,(None),300_FW,Not Done,Pass,(None),Pass,green,none,0,5,2018,TRUE,Pass,0,0,0.589,-0.052,-0.094,-0.006,0.067,0.081,0.043,0.034,0.019,0,0.041,0.057,0.025,-0.025,0.011,0.064,-0.033,0.589,363.459,298.125,39.455,-74.734,-0.052,171.2,53.148,-20.621,-34.737,-0.094,221.841,3.214,7.62,-3.205,-0.006,348.652,8.552,-25.85,-7.884,0.067,240.521,-7.934,-5.811,8.691,0.081,402.951,-8.548,-45.089,9.435,0.043,278.932,1.96,-6.206,-1.881,0.034,273.5,49.162,-0.936,-32.936,0.019,295.337,-3.647,-3.118,3.805,0,267.902,7.942,5.639,-7.358,0.041,264.537,-7.513,-11.301,8.167,0.057,349.162,9.243,16.955,-8.409,0.025,304.116,-21.71,-24.582,27.761,-0.025,255.552,16.717,17.602,-14.344,0.011,279.041,4.522,6.088,-4.315,0.064,432.288,-11.261,-90.074,12.761,-0.033,-55.899,-4.746,-15.367,4.947
492,8763,46007148_1450,1/17/2024 16:24,21.7,2,,TRUE,,GD,No Defect,Pass,Pass,(None),400_LA (new),Not Done,Pass,(None),Pass,(None),none,0,6,2018,TRUE,Pass,0,0,-0.032,0.024,0.08,-0.008,-0.057,0,-0.01,0.002,0.031,0.026,0.017,0.028,0.007,-0.002,-0.021,-0.008,-0.02,-0.032,599.648,-42.559,51.014,74.037,0.024,-10.874,29.846,63.9,-22.967,0.08,-10.717,62.293,32.464,-38.334,-0.008,-20.483,-13.791,-16.535,15.987,-0.057,-24.553,1.18,-20.694,-1.223,0,-42.33,37.149,28.516,-27.086,-0.01,-39.342,-2.583,4.655,2.641,0.002,-19.09,1.677,11.453,-1.648,0.031,-24.941,-9.441,8.448,10.46,0.026,-38.772,-5.704,-4.945,6.077,0.017,-20.87,24.281,28.644,-19.524,0.028,36.012,-13.133,-42.28,15.15,0.007,-16.06,-5.722,7.114,6.077,-0.002,-27.086,-3.261,-0.227,3.369,-0.021,-28.098,-18.194,-62.756,22.214,-0.008,-13.135,-19.075,21.334,23.562,-0.02,-40.054,9.802,-27.945,-8.946
493,8772,45593673_1450,6/15/2023 13:47,23.8,2,,TRUE,,GD,No Defect,Not Done,Pass,Green,110_LVL (new),Not Done,Pass,Blue,Pass,green,none,,6,2018,TRUE,Pass,0,0,0.67,0.383,0.428,0.263,0.01,0.031,-0.058,-0.047,0.019,0.023,-0.072,-0.015,-0.048,0.098,0.001,-0.058,0.112,0.67,184.341,-29.176,12.595,42.142,0.383,1344.296,-38.206,25.025,62.447,0.428,619.968,58.646,66.452,-36.697,0.263,3367.638,319.949,-131.894,-76.125,0.01,2120.567,80.676,-127.767,-44.647,0.031,1590.311,-13.553,-203.69,15.714,-0.058,113.351,-13.231,-86.083,15.182,-0.047,1260.817,-18.046,-225.512,21.962,0.019,701.064,40.432,-211.319,-28.777,0.023,40.115,-24.06,-134.74,31.713,-0.072,1114.096,26.167,4.345,-20.797,-0.015,577.27,0.816,-40.198,-0.825,-0.048,669.866,-14.434,-179.208,16.813,0.098,3253.642,-44.853,-602.242,81.511,0.001,88.575,-22.499,-76.114,29.033,-0.058,128.405,213.576,23.3,-68.128,0.112,76.789,-6.282,-36.246,6.823
494,8773,45699715_1450,8/5/2023 13:30,26.7,2,,TRUE,,GD,No Defect,Pass,Pass,Green,400_LA (new),Not Done,Pass,Blue,Pass,green,none,,6,2018,TRUE,Pass,0,0,1.191,-0.174,-0.048,-0.021,0.024,0.019,-0.128,-0.079,0.015,0.049,-0.031,-0.032,-0.037,-0.017,-0.053,-0.1,-0.028,1.191,32.416,-42.746,56.539,76.741,-0.174,372.961,67.164,60.475,-40.283,-0.048,267.553,47.29,40.306,-32.139,-0.021,571.265,-12.06,-10.715,13.69,0.024,580.348,23.292,-33.958,-18.872,0.019,417.491,41.952,30.915,-29.54,-0.128,-55.475,90.853,33.895,-47.671,-0.079,573.024,-11.899,-23.423,13.417,0.015,498.563,-0.805,23.059,0.826,0.049,520.052,-0.449,-6.964,0.501,-0.031,394.568,9.181,-3.539,-8.437,-0.032,544.277,-13.617,-56.352,15.727,-0.037,495.021,1.547,-7.404,-1.56,-0.017,582.575,-1.018,-4.821,1.012,-0.053,483.483,3.292,-0.503,-3.238,-0.1,239.465,-39.67,-21.311,65.589,-0.028,-43.2,21.511,26.402,-17.726
495,8778,45754173_1450,9/1/2023 16:55,28,2,,TRUE,,GD,No Defect,Pass,Pass,(None),400_LA (new),Not Done,Pass,Blue,Pass,green,none,,6,2018,TRUE,Pass,0,0,-1.443,-0.289,0.338,0.04,0.111,-0.002,-0.039,-0.013,0.074,0.051,-0.011,-0.034,0.02,0.029,-0.031,-0.088,0.006,-1.443,319.964,28.041,-46.949,-23.027,-0.289,297.907,-8.037,-25.091,8.426,0.338,282.908,179.012,-195.967,-64.038,0.04,439.352,3.112,-26.097,-2.979,0.111,528.534,-11.602,-45.094,13.251,-0.002,430.908,4.761,31.083,-4.546,-0.039,205.913,-0.306,8.798,0.268,-0.013,515.804,38.745,8.679,-27.935,0.074,525.948,4.172,12.641,-3.934,0.051,488.626,23.456,33.157,-18.958,-0.011,461.907,-18.889,-51.693,23.275,-0.034,491.184,-14.892,-75.053,17.458,0.02,514.972,-12.016,-12.719,13.68,0.029,626.121,18.6,-0.368,-15.659,-0.031,491.748,0.295,-6.042,-0.324,-0.088,224.036,-0.13,-21.653,0.042,0.006,-40.552,-30.956,2.021,44.844
496,8796,46054137_1450,2/9/2024 11:50,22.8,2,,TRUE,,GD,No Defect,Not Done,Pass,(None),110_LVL (new),Not Done,Pass,(None),Pass,(None),none,0,7,2018,TRUE,Pass,0,0,0.952,0.584,0.518,-0.107,-0.034,-0.042,0.009,-0.004,-0.029,-0.014,-0.026,-0.024,0,-0.049,-0.023,-0.029,-0.006,0.952,-26.075,76.482,64.376,-42.797,0.584,58.409,38.624,55.403,-27.441,0.518,49.414,38.191,-182.338,-27.262,-0.107,-35.481,1.483,-14.798,-1.566,-0.034,-53.299,4.856,12.838,-4.664,-0.042,-43.886,15.571,20.395,-13.51,0.009,-30.438,43.526,29.529,-30.32,-0.004,-19.651,-24.626,-59.237,32.667,-0.029,-35.744,-6.019,4.908,6.374,-0.014,-15.626,-18.063,-2.456,22.028,-0.026,-41.874,4.029,-0.434,-3.898,-0.024,-34.31,-34.247,-6.675,52.048,0,-14.307,2.258,-10.798,-2.208,-0.049,-11.945,-23.559,-69.823,30.757,-0.023,-34.912,-2.715,-4.735,2.768,-0.029,-49.788,-45.37,9.908,82.995,-0.006,-13.735,-34.462,-62.368,52.574
497,8947,45677741_1450,7/26/2023 10:14,24.5,2,,TRUE,,GD,No Defect,Fail,Pass,Red,2000,Not Done,Pass,(None),Pass,green,none,,2,0,TRUE,Pass,0,0,1.684,0.125,0.15,0.07,0.144,0.178,0.152,0.166,0.174,0.14,0.152,0.156,0.137,0.125,0.137,0.166,0.112,1.684,421.571,-7.166,80.793,9.534,0.125,261.546,46.48,40.561,-31.646,0.15,311.617,-18.49,8.101,22.869,0.07,379.512,15.932,-16.582,-13.682,0.144,313.333,84.624,2.448,-45.758,0.178,279.853,58.373,31.623,-36.746,0.152,454.72,-22.447,-81.171,29.14,0.166,383.215,14.625,-51.632,-12.614,0.174,355.228,-12.321,-46.338,14.251,0.14,277.133,9.024,15.247,-8.148,0.152,319.655,31.252,-9.757,-23.695,0.156,393.324,0.455,-20.345,-0.297,0.137,376.232,9.721,-19.607,-8.735,0.125,345.147,-7.371,-7.872,8.092,0.137,386.888,-5.769,-23.76,6.268,0.166,-23.057,-29.071,-47.132,41.221,0.112,-45.437,-20.805,-33.474,26.412
498,8949,45704312_1450,8/14/2023 15:59,24.7,2,,TRUE,,GD,No Defect,Not Done,Pass,Green,110_LVL (new),Not Done,Pass,Blue,3,green,none,,8,2018,TRUE,Fail,0,0,2.442,inf,-0.712,-0.147,-0.094,-0.564,-0.049,-0.011,-0.076,-0.072,-0.057,-0.087,-0.037,-0.096,-0.075,-0.049,-0.052,2.442,410.217,11.175,18.583,-7.855,inf,inf,inf,#NAME?,inf,-0.712,190.237,84.312,11.074,-46.131,-0.147,107.453,-0.842,38.701,0.701,-0.094,96.639,-18.138,-31.931,22.041,-0.564,1288.508,291.879,-38.273,-74.626,-0.049,175.321,9.229,-12.031,-8.495,-0.011,154.498,14.18,13.492,-12.428,-0.076,148.849,16.524,27.719,-14.246,-0.072,162.979,-4.515,-14.557,4.654,-0.057,142.724,10.565,40.325,-9.607,-0.087,-40.932,0.556,47.33,-0.639,-0.037,140.523,9.991,13.526,-9.117,-0.096,90.478,19.895,19.251,-16.673,-0.075,83.321,5.444,11.56,-5.235,-0.049,133.478,-18.966,44.695,23.345,-0.052,126.142,23.837,21.988,-19.291
499,8965,45895059_1450,11/13/2023 17:21,22.9,2,,TRUE,,GD,No Defect,Pass,Pass,(None),400_LA (new),Not Done,Pass,(None),Pass,green,none,0,8,2018,TRUE,Pass,0,0,-1.137,0.027,-0.202,-0.024,0.05,-0.074,-0.037,-0.076,-0.014,0,-0.026,0.015,-0.046,-0.007,-0.034,-0.094,-0.018,-1.137,-62.732,-69.017,-251.595,219.083,0.027,-42.851,22.975,17.355,-18.661,-0.202,-45.944,-25.988,-34.558,34.841,-0.024,450.325,-35.821,-32.032,55.775,0.05,515.254,-7.592,-21.709,8.27,-0.074,300.884,17.502,20.101,-14.958,-0.037,150.388,-11.572,12.294,13.045,-0.076,580.461,-10.383,-34.177,11.502,-0.014,453.26,-2.256,17.467,2.293,0,379.249,2.157,14.454,-2.112,-0.026,252.391,64.164,53.959,-39.101,0.015,438.481,2.1,-35.075,-2.042,-0.046,467.129,3.209,-15.173,-3.154,-0.007,553.774,9.592,4.737,-8.759,-0.034,528.489,-7.046,-24.231,7.543,-0.094,302.759,50.487,13.538,-33.612,-0.018,-38.869,-9.242,-23.392,10.164
500,8970,46039366_1450,1/30/2024 16:13,27.7,2,,TRUE,,GD,No Defect,Pass,Pass,(None),300_FW,Not Done,Pass,(None),Pass,(None),none,0,8,2018,TRUE,Fail,0,0,-1.706,-1.3,-0.199,-2.304,-2.105,-0.079,-0.077,-2.081,-0.105,-0.598,-0.25,0.511,-1.072,-0.746,0.083,-0.391,-0.673,-1.706,-83.661,-38.112,-172.272,58.827,-1.3,12.163,-26.123,8.079,33.601,-0.199,4.694,-6.523,-11.459,6.766,-2.304,48.656,-20.273,-126.981,22.538,-2.105,88.522,-7.111,-104.504,5.389,-0.079,-4.544,1.654,9.147,-1.705,-0.077,-40.23,-52.954,64.632,112.395,-2.081,72.496,-12.114,13.07,11.416,-0.105,-9.276,-3.683,-15.773,3.715,-0.598,-2.224,3.268,15.51,-3.743,-0.25,8.413,-19.193,-1.539,23.443,0.511,20.831,2.767,-21.605,-2.195,-1.072,42.878,-12.453,4.666,12.999,-0.746,-5.252,0.72,0.646,-1.455,0.083,28.005,-5.454,-15.069,5.857,-0.391,-8.929,12.105,26.054,-11.147,-0.673,1.781,16.645,16.893,-14.847
501,8974,45560820_1450,5/23/2023 20:14,24.9,2,,TRUE,,GD,No Defect,Pass,Pass,Green,400_LA (new),Not Done,Pass,Blue,Pass,green,none,,8,2018,TRUE,Pass,0,0,-2.001,-0.186,-0.059,-0.323,0.094,-0.105,-0.04,0.025,-0.033,-0.052,-0.055,0.049,0.105,-0.253,-0.087,-0.008,-0.082,-2.001,-76.044,-64.19,-341.012,173.668,-0.186,-65.537,-6.767,20.707,7.058,-0.059,214.435,197.385,-235.782,-66.393,-0.323,86.338,97.532,30.794,-49.538,0.094,265.328,8.816,28.218,-8.015,-0.105,169.722,-25.131,-23.477,33.426,-0.04,146.097,-18.855,-21.399,23.187,0.025,272.61,-17.835,-15.368,21.736,-0.033,211.889,-1.786,-6.295,1.784,-0.052,170.406,-1.534,1.968,1.505,-0.055,150.316,-0.059,49.21,0.004,0.049,134.239,55.31,-197.495,-35.581,0.105,655.678,8.094,18.507,-7.391,-0.253,62.301,-12.463,-40.872,13.948,-0.087,157.095,-2.806,-13.267,2.798,-0.008,57.082,21.52,-8.629,-17.716,-0.082,135.135,60.715,29.704,-37.829
502,9015,45633942_1450,7/4/2023 10:19,25.3,2,,TRUE,,GD,No Defect,Not Done,Pass,Green,300_FW,Not Done,Pass,Grey,Pass,green,none,,0,0,TRUE,Pass,0,0,-1.3,-0.296,-0.416,-0.047,0.034,0.04,0.006,0.014,-0.117,-0.009,0.01,0.027,-0.02,-0.081,-0.006,0.033,-0.132,-1.3,29.656,-0.456,81.673,-0.848,-0.296,67.205,-6.387,41.213,6.507,-0.416,128.272,-16.149,-48.165,18.763,-0.047,117.563,39.948,-18.494,-28.579,0.034,67.434,157.804,-37.849,-61.198,0.04,92.89,86.479,13.377,-46.353,0.006,79.211,-55.341,70.703,123.932,0.014,33.804,1.111,1.094,-1.084,-0.117,57.921,34.936,39.939,-25.978,-0.009,44.617,19.021,-10.581,-15.989,0.01,123.83,5.513,-17.514,-5.216,0.027,97.03,5.643,1.091,-5.316,-0.02,98.638,7.884,-9.168,-7.326,-0.081,68.903,9.945,12.962,-9.119,-0.006,69.373,2.165,-2.959,-2.125,0.033,152.754,16.385,8.936,-14.05,-0.132,-82.454,-45.646,-95.198,83.737
503,9018,45574837_1450,6/1/2023 11:52,25.3,2,,TRUE,,GD,No Defect,Pass,Pass,Green,300_FW,Not Done,Pass,Blue,Pass,green,none,,8,2018,TRUE,Fail,0,0,-1.091,-0.528,0.751,0.282,0.064,0.075,0.848,-0.015,-0.019,-0.018,0.128,0.214,-0.041,0.022,0.006,0.074,-0.009,-1.091,279.422,11.992,10.658,-11.682,-0.528,489.159,22.22,65.744,-18.612,0.751,113.943,125.391,94.564,-55.299,0.282,1947.227,85.688,-93.218,-45.994,0.064,1322.379,38.985,-85.985,-28.003,0.075,862.553,93.982,-96.492,-48.41,0.848,1380.042,134.817,-309.867,-57.052,-0.015,288.118,42.264,-77.282,-29.719,-0.019,321.314,-41.29,-152.241,70.297,-0.018,-37.325,-25.179,-124.117,33.628,0.128,838.73,1.915,-524.696,-1.754,0.214,1898.088,165.28,48.408,-62.223,-0.041,351.18,9.532,-64.942,-8.74,0.022,1366.748,-27.753,-217.713,38.444,0.006,-11.704,0.152,-7.401,-0.145,0.074,56.101,88.321,-42.831,-46.86,-0.009,-29.6,13.249,0.513,-11.707
504,9044,46040346_1450,1/31/2024 19:45,24.1,2,,TRUE,,GD,No Defect,Pass,Pass,(None),400_LA (new),Not Done,Pass,(None),Pass,(None),none,0,9,2018,TRUE,Pass,0,0,-1.127,0.226,-0.111,-0.101,-0.06,-0.032,-0.016,-0.154,0.019,-0.023,-0.061,-0.024,-0.042,-0.003,0.058,-0.075,-0.063,-1.127,-15.231,-35.438,23.71,53.144,0.226,125.436,-8.132,31.272,9.098,-0.111,15.02,-7.521,42.34,8.013,-0.101,-25.095,-21.147,-90.505,26.691,-0.06,-22.812,-11.634,-65.209,13.099,-0.032,52.028,-4.084,10.686,4.225,-0.016,-4.348,-0.518,-139.912,0.504,-0.154,-27.071,-69.273,5.994,224.946,0.019,27.165,54.114,27.078,-35.101,-0.023,128.878,35.516,34.313,-26.225,-0.061,-9.131,14.443,45.633,-12.674,-0.024,-28.603,-0.362,-1.247,0.34,-0.042,31.636,2.486,5.916,-2.466,-0.003,42.404,15.042,30.74,-13.078,0.058,143.826,90.972,27.54,-47.606,-0.075,-70.221,22.022,38.281,-18.109,-0.063,-4.851,-0.66,9.818,0.601
505,9065,45459487_1450,4/1/2023 11:31,21.1,2,,TRUE,,GD,No Defect,Pass,Pass,Green,400_LA (new),Not Done,Pass,Blue,Pass,green,none,,9,2018,TRUE,Pass,0,0,inf,-0.127,-0.131,-0.048,-0.085,-0.032,-0.029,-0.045,0,-0.023,-0.03,-0.023,-0.049,-0.022,-0.038,-0.038,-0.048,inf,inf,inf,#NAME?,inf,-0.127,-41.916,4.676,-2.357,-4.588,-0.131,248.602,8.523,-17.519,-7.975,-0.048,325.564,-19.39,5.509,23.995,-0.085,475.236,-30.608,-88.524,43.987,-0.032,324.539,7.052,-72.269,-6.618,-0.029,163.423,-18.405,-25.826,22.52,-0.045,443.681,105.97,-14.723,-51.471,0,525.457,-13.159,13.29,15.153,-0.023,362.979,10.513,15.191,-9.534,-0.03,309.345,38.883,31.387,-28.018,-0.023,318.217,2.82,9.114,-2.765,-0.049,397.963,5.791,-9.23,-5.52,-0.022,466.287,4.124,1.091,-3.982,-0.038,418.518,-4.886,-17.077,5.097,-0.038,458.862,66.827,-8.825,-40.081,-0.048,-35.936,28.267,21.556,-22.075
506,9066,45481233_1450,4/12/2023 18:13,25.2,2,,TRUE,,GD,No Defect,Pass,Pass,Green,300_FW,Not Done,Pass,Blue,Pass,green,none,,9,2018,TRUE,Pass,0,0,0.657,0.363,0.604,0.248,0.105,0.126,0.058,0.015,0.081,0.028,0.026,0.085,0.044,0.114,0.066,0.085,0.056,0.657,818.029,4.074,76.351,-3.284,0.363,827.255,82.267,71.781,-44.936,0.604,499.361,43.115,57.862,-29.704,0.248,2343.498,63.576,-120.686,-38.715,0.105,1172.103,-1.194,-190.24,1.315,0.126,850.723,-30.745,-205.532,44.575,0.058,1051.576,-36.344,-144.382,57.185,0.015,430.553,-16.536,-110.494,19.83,0.081,404.453,-9.406,-48.815,10.472,0.028,492.868,-28.271,-205.206,39.453,0.026,613.293,-74.149,59.012,286.928,0.085,6721.546,30.42,-178.732,-23.259,0.044,435.404,-41.729,-132.071,71.688,0.114,2003.475,-27.015,-368.99,37.17,0.066,47.085,6.717,-17.05,-6.232,0.085,231.751,215.191,18.317,-68.246,0.056,-8.711,-2.697,-29.845,2.829
507,9076,45564314_1450,6/1/2023 10:44,23.3,2,,TRUE,,GD,No Defect,Not Done,Pass,Green,110_LVL (new),Not Done,Pass,Blue,Pass,green,none,,9,2018,TRUE,Pass,0,0,-0.969,-0.119,-0.299,0.052,-0.107,-0.021,-0.002,-0.017,0.026,0.052,-0.022,-0.013,-0.015,-0.037,-0.035,-0.052,0.004,-0.969,21.861,56.498,57.217,-36.72,-0.119,-51.37,-28.292,-50.424,39.288,-0.299,-45.208,11.51,-3.975,-10.59,0.052,325.582,25.139,-17.025,-20.047,-0.107,461.837,-24.031,0.911,31.491,-0.021,367.067,11.949,-7.488,-10.693,-0.002,257.712,-8.375,-23.729,9.138,-0.017,443.09,-4.188,29.382,4.353,0.026,390.387,14.998,5.041,-13.02,0.052,388.784,15.575,-5.297,-13.431,-0.022,342.619,21.43,-27.523,-17.666,-0.013,-16.838,16.151,54.095,-13.917,-0.015,382.597,17.417,7.213,-14.846,-0.037,270.729,3.396,6.246,-3.32,-0.035,190.066,86.468,40.275,-46.39,-0.052,-29.283,12.648,20.327,-11.274,0.004,-24.85,-18.848,-44.455,23.23
508,9083,45706689_1450,8/14/2023 10:41,23.9,2,,TRUE,,GD,No Defect,Not Done,Pass,Green,110_LVL (new),Not Done,Pass,Blue,Pass,green,none,,9,2018,TRUE,Pass,0,0,-0.244,-0.056,0.393,0.271,0.02,0.032,0.006,-0.087,0.029,-0.021,-0.015,-0.011,-0.047,0.042,-0.001,-0.001,0.033,-0.244,133.257,-59.84,15.243,148.397,-0.056,437.915,-48.827,69.929,95.306,0.393,548.816,21.138,67.009,-17.125,0.271,2171.415,211.515,-71.076,-67.812,0.02,1732.312,82.75,-70.263,-45.269,0.032,1153.043,47.788,-78.743,-32.313,0.006,1013.732,1.823,-100.021,-1.784,-0.087,706.124,25.174,-28.623,-20.181,0.029,512.319,-25.836,-28.34,34.876,-0.021,-7.344,-1.732,-16.751,1.741,-0.015,928.732,7.14,-7.477,-6.679,-0.011,4955.271,25.568,-59.508,-20.371,-0.047,405.091,8.494,-26.814,-7.873,0.042,1564.198,-31.781,-167.104,46.647,-0.001,-13.05,13.656,1.482,-12.016,-0.001,-11.576,-20.138,35.732,25.215,0.033,3.233,43.757,42.216,-30.415
509,9085,45197104_1450,11/11/2022 18:04,23.8,2,,TRUE,,GD,No Defect,Not Done,Pass,Green,100_LVL (old),Not Done,Pass,Blue,Pass,green,none,,9,2018,TRUE,Pass,0,0,0.187,0.075,-0.114,0.213,0.07,0.032,0.017,0.129,0.01,-0.018,0.09,0.078,-0.079,0.047,0.002,-0.022,-0.07,0.187,-42.932,88.593,44.454,-46.876,0.075,-22.053,-4.001,-9.728,4.245,-0.114,-13.374,-5.511,-19.542,5.712,0.213,-33.743,-15.786,8.473,18.998,0.07,-44.41,-37.736,-75.886,60.718,0.032,-0.973,-38.04,-79.319,61.445,0.017,-16.236,-12.365,-24.678,14.128,0.129,-38.785,-2.54,33.2,2.738,0.01,-31.552,4.974,16.197,-4.73,-0.018,-41.414,12.054,23.61,-10.774,0.09,-10.545,-13.911,-57.253,16.264,0.078,-5.237,10.019,-3.971,-9.036,-0.079,-48.793,-23.091,-54.78,29.922,0.047,-41.063,46.981,57.743,-31.932,0.002,-49.448,27.793,23.472,-21.747,-0.022,-86.165,-9.136,55.693,10.03,-0.07,-51.767,51.128,51.32,-33.878
510,9088,45672416_1450,7/21/2023 20:11,29.4,2,,TRUE,,GD,No Defect,Pass,Pass,Green,400_LA (new),Not Done,Pass,Blue,Pass,green,none,,9,2018,TRUE,Pass,0,0,-0.653,-0.341,-0.191,-0.085,-0.025,-0.05,0.252,-100,0.053,0.021,-0.022,-0.103,-0.006,0,-0.005,-0.15,-0.025,-0.653,-23.488,-9.541,-115.884,9.825,-0.341,-38.011,-46.021,-125.68,84.628,-0.191,-42.244,-9.781,-41.873,10.629,-0.085,424.314,9.656,-33.98,-8.883,-0.025,430.347,-10.985,-95.154,12.313,-0.05,369.497,1.858,-24.713,-1.873,0.252,588.459,42.369,-145.019,-29.583,-100,-100,-100,100,-100,0.053,521.452,48.534,-108.021,-32.64,0.021,469.386,-5.999,-10.74,6.404,-0.022,460.538,-12.876,-45.125,14.754,-0.103,482.818,-19.555,-95.088,24.179,-0.006,500.743,-5.579,-54.871,5.903,0,518.439,-5.008,-7.546,5.272,-0.005,566.667,-5.999,-31.035,6.376,-0.15,276.917,-0.199,-38.115,0.049,-0.025,-35.954,-18.488,-71.604,22.65
511,9135,45751669_1450,8/30/2023 18:47,32.4,2,,TRUE,,B2,Non-Critical Defect,Not Done,Not Done,(None),400_LA (new),Not Done,Pass,Blue,Fail,Pink,_ImpactDamage,,9,2018,TRUE,Fail,0,0,1.337,0.679,0.177,-0.099,-0.523,-0.01,-0.028,-0.106,-0.263,0.061,0.025,-0.033,-0.144,0.017,-0.028,-0.121,-0.157,1.337,-39.669,-49.57,-23.706,100.946,0.679,-61.232,-27.754,-42.371,39.356,0.177,-66.642,25.563,-335.089,-20.218,-0.099,6.7,14.092,-98.426,-12.438,-0.523,137.977,282.076,-336.721,-73.964,-0.01,-11.269,-0.444,-0.253,0.436,-0.028,-0.827,4.646,10.792,-4.467,-0.106,-27.875,-11.076,16.397,12.336,-0.263,-29.517,-46.015,48.584,84.75,0.061,5.038,5.785,14.635,-5.411,0.025,-11.758,-7.712,-12.255,8.384,-0.033,-12.516,-4.839,-5.054,5.05,-0.144,-9.144,23.94,15.603,-19.432,0.017,32.34,14.193,27.701,-12.414,-0.028,55.66,-11.675,-33.122,13.186,-0.121,-73.052,3.356,-4.398,-3.364,-0.157,-13.998,39.65,13.822,-28.505
512,9279P,45577249_1450,6/2/2023 13:50,23.7,2,,TRUE,,GD,No Defect,Pass,Pass,Green,400_LA (new),Not Done,Pass,Blue,Pass,green,none,,5,2013,TRUE,Fail,0,0,-3.422,-0.622,0.099,-0.099,-0.029,-0.16,-0.039,-0.047,-0.093,-0.175,-0.067,-0.046,-0.093,-0.135,-0.088,-0.075,-0.131,-3.422,636.52,11.39,-28.722,-13.298,-0.622,-10.885,1.325,-46.486,-1.921,0.099,-38.229,173.893,38.55,-63.453,-0.099,238.585,5.521,-103.301,-5.326,-0.029,105.824,22.447,50.058,-18.356,-0.16,157.152,-20.193,-36.176,25.103,-0.039,214.194,-22.921,-44.365,29.685,-0.047,115.904,18.489,17.887,-15.644,-0.093,196.656,-14.887,-2.288,17.382,-0.175,172.326,-9.367,-6.581,10.142,-0.067,215.187,-6.289,-51.633,6.639,-0.046,188.194,9.014,-74.175,-8.31,-0.093,177.919,14.485,3.939,-12.733,-0.135,188.339,22.366,34.257,-18.389,-0.088,198.848,-1.884,-3.247,1.831,-0.075,97.007,62.134,33.275,-38.369,-0.131,184.066,0.487,-30.491,-0.615
513,9287P,45636442_1450,7/4/2023 12:20,24.7,2,,TRUE,,UN,(None),Not Done,Not Done,(None),300_FW,Not Done,Pass,Grey,Not Done,neon,,,0,0,FALSE,Pass,0,0,0.925,0.51,0.487,0.107,-0.044,0.055,0.03,-0.022,0.024,-0.023,0.075,-0.018,-0.061,0.042,0.013,0.095,-0.016,0.925,369.547,139.858,93.834,-57.923,0.51,773.49,89.278,67.775,-46.898,0.487,469.099,34.921,59.351,-25.522,0.107,1450.056,81.187,-27.227,-44.749,-0.044,625.899,-7.383,-5.111,7.924,0.055,788.581,-33.719,-159.884,50.955,0.03,892.587,44.692,-55.848,-30.867,-0.022,325.569,-9.799,-58.083,10.84,0.024,296.16,-23.207,-28.474,30.251,-0.023,-45.861,2.489,-43.123,-2.451,0.075,707.543,-14.004,-126.749,16.371,-0.018,3149.714,45.377,-21.591,-31.225,-0.061,167.586,29.02,-11.919,-22.54,0.042,47.656,-38.667,-173.028,63.114,0.013,-37.91,77.164,3.576,-43.548,0.095,78.155,83.747,-28.215,-45.526,-0.016,-44.357,44.066,20.218,-30.599
514,9308P,45725063_1450,8/23/2023 16:24,24.7,2,,TRUE,,GD,No Defect,Not Done,Pass,(None),300_FW,Not Done,Pass,Purple,Pass,green,none,,3,2018,TRUE,Pass,0,0,-0.025,-0.071,-0.337,-0.032,-0.016,-0.031,-0.02,-0.011,-0.029,-0.052,-0.007,-0.028,-0.046,-0.079,-0.06,0.018,-0.027,-0.025,222.28,8.267,4.825,-7.659,-0.071,229.99,2.311,-21.165,-2.329,-0.337,198.636,17.902,39.761,-15.47,-0.032,354.177,-24.793,-57.115,32.924,-0.016,433.502,3.999,-47.929,-3.861,-0.031,304.203,20.296,20.112,-16.897,-0.02,97.565,32.305,53.819,-24.432,-0.011,528.017,-16.443,-57.662,19.666,-0.029,381.4,-2.255,-6.279,2.278,-0.052,401.651,-5.665,-34.865,5.95,-0.007,325.253,-7.736,0.378,8.378,-0.028,263.527,-26.718,-58.465,36.421,-0.046,391.794,9.494,-12.835,-8.713,-0.079,276.434,5.615,6.292,-5.391,-0.06,223.262,10.056,18.687,-9.192,0.018,-79.201,-54.501,-7.968,119.824,-0.027,-43.514,65.266,40.181,-39.508
515,9627P,45647127_1450,7/12/2023 11:55,27.8,2,,TRUE,,GD,No Defect,Pass,Pass,Green,400_LA (new),Not Done,Pass,Blue,Pass,green,none,,7,2018,TRUE,Fail,0,0,inf,-0.324,inf,-0.03,0.003,-0.01,0.369,-0.061,0,-0.027,-0.042,0.04,-0.047,-0.03,-0.001,-0.023,-0.058,inf,inf,inf,#NAME?,inf,-0.324,121.796,130.446,36.356,-56.746,inf,inf,inf,#NAME?,inf,-0.03,207.767,60.155,15.445,-37.58,0.003,106.343,-35.458,-0.835,54.941,-0.01,206.157,-24.876,-20.179,33.1,0.369,301.085,-12.802,-64.42,15.104,-0.061,139.845,-16.74,-1.868,20.033,0,211.387,-4.883,8.264,5.134,-0.027,184.285,5.883,1.918,-5.582,-0.042,240.023,-25.984,6.78,35.05,0.04,175.848,46.443,-289.868,-31.687,-0.047,171.524,5.043,8.244,-4.846,-0.03,184.414,-4.905,-4.258,5.126,-0.001,192.648,-1.275,-5.681,1.29,-0.023,78.619,12.816,20.82,-11.381,-0.058,107.393,-28.316,28.104,39.421
516,9628P,45754946_1450,8/31/2023 16:07,24.1,2,,TRUE,,GD,No Defect,Pass,Pass,(None),300_FW,Not Done,Pass,Blue,Pass,green,none,,7,2018,TRUE,Pass,0,0,-0.126,-0.024,-0.035,-0.029,-0.067,-0.017,-0.018,-0.011,-0.009,0,-0.028,-0.034,-0.029,-0.06,-0.043,-0.036,-0.056,-0.126,8.666,85.996,-149.859,-46.303,-0.024,1.414,14.07,-21.108,-12.356,-0.035,6.882,-1.362,-3.664,1.345,-0.029,6.611,38.429,-17.351,-27.781,-0.067,24.598,-2.417,-28.645,2.409,-0.017,7.802,-2.275,6.084,2.311,-0.018,3.1,-1.314,1.429,1.313,-0.011,14.048,-4.694,-18.436,4.914,-0.009,18.336,-2.5,-0.157,2.554,0,5.413,13.539,10.199,-11.925,-0.028,2.282,16.126,19.842,-13.911,-0.034,43.285,-20.715,-43.139,26.085,-0.029,18.625,-7.058,-5.713,7.563,-0.06,6.453,10.02,19.623,-9.162,-0.043,19.719,-0.507,-0.719,0.466,-0.036,30.629,5.666,-10.314,-5.396,-0.056,3.835,15.198,24.045,-13.242
517,9889P,45593735_1450,6/15/2023 13:13,24.5,2,,TRUE,,GD,No Defect,Not Done,Pass,Green,110_LVL (new),Not Done,Pass,Blue,Pass,green,none,,9,2013,TRUE,Fail,0,0,-2.239,-0.254,-0.022,-0.024,-100,0.04,0.432,-100,-100,-100,-100,-100,-100,-100,nan,-100,-100,-2.239,68.198,-70.966,18.634,236.711,-0.254,-30.256,-3.114,-15.905,2.952,-0.022,174.595,52.165,43.71,-34.297,-0.024,11.164,-1.549,36.34,1.549,-100,-100,-100,100,-100,0.04,-3.829,-3.785,36.599,3.976,0.432,-41.045,-46.263,-54.363,86.897,-100,-100,-100,100,-100,-100,-100,-100,100,-100,-100,-100,-100,100,-100,-100,-100,-100,100,-100,-100,-100,-100,100,-100,-100,-100,-100,100,-100,-100,-100,-100,100,-100,nan,nan,nan,nan,nan,-100,-100,-100,100,-100,-100,-100,-100,100,-100
518,B0012,45643662_1450,7/8/2023 16:46,26.8,2,,TRUE,,GD,No Defect,Not Done,Pass,Green,300_FW,Not Done,Pass,Grey,Pass,green,none,,0,0,TRUE,Pass,0,0,-0.83,-0.339,0.671,-0.227,-0.014,0.011,-0.001,-0.068,-0.014,-0.078,-0.017,-0.004,-0.065,-0.14,-0.069,-0.015,-0.178,-0.83,191.177,293.451,72.887,-74.795,-0.339,122.699,15.602,3.773,-13.789,0.671,152.67,170.748,-99.989,-62.818,-0.227,87.882,-3.414,15.776,3.3,-0.014,29.805,-21.184,-26.632,26.861,0.011,107.955,-32.587,-75.805,48.355,-0.001,196.757,-24.973,-55.481,33.284,-0.068,32.801,30.44,-12.576,-23.389,-0.014,33.047,1.492,9.981,-1.484,-0.078,15.67,0.127,-5.392,-0.204,-0.017,55.92,-3.841,7.02,3.977,-0.004,143.869,47.779,-218.292,-32.334,-0.065,41.146,-4.868,-21.502,5.049,-0.14,5.03,7.067,18.832,-6.731,-0.069,30.788,5.572,8.97,-5.343,-0.015,157.69,211.846,44.046,-67.938,-0.178,11.481,-16.852,-52.588,20.053
519,B0018,45420722_1450,3/9/2023 14:24,25.2,2,,TRUE,,GD,No Defect,Not Done,Pass,Green,300_FW,Not Done,Pass,Blue,Pass,green,none,,11,2018,TRUE,Fail,0,0,0.688,0.438,0.791,0.414,0.255,0.327,0.255,0.171,0.366,0.267,0.299,0.296,0.259,0.298,0.257,0.391,0.269,0.688,21.297,-6.324,55.416,7.486,0.438,910.548,12.217,35.098,-10.497,0.791,581.896,43.238,54.217,-29.634,0.414,2079.751,225.13,-161.325,-69.116,0.255,783.423,50.386,-123.805,-33.335,0.327,878.694,-27.109,-112.245,37.639,0.255,863.383,-27.751,-34.888,38.764,0.171,583.215,-33.411,-129.204,50.433,0.366,433.492,13.526,-140.899,-11.592,0.267,621.972,-19.817,-100.564,25.049,0.299,748.715,-24.133,-85.846,32.203,0.296,343.466,7.253,-26.555,-6.486,0.259,682.338,23.705,-243.841,-18.953,0.298,2631.411,-40.159,-435.587,67.607,0.257,2085.009,-26.842,-330.807,37.041,0.391,251.52,-27.85,-40.871,39.142,0.269,-4.302,5.68,-15.37,-5.12
520,B0019,45677841_1450,7/25/2023 14:20,28.3,2,,TRUE,,GD,No Defect,Pass,Pass,Green,400_LA (new),Not Done,Pass,Blue,Pass,green,none,,11,2018,TRUE,Fail,0,0,-0.196,0.023,-0.251,0.44,0.162,0.276,0.478,0.021,0.13,0.149,0.11,0.062,0.02,0.195,0.086,0.043,0.098,-0.196,-68.759,11.526,-12.549,-10.511,0.023,-46.917,-39.927,54.386,66.502,-0.251,24.758,-32.159,33.826,47.033,0.44,1673.616,53.389,-38.387,-34.519,0.162,1474.295,41.673,38.516,-29.301,0.276,1234.487,48.999,32.535,-32.7,0.478,1746.881,17.728,-365.069,-14.652,0.021,526.208,-8.823,-20.517,9.7,0.13,625.543,-1.761,-12.447,1.925,0.149,777.801,1.845,-27.775,-1.665,0.11,472.141,9.836,-17.831,-8.855,0.062,461.479,-9.425,-8.43,10.474,0.02,268.164,43.356,27.698,-30.23,0.195,1120.365,-4.907,-23.713,5.365,0.086,694.948,7.689,17.435,-7.06,0.043,504.233,63.551,-5.83,-38.831,0.098,-20.235,27.675,31.871,-21.6
521,b0021,45811434_1450,10/2/2023 13:58,23.1,2,,TRUE,,GD,No Defect,Pass,Pass,(None),400_LA (new),Not Done,Pass,(None),Pass,green,none,0,5,2019,TRUE,Fail,0,0,0.293,-0.432,0.176,0.315,0.284,0.431,0.47,0.327,0.478,0.404,0.3,0.347,0.313,0.519,0.388,0.308,0.377,0.293,-64.751,5.746,55.389,-5.156,-0.432,180.406,-58.875,-96.884,142.109,0.176,100.732,16.594,67.609,-14.082,0.315,294.274,13.073,39.87,-11.283,0.284,82.582,71.625,52.115,-41.568,0.431,251.315,17.526,28.823,-14.546,0.47,279.716,-5.335,-37.494,6.133,0.327,171.057,3.868,-5.004,-3.41,0.478,259.079,-0.594,-7.536,1.079,0.404,229.958,-2.428,-16.5,2.902,0.3,206.226,46.008,29.035,-31.305,0.347,325.81,-19.475,-266.224,24.616,0.313,102.882,-5.521,-27.597,6.174,0.519,307.488,14.816,29.589,-12.453,0.388,310.981,-6.478,-25.493,7.341,0.308,188.679,126.689,-1.32,-55.751,0.377,-60.086,-26.743,-13.239,37.021
522,B0024,45510077_1450,4/27/2023 15:57,25.9,2,,TRUE,,GD,No Defect,Not Done,Pass,Green,300_FW,Not Done,Pass,Grey,Pass,green,none,,0,0,TRUE,Pass,0,0,0.253,0.258,0.677,-0.348,-0.07,0.065,-0.06,0.065,-0.002,-0.038,0.024,-0.006,0.063,-0.01,0.037,0.078,-0.038,0.253,116.868,55.939,-7.073,-35.71,0.258,171.803,130.508,-9.833,-56.506,0.677,491.888,196.884,-123.942,-66.089,-0.348,22.378,-72.516,68.729,262.587,-0.07,18.955,4.167,30.697,-4.068,0.065,91.571,4.106,16.685,-3.881,-0.06,406.912,25.415,-104.62,-20.312,0.065,24.343,9.444,1.546,-8.57,-0.002,114.116,15.241,-73.848,-13.227,-0.038,34.18,7.145,18.094,-6.704,0.024,106.529,-10.996,-18.103,12.382,-0.006,149.663,-11.362,-7.446,12.812,0.063,68.144,-3.469,-12.285,3.659,-0.01,54.585,0.538,-0.457,-0.545,0.037,63.641,-2.076,-9.11,2.158,0.078,156.883,50.597,-23.754,-33.545,-0.038,32.116,-14.53,-88.301,16.955
523,b0025,45944528_1450,12/7/2023 13:50,24.8,2,,TRUE,,GD,No Defect,Pass,Pass,(None),300_FW,Not Done,Pass,(None),Pass,(None),none,0,0,0,TRUE,Pass,0,0,1.113,-0.129,-0.295,-0.417,0.152,0.052,-0.037,0.161,-0.001,0,-0.008,-0.04,0.128,-0.138,-0.007,-0.004,-0.048,1.113,411.56,106.048,-1.441,-50.928,-0.129,170.02,7.57,-183.843,-7.157,-0.295,131.527,-19.135,-27.879,23.299,-0.417,3.06,53.486,-10.736,-35.119,0.152,569.996,-5.268,-5.25,5.722,0.052,157.562,6.501,-20.76,-6.055,-0.037,184.167,3.255,2.762,-3.189,0.161,597.26,20.632,-8.791,-16.969,-0.001,144.609,-8.852,-14.532,9.711,0,117.697,-7.789,-18.594,8.447,-0.008,153.558,5.981,-12.176,-5.651,-0.04,208.488,-2.557,-42.281,2.583,0.128,613.517,5.655,9.408,-5.231,-0.138,-20.866,1.594,4.666,-1.705,-0.007,111.833,25.152,-5.226,-20.103,-0.004,297.624,-29.196,-39.074,41.23,-0.048,-71.891,4.8,-13.554,-4.626
524,B0030,45522011_1450,5/9/2023 9:31,24.3,2,,TRUE,,GD,No Defect,Not Done,Pass,Green,110_LVL (new),Not Done,Pass,Blue,Pass,green,none,,5,2019,TRUE,Pass,0,0,0.638,0.248,0.316,0.085,0.016,0.229,0.111,0.099,0.11,0.14,0.068,-0.011,0.155,0.043,0.074,0.117,0.18,0.638,369.676,55.331,75.438,-35.21,0.248,598.112,1.466,23.117,-1.201,0.316,348.796,64.317,45.747,-38.95,0.085,778.591,79.799,-49.124,-44.335,0.016,698.276,125.279,-12.192,-55.604,0.229,566.592,23.242,-42.864,-18.672,0.111,645.123,1.268,-6.204,-1.142,0.099,678.486,-1.443,-15.74,1.565,0.11,292.227,23.674,24.416,-19.054,0.14,8.798,-21.501,-118.744,27.568,0.068,398.351,-5.421,14.923,5.804,-0.011,340.519,3.534,-29.963,-3.424,0.155,777.41,-4.123,-16.474,4.462,0.043,912.993,-38.872,-313.601,63.661,0.074,32.342,-16.522,-58.256,19.88,0.117,-85.706,-23.65,-54.201,31.128,0.18,1.346,-13.981,4.126,16.462
525,B0041,45816633_1450,10/4/2023 9:54,25.1,2,,TRUE,,GD,No Defect,Pass,Pass,(None),300_FW,Not Done,Pass,(None),Pass,green,none,0,5,2019,TRUE,Pass,0,0,0.472,0.273,0.425,-0.249,0.034,0.074,0.099,0.025,0.048,-0.009,0.026,-0.041,0.041,-0.005,0.038,-0.03,-0.013,0.472,305.024,77.615,69.059,-43.433,0.273,115.921,54.786,36.275,-35.218,0.425,-22.451,-27.821,-119.093,39.132,-0.249,-59.178,-30.948,14.085,44.459,0.034,-78.468,-0.962,7.939,1.006,0.074,-65.861,16.111,12.277,-13.812,0.099,-33.584,2.333,-7.437,-2.183,0.025,-72.017,15.817,24.085,-13.635,0.048,-67.544,0.369,26.616,-0.32,-0.009,-68.04,-9.552,15.85,10.551,0.026,-50.703,5.604,-3.802,-5.282,-0.041,-48.171,9.944,28.324,-9.082,0.041,-50.038,-11.957,-29.826,13.628,-0.005,-47.759,-13.089,-31.959,15.054,0.038,-42.953,-11.812,-39.181,13.438,-0.03,-68.118,-5.998,1.047,6.349,-0.013,-66.111,-10.19,-30.058,11.333
526,B0067,45567834_1450,5/30/2023 14:26,24.2,2,,TRUE,,GD,No Defect,Pass,Pass,Green,400_LA (new),Not Done,Pass,Blue,Pass,green,none,,6,2019,TRUE,Fail,0,0,-1.054,-0.326,0.045,0.05,0.216,0.239,0.345,0.269,0.366,0.229,0.179,0.113,0.514,0.189,0.214,0.244,0.283,-1.054,24.995,133.533,8.344,-57.631,-0.326,116.865,52.116,78.141,-34.475,0.045,186.767,30.884,73.136,-23.562,0.05,210.615,56.644,15.689,-36.129,0.216,514.818,24.957,36.965,-19.799,0.239,260.374,103.837,49.165,-50.824,0.345,124.238,-23.808,-2.83,31.7,0.269,377.579,42.873,4.079,-29.819,0.366,281.373,-5.96,8.961,6.728,0.229,300.585,-7.769,-26.722,8.671,0.179,270.443,3.59,-25.893,-3.293,0.113,234.977,13.594,-430.082,-11.867,0.514,821.338,36.557,-11.076,-26.394,0.189,168.57,-9.81,-21.127,11.087,0.214,287.545,-2.852,-13.236,3.156,0.244,9.42,-51.127,-17.189,105.111,0.283,253.21,17.633,45.053,-14.75
527,B0068,45707768_1450,8/15/2023 13:58,23.9,2,,TRUE,,GD,No Defect,Not Done,Pass,(None),110_LVL (new),Not Done,Pass,Blue,Pass,green,none,,6,2019,TRUE,Fail,0,0,0.415,0.101,0.197,0.182,-0.048,0.012,0.022,-0.011,0.028,-0.043,-0.009,-0.064,-0.076,0.007,-0.026,-1.656,-0.005,0.415,141.917,120.307,87.423,-54.421,0.101,408.633,6.855,61.645,-6.32,0.197,452.522,34.826,46.599,-25.684,0.182,875.605,14.404,-93.244,-12.431,-0.048,434.291,16.539,-12.78,-14.233,0.012,751.393,1.326,-172.44,-1.297,0.022,555.739,10.446,-55.207,-9.438,-0.011,353.747,3.501,-0.432,-3.393,0.028,380.255,28.934,-2.772,-22.419,-0.043,750.341,0.716,-67.964,-0.753,-0.009,484.992,5.634,21.586,-5.342,-0.064,-6.98,-27.167,-20.188,37.212,-0.076,218.286,46.953,39.405,-32.002,0.007,880.302,-18.394,-51.048,22.549,-0.026,394.355,29.695,41.472,-22.916,-1.656,-46.2,2.528,-12.621,-4.081,-0.005,-42.975,55.508,51.823,-35.697
528,B0071,45573725_1450,5/31/2023 11:56,25.3,2,,TRUE,,GD,No Defect,Pass,Pass,Green,300_FW,Not Done,Pass,Blue,Pass,green,none,,6,2019,TRUE,Pass,0,0,-0.365,-0.121,-0.164,-0.177,-0.098,-0.011,0,-0.029,-0.067,-0.093,-0.043,-0.066,-0.019,-0.057,-0.039,-0.062,-0.072,-0.365,92.198,122.791,-90.242,-55.279,-0.121,159.748,-4.39,31.987,4.465,-0.164,177.011,-7.455,-5.902,7.878,-0.177,201.56,34.478,-26.283,-25.77,-0.098,138.475,10.857,-4.796,-9.882,-0.011,149.523,26.152,11.225,-20.739,0,198.746,-19.022,-34.522,23.491,-0.029,152.462,25.233,-4.713,-20.172,-0.067,129.037,14.722,14.352,-12.891,-0.093,127.823,-13.551,-22.162,15.567,-0.043,197.092,-0.754,-10.966,0.717,-0.066,236.004,-20.307,-14.151,25.398,-0.019,218.491,-8.44,-29.841,9.197,-0.057,192.135,-4.094,-5.407,4.209,-0.039,223.604,-5.408,-25.019,5.676,-0.062,-56.494,-14.187,12.934,16.459,-0.072,-68.439,-39.366,-60.58,64.807
529,B0077,45869133_1450,10/27/2023 17:55,26.6,2,,TRUE,,GD,No Defect,Pass,Pass,(None),400_LA (new),Not Done,Pass,(None),Pass,green,none,0,5,2019,TRUE,Pass,0,0,1.331,0.455,0.245,-0.064,0.048,-0.083,-0.136,-0.032,-0.003,0.056,0,0.022,-0.061,-0.005,-0.031,-0.087,-0.037,1.331,-40.17,-12.679,-56.496,16.044,0.455,-65.783,-2.984,-298.268,3.544,0.245,-6.167,61.98,-9.181,-38.113,-0.064,8.648,30.391,1.336,-23.357,0.048,-22.372,-43.461,-58.294,76.952,-0.083,-19.831,28.737,-8.351,-22.387,-0.136,-31.581,-65.712,67.3,191.253,-0.032,-11.255,37.839,35.455,-27.475,-0.003,-8.167,1.899,25.738,-1.866,0.056,-2.959,3.15,14.672,-2.999,0,-23.12,26.144,23.956,-20.725,0.022,-3.598,-59.023,-46.428,144.093,-0.061,-3.907,6.709,12.823,-6.344,-0.005,25.459,1.75,7.949,-1.725,-0.031,13.156,-4.057,-9.302,4.196,-0.087,-54.856,55.451,-120.391,-35.727,-0.037,-11.032,-1.684,2.688,1.675
530,b0082,45677747_1450,7/26/2023 11:45,24.3,2,,TRUE,,GD,No Defect,Pass,Pass,Black,2012,Not Done,Pass,(None),Pass,green,none,,2,0,TRUE,Fail,0,0,-0.097,0.918,-1.098,-0.26,-0.131,-0.052,-0.034,-0.086,-0.138,-0.188,-0.068,-0.02,-0.068,-0.163,-0.049,-0.025,-0.164,-0.097,301.946,-28.373,44.08,39.476,0.918,949.502,345.231,86.752,-77.334,-1.098,143.064,243.038,10.793,-71.169,-0.26,73.023,17.095,36.103,-14.821,-0.131,-6.214,-7.581,-36.577,8.061,-0.052,90.514,9.497,6.33,-8.721,-0.034,94.517,2.957,-26.673,-2.905,-0.086,17.246,-4.012,-31.389,4.09,-0.138,38.96,36.132,27.678,-26.643,-0.188,31.924,5.218,4.528,-5.137,-0.068,116.468,-9.276,-8.238,10.149,-0.02,80.026,25.049,-10.965,-20.047,-0.068,100.402,-9.639,-24.771,10.592,-0.163,72.926,-10.56,-20.22,11.624,-0.049,54.322,-7.301,-25.793,7.823,-0.025,106.78,-2.371,-7.623,2.403,-0.164,39.213,-5.477,-53.032,5.621
531,B0086,45515925_1450,5/5/2023 16:39,23.8,2,,TRUE,,GD,No Defect,Not Done,Pass,Green,110_LVL (new),Not Done,Pass,Blue,Pass,green,none,,7,2019,TRUE,Fail,0,0,-0.196,-1.293,-0.111,0.023,-0.055,0.018,0.017,0.049,-0.009,-0.032,-0.043,-0.061,-0.004,-0.051,-0.039,-0.112,0.027,-0.196,-56.935,95.786,-81.049,-49.024,-1.293,-22.435,29.013,-4.626,-23.491,-0.111,69.475,-48.254,70.498,93.037,0.023,319.49,6.583,29.266,-6.154,-0.055,517.642,-25.453,9.623,34.071,0.018,330.771,-34.335,-26.631,52.317,0.017,217.718,-30.49,-13.572,43.89,0.049,516.511,8.373,-51.875,-7.681,-0.009,287.919,22.205,26.787,-18.178,-0.032,390.642,3.316,1.301,-3.241,-0.043,307.911,1.349,-6.189,-1.373,-0.061,-30.618,-44.28,42.866,79.36,-0.004,409.896,-4.563,-27.224,4.776,-0.051,307.276,-1.82,-17.353,1.802,-0.039,245.892,3.974,-8.568,-3.859,-0.112,479.237,5.146,-4.77,-5.001,0.027,-28.436,-18.837,-39.24,23.243
532,b0087,45971960_1450,12/23/2023 15:43,25.1,2,,TRUE,,GD,No Defect,Pass,Pass,(None),300_FW,Not Done,Pass,(None),Pass,(None),none,0,7,2019,TRUE,Pass,0,0,1.237,0.456,0.614,0.015,0.006,0.095,0.181,-0.079,0.054,0.032,0.052,-0.001,0.001,0.089,0.049,-0.042,0.043,1.237,223.625,78.195,61.77,-43.187,0.456,183.976,24.667,50.547,-19.42,0.614,669.12,114.595,73.466,-53.115,0.015,3669.768,101.762,-226.699,-50.429,0.006,1815.741,143.811,-50.428,-58.982,0.095,1621.056,-45.339,-380.192,83.119,0.181,3084.116,47.068,-195.046,-31.881,-0.079,1132.178,-34.679,-270.141,52.97,0.054,696.911,2.405,-140.901,-2.296,0.032,39.404,-19.498,-170.808,24.26,0.052,1558.335,-21.662,-148.127,27.718,-0.001,660.479,-5.708,-43.782,6.052,0.001,714.735,-12.399,-68.24,14.155,0.089,2706.371,-45.448,-632.325,83.474,0.049,164.388,-25.956,-135.853,35.121,-0.042,375.296,218.013,-26.722,-68.568,0.043,36.472,-25.338,-78.67,33.995
533,B0093,45793677_1450,9/21/2023 15:38,24.1,2,,TRUE,,GD,No Defect,Pass,Pass,(None),300_FW,Not Done,Pass,(None),Pass,green,none,0,7,2019,TRUE,Pass,0,0,-1.234,-0.558,-0.494,-0.229,-0.102,-0.072,-0.002,-0.021,-0.036,-0.159,-0.033,-0.016,-0.037,-0.092,-0.02,-0.035,-0.139,-1.234,200.04,201.782,78.759,-67.273,-0.558,108.322,224.825,-47.809,-69.386,-0.494,34.093,2.946,25.891,-3.341,-0.229,76.294,-4.446,-21.322,4.414,-0.102,-11.381,28.106,49.607,-22.019,-0.072,42.962,-23.735,-4.741,31.027,-0.002,136.124,-0.212,-5.867,0.21,-0.021,9.753,-28.879,-71.353,40.575,-0.036,6.515,-2.47,13.953,2.496,-0.159,-13.65,-14.322,-38.458,16.531,-0.033,26.975,67.133,22.294,-40.187,-0.016,137.271,21.551,-5.515,-17.744,-0.037,29.205,-17.147,-30.08,20.651,-0.092,-6.487,11.504,24.744,-10.4,-0.02,24.432,0.64,0.634,-0.656,-0.035,37.307,38.867,-32.131,-28.014,-0.139,-5.5,-14.115,-6.184,16.273
534,B0094,45971208_1450,12/27/2023 9:40,21.2,2,,TRUE,,GD,No Defect,Pass,Pass,(None),110_LVL (new),Not Done,Pass,(None),Pass,(None),none,0,7,2019,TRUE,Fail,0,0,-0.18,-0.098,-0.019,0.018,-0.081,0.016,0.011,inf,0.024,-0.026,0.042,0.04,-0.012,-0.027,-0.009,-1.875,0.02,-0.18,-37.039,108.966,-26.548,-52.231,-0.098,-27.3,30.941,51.824,-23.704,-0.019,-12.765,0.938,39.367,-0.948,0.018,-14.814,83.871,25.448,-45.604,-0.081,-0.135,12.441,10.315,-11.136,0.016,-2.799,5.91,-4.024,-5.565,0.011,-5.504,6.858,3.487,-6.408,inf,inf,inf,#NAME?,inf,0.024,-6.294,0.142,10.914,-0.118,-0.026,-12.893,6.93,10.016,-6.505,0.042,0.456,-7.826,-83.82,8.536,0.04,-75.055,-36.349,39.759,57.169,-0.012,0.206,-4.599,-18.546,4.808,-0.027,-19.451,8.118,11.048,-7.534,-0.009,-2.522,1.618,3.863,-1.6,-1.875,394.449,-24.788,-190.65,30.465,0.02,0.83,9.693,-29.913,-8.818
535,B0094,45655737_1450,7/19/2023 12:21,24.5,2,,TRUE,,GD,No Defect,Not Done,Pass,Green,110_LVL (new),Not Done,Pass,Blue,Pass,green,none,,7,2019,TRUE,Fail,0,0,0.262,0.172,0.231,0.188,0.05,0.114,0.519,-100,0.038,0.032,0.009,-0.053,-0.035,0.051,0.004,-0.048,0.01,0.262,4278.921,275.529,51.675,-73.301,0.172,1311.083,6.827,-1.376,-6.23,0.231,655.483,30.511,19.488,-23.201,0.188,2100.707,-4.278,-75.676,4.666,0.05,1409.648,-31.208,-126.542,45.439,0.114,1322.703,-18.6,-263.237,22.989,0.519,1959.507,-14.355,-358.672,17.367,-100,-100,-100,100,-100,0.038,553.605,32.48,-28.947,-24.488,0.032,27.444,-19.123,-90.17,23.685,0.009,1096.292,4.522,-9.102,-4.317,-0.053,520.728,32.646,56.464,-24.651,-0.035,394.07,27.17,1.729,-21.393,0.051,1256.038,-5.583,-87.323,5.967,0.004,-6.207,27.342,38.64,-21.468,-0.048,-69.095,50.246,61.253,-33.474,0.01,25.616,15.832,12.165,-13.659
536,B0095,45662832_1450,7/20/2023 16:50,28.9,2,,TRUE,,GD,No Defect,Pass,Pass,Green,400_LA (new),Not Done,Pass,Blue,Pass,green,none,,7,2019,TRUE,Fail,0,0,-0.742,-0.48,-1.933,0.036,0.067,0.04,0.045,-100,0.053,0.027,-0.012,0.071,-0.011,0.01,0.026,-0.036,-0.066,-0.742,-90.638,54.119,-45.394,-35.597,-0.48,-85.766,-3.903,9.324,3.562,-1.933,-79.96,107.294,57.835,-52.692,0.036,367.647,98.484,77.619,-49.6,0.067,502.253,-31.997,25.216,47.15,0.04,258.803,57.152,49.427,-36.342,0.045,200.11,-3.141,-6.31,3.289,-100,-100,-100,100,-100,0.053,274.068,12.414,0.226,-10.996,0.027,195.573,26.679,-16.552,-21.039,-0.012,201.147,22.885,46.793,-18.633,0.071,363.558,-4.466,-72.637,4.749,-0.011,134.254,19.284,23.552,-16.175,0.01,97.923,53.333,58.688,-34.776,0.026,130.314,17.92,33.43,-15.175,-0.036,123.356,61.906,44.914,-38.258,-0.066,117.203,38.399,41.732,-27.792
537,B0099,45693093_1450,8/2/2023 14:09,24.4,2,,TRUE,,GD,No Defect,Not Done,Pass,Green,300_FW,Not Done,Pass,Grey,Pass,green,none,,0,0,TRUE,Pass,0,0,0.666,0.392,0.562,0.19,0.041,0.136,0.381,-0.011,0.014,-0.017,0.039,0.007,-0.08,0.032,0.016,0.104,-0.033,0.666,-2.411,-60.32,62.13,153.694,0.392,31.262,-56.299,25.387,129.723,0.562,538.195,65.57,67.496,-39.263,0.19,1769.068,64.242,36.249,-38.999,0.041,992.956,-30.221,-88.58,43.369,0.136,1129.749,-20.235,-251.985,25.539,0.381,2637.307,120.74,-37.468,-54.525,-0.011,446.667,-0.851,-66.391,0.848,0.014,393.435,20.942,-27.304,-17.304,-0.017,-15.612,-18.599,-52.881,22.828,0.039,871.382,-24.667,-38.209,32.795,0.007,546.686,21.339,6.526,-17.581,-0.08,321.079,14.669,-15.434,-12.862,0.032,1211.878,-7.181,-91.637,7.771,0.016,-16.529,16.877,25.51,-14.426,0.104,116.757,57.16,-8.844,-36.304,-0.033,-17.007,58.435,13.067,-36.903
538,B0104,45760750_59643,9/5/2023 14:12,29.7,2,,TRUE,,GD,No Defect,Pass,Pass,(None),500_LON,Not Done,Pass,Grey,Pass,green,none,0,7,2019,TRUE,Fail,0,0,0.097,0.076,0.36,0.008,0.042,0.01,-0.367,-0.027,-0.009,0.012,-0.068,-0.038,-0.019,-0.007,-0.405,-0.093,-0.07,0.097,-68.294,-0.778,-31.663,0.881,0.076,-77.755,-20.732,35.197,26.251,0.36,0.967,-27.617,-116.086,38.651,0.008,56.433,13.743,-78.982,-12.075,0.042,43.976,-2.346,-59.201,2.445,0.01,34.38,-27.736,-49.132,38.396,-0.367,23.082,6.154,1.393,-6.143,-0.027,44.364,40.725,41.894,-28.959,-0.009,9.29,-5.057,-41.241,5.317,0.012,33.815,-27.271,-185.634,37.512,-0.068,-35.81,17.939,49.74,-15.267,-0.038,34.976,-18.51,-73.512,22.669,-0.019,32.964,-10.939,-19.966,12.261,-0.007,16.225,0.284,0.968,-0.29,-0.405,-60.141,4.713,19.254,-4.887,-0.093,25,-8.835,1.222,9.589,-0.07,15.353,22.2,0.606,-18.224
539,B0108,45569090_1450,5/31/2023 14:56,23.9,2,,TRUE,,GD,No Defect,Pass,Pass,Green,400_LA (new),Not Done,Pass,Blue,Pass,green,none,,7,2019,TRUE,Fail,0,0,0.869,-0.346,-0.164,-0.022,-0.072,-0.123,-0.027,-0.063,0.014,0,-0.007,-0.021,-0.034,0.007,-0.031,1.875,-0.033,0.869,51.988,205.669,58.803,-67.001,-0.346,389.504,58.081,37.736,-36.96,-0.164,259.167,51.701,-4.705,-34.189,-0.022,443.119,14.638,14.546,-12.788,-0.072,506.819,-7.343,8.205,7.847,-0.123,324.472,2.817,37.74,-2.86,-0.027,-76.343,2.561,21.895,-2.524,-0.063,468.256,2.811,1.753,-2.795,0.014,581.253,0.08,-12.644,-0.066,0,494.921,3.455,15.623,-3.34,-0.007,370.86,-23.379,2.451,30.504,-0.021,456.556,-21.554,-36.236,27.45,-0.034,530.671,-2.828,-25.285,2.875,0.007,647.909,-9.353,-16.014,10.325,-0.031,461.646,9.903,14.844,-9.039,1.875,354.782,60.843,32.015,-36.662,-0.033,-21.489,2.574,-2.733,-2.541
540,B0109,45889672_1450,11/8/2023 14:47,23.9,2,,TRUE,,GD,No Defect,Pass,Pass,(None),400_LA (new),Not Done,Pass,(None),Pass,green,none,0,7,2019,TRUE,Pass,0,0,0.604,0.024,0.672,-0.042,0.02,0,0.19,0.011,0.059,0.072,0.063,0.047,0.034,0.073,0.038,-0.067,0.024,0.604,-57.73,-59.432,19.171,147.989,0.024,75.768,17.506,88.086,-14.878,0.672,11.85,107.561,-157.831,-51.497,-0.042,3.722,-35.451,-19.646,54.857,0.02,-26.638,-17.584,-55.174,21.36,0,-22.784,-27.152,8.209,37.271,0.19,27.537,23.543,-42.894,-18.903,0.011,-14.948,-11.372,-9.905,12.844,0.059,-13.706,2.036,21.04,-1.938,0.072,-9.658,9.481,21.382,-8.594,0.063,-22.599,6.436,18.46,-5.988,0.047,-19.168,22.09,23.079,-18.055,0.034,4.883,-16.277,-41.66,19.483,0.073,45.934,-14.579,-37.078,17.153,0.038,9.936,-5.647,-12.137,6.025,-0.067,-62.223,141.087,51.865,-58.549,0.024,-0.221,18.122,-11.388,-15.322
541,B0122,45933067_1450,12/1/2023 21:00,24.3,2,,TRUE,,GD,No Defect,Pass,Pass,(None),400_LA (new),Not Done,Pass,(None),Pass,(None),none,0,7,2019,TRUE,Pass,0,0,-0.602,0.199,0.214,0.018,0.097,-0.051,-0.004,-0.021,0.038,0.072,0.005,-0.014,-0.077,0.062,-0.026,-0.058,-0.005,-0.602,-81.956,-74.74,-12.083,293.507,0.199,-84.017,50.987,73.186,-33.637,0.214,-2.545,5.033,27.224,-4.588,0.018,86.743,-5.919,-15.754,6.31,0.097,-2.126,-56.248,56.871,128.783,-0.051,28.657,40.035,17.687,-28.626,-0.004,-40.123,10.396,31.739,-9.42,-0.021,14.883,-10.397,-26.272,11.58,0.038,48.703,9.229,7.67,-8.414,0.072,23.822,2.422,8.104,-2.294,0.005,46.331,-19.702,-41.723,24.541,-0.014,81.07,-10.336,-15.032,11.511,-0.077,-18.297,-4.298,-27.151,4.411,0.062,64.732,2.433,7.129,-2.315,-0.026,30.189,-0.496,-6.837,0.472,-0.058,0.611,112.573,32.371,-52.985,-0.005,30.887,2.79,-23.197,-2.719
542,B0123,45749211_1450,8/30/2023 13:17,24.2,2,,TRUE,,GD,No Defect,Pass,Pass,(None),300_FW,Not Done,Pass,Blue,Pass,green,none,,7,2019,TRUE,Fail,0,0,-1.773,0.298,0.737,0.15,-0.05,0.215,0.14,-0.1,-0.071,-0.052,-0.004,-0.077,-0.072,0.047,-0.006,1.894,-0.037,-1.773,83.685,92.374,95.607,-48.94,0.298,626.24,43.427,82.834,-30.071,0.737,437.033,41.15,81.255,-28.631,0.15,1423.906,4.347,-58.876,-4.022,-0.05,631.365,49.002,33.89,-32.921,0.215,1348.099,28.701,-448.895,-22.133,0.14,1945.736,90.859,-239.627,-47.532,-0.1,321.725,-17.753,-55.383,21.464,-0.071,352.984,0.02,-68.432,-0.091,-0.052,493.935,-1.942,-43.801,1.927,-0.004,770.777,-24.13,-76.393,31.8,-0.077,1612.101,44.32,-14.676,-30.763,-0.072,290.333,13.48,-3.155,-11.942,0.047,1236.481,-10.303,-56.639,11.539,-0.006,-2.142,5.59,12.345,-5.3,1.894,87.867,62.731,32.064,-37.385,-0.037,-30.486,23.153,15.976,-18.83
543,B0141,45423658_1450,3/10/2023 17:27,25.4,2,,TRUE,,GD,No Defect,Not Done,Pass,Green,300_FW,Not Done,Pass,Blue,Pass,green,none,,7,2019,TRUE,Fail,0,0,0.317,0.279,0.45,0.239,0.309,0.421,-0.246,0.336,0.35,0.357,0.235,0.192,0.453,0.393,0.302,0.247,0.38,0.317,254.381,-28.294,28.235,39.901,0.279,354.416,-5.203,24.176,5.784,0.45,312.975,11.145,30.002,-9.623,0.239,321.969,-11.693,9.052,13.512,0.309,379.23,-11.186,-27.969,12.942,0.421,276.416,30.102,3.688,-22.814,-0.246,88.557,-11.25,58.431,12.399,0.336,361.062,3.136,-68.896,-2.714,0.35,246.718,51.075,25.691,-33.576,0.357,316.219,-1.334,-13.806,1.714,0.235,347.032,-16.957,-33.473,20.704,0.192,382.34,2.031,-52.485,-1.803,0.453,414.117,-24.752,-60,33.496,0.393,358.685,-11.416,-26.615,13.331,0.302,371.983,-3.352,-21.458,3.78,0.247,-53.529,-7.616,25.878,8.51,0.38,-63.201,-3.622,5.08,4.152
544,B0150,45871385_1450,10/27/2023 19:10,30.1,2,,TRUE,,GD,No Defect,Pass,Pass,(None),400_LA (new),Not Done,Pass,(None),Pass,green,none,0,8,2019,TRUE,Pass,0,0,-2.282,-0.651,0.562,-0.01,-0.087,0.072,0.041,-0.058,0.095,0.101,-0.05,-0.052,-0.005,0.064,-0.012,-0.086,-0.018,-2.282,91.735,16.384,28.6,-16.038,-0.651,-16.432,-0.147,63.603,-0.505,0.562,-50.735,-9.083,80.808,10.609,-0.01,26.15,-36.321,-89.166,57.022,-0.087,37.575,-2.59,-8.176,2.57,0.072,120.89,12.608,9.546,-11.132,0.041,-36.694,-8.191,-5.951,8.967,-0.058,0.693,-9.385,2.037,10.294,0.095,58.515,90.534,6.933,-47.466,0.101,266.622,0.387,-1.596,-0.284,-0.05,7.314,22.948,23.635,-18.705,-0.052,7.945,-9.014,-13.339,9.85,-0.005,89.139,3.033,10.367,-2.949,0.064,119.492,13.162,26.966,-11.574,-0.012,128.302,-7.546,-17.426,8.15,-0.086,-77.198,22.48,28.749,-18.425,-0.018,51.6,4.914,32.654,-4.701
545,B0151,45511266_355,5/1/2023 16:08,23.4,2,,TRUE,,GD,No Defect,Not Done,Pass,Green,110_LVL (new),Not Done,Pass,Blue,Pass,green,none,,8,2019,TRUE,Pass,0,0,inf,0.283,0.308,0.251,0.01,0.041,-0.214,0.07,0.08,0.067,0.08,0.056,0.253,0.185,0.131,0.346,0.311,inf,inf,inf,#NAME?,inf,0.283,1036.997,14.799,36.916,-12.645,0.308,678.278,41.356,34.118,-29.039,0.251,1602.381,63.627,1.164,-38.732,0.01,576.195,135.391,-257.212,-57.513,0.041,984.523,-33.942,-276.87,51.444,-0.214,443.145,-27.965,-168.976,38.523,0.07,633.66,-29.695,-185.002,42.338,0.08,517.823,40.793,-17.716,-28.917,0.067,825.034,-20.613,-123.421,26.049,0.08,1145.884,16.355,-98.125,-13.987,0.056,515.256,-0.626,-14.461,0.686,0.253,536.751,-24.779,-191.993,33.278,0.185,1521.648,-4.761,-27.768,5.194,0.131,45.33,8.091,-13.55,-7.365,0.346,-49.398,-45.025,-41.712,82.531,0.311,33.9,11.724,-12.509,-10.215
546,B0162,45664859_59643,7/19/2023 6:18,22.7,2,,TRUE,,GD,No Defect,Pass,Pass,Green,500_LON,Not Done,Pass,Blue,Pass,green,none,,8,2019,TRUE,Pass,0,0,-0.894,-0.172,0.23,-0.099,-0.04,0,-0.065,-100,0.038,-0.087,0.02,0.19,-0.049,-0.109,-0.049,0.057,-0.082,-0.894,-55.286,-53.027,-18.822,110.983,-0.172,543.205,60.522,78.415,-37.811,0.23,-6.363,8.444,76.326,-7.574,-0.099,23.376,-39.737,-58.575,65.775,-0.04,11.746,-31.852,13.815,46.68,0,1.34,-6.005,21.801,6.389,-0.065,81.148,-15.172,8.732,17.809,-100,-100,-100,100,-100,0.038,0.622,-7.716,-43.253,8.402,-0.087,3.58,-11.218,-33.362,12.538,0.02,-10.081,-46.336,-30.105,86.382,0.19,1214.309,-15.854,-378.928,19.066,-0.049,-5.301,8.527,22.953,-7.902,-0.109,-47.539,78.539,70.708,-44.051,-0.049,39.446,-17.216,-55.13,20.737,0.057,0.801,-65.048,-269.367,186.268,-0.082,-63.109,-15.011,53.715,17.565
547,B0168,45846999_59643,10/18/2023 11:15,21.1,2,,TRUE,,GD,No Defect,Pass,Pass,(None),500_LON,Not Done,Pass,(None),Pass,green,none,0,8,2019,TRUE,Pass,0,0,0.203,0.025,0.161,-0.062,-0.011,0.062,-0.01,-0.027,0.062,-0.02,0.017,-0.014,0.017,0.02,0.015,-0.011,0.022,0.203,-80.138,-3.765,35.914,4.124,0.025,0.965,76.487,71.686,-43.324,0.161,-0.924,19.255,45.144,-16.011,-0.062,14.913,80.119,26.772,-44.516,-0.011,25.587,44.712,-18.411,-30.904,0.062,24.463,40.645,18.196,-28.855,-0.01,92.849,8.697,14.482,-8.011,-0.027,50.21,16.816,4.968,-14.418,0.062,5.911,-4.516,-56.196,4.794,-0.02,-0.346,2.221,8.034,-2.193,0.017,-9.691,26.083,22.803,-20.674,-0.014,21.304,-6.316,-34.13,6.728,0.017,27.613,-12.477,-31.527,14.276,0.02,18.888,-4.175,-7.525,4.378,0.015,39.377,-5.597,-16.855,5.945,-0.011,27.29,-8.672,11.125,9.483,0.022,42.292,-4.841,-19.185,5.111
548,B0172,46052671_59643,2/7/2024 13:42,20.2,2,,TRUE,,GD,(None),Not Done,Not Done,(None),500_LON,Not Done,Pass,(None),Not Done,(None),,,0,0,FALSE,Pass,0,0,0.286,0.201,0.221,-0.05,-0.102,-0.009,0.008,-0.068,0.012,0.009,-0.051,-0.033,-0.031,0.052,-0.011,-0.063,-0.015,0.286,-45.84,-26.72,70.763,36.854,0.201,-78.757,-39.489,-9.376,65.59,0.221,-1.095,3.041,61.506,-2.736,-0.05,43.537,-17.475,-10.886,21.114,-0.102,45.363,-37.732,-124.067,60.432,-0.009,24.777,2.177,20.104,-2.14,0.008,50.168,16.598,21.053,-14.229,-0.068,59.665,-9.024,-38.679,9.844,0.012,5.451,4.233,1.816,-4.049,0.009,5.944,-0.804,-27.339,0.819,-0.051,-19.416,3.932,18.348,-3.833,-0.033,35.954,-10.195,-17.373,11.316,-0.031,-6.684,-5.764,-13.571,6.084,0.052,31.419,12.417,15.754,-10.999,-0.011,33.882,-1.028,-4.419,1.028,-0.063,16.241,-2.897,-11.946,2.918,-0.015,43.535,-32.845,-41.979,48.887
549,B0185,46013834_59643,1/19/2024 6:18,19.3,2,,TRUE,,GD,No Defect,Pass,Pass,(None),500_LON,Not Done,Pass,(None),Pass,(None),none,0,8,2019,TRUE,Pass,0,0,0.161,0.151,0.221,0.09,0.042,0.041,-0.01,0.011,0.071,0.055,0.058,0.148,0.002,0.097,0.028,0.032,0.051,0.161,20.057,206.425,49.567,-67.313,0.151,-80.356,-62.157,-23.31,164.649,0.221,-81.958,-26.052,26.515,35.529,0.09,25.181,-44.453,-42.61,80.189,0.042,-25.647,56.728,63.644,-36.168,0.041,18.168,-18.341,-30.552,22.511,-0.01,49.101,9.047,12.038,-8.305,0.011,17.035,-0.092,-19.823,0.103,0.071,-0.188,-13.829,-10.686,16.13,0.055,-5.99,-21.391,-42.129,27.282,0.058,-18.962,5.851,63.54,-5.473,0.148,10.635,0.758,-22.03,-0.605,0.002,-23.713,-0.454,-15.572,0.458,0.097,19.993,13.888,22.521,-12.109,0.028,19.365,-3.012,-6.837,3.135,0.032,-0.219,-35.252,27.141,54.494,0.051,32.76,-12.45,-62.792,14.279
550,B0189,46031364_59643,1/26/2024 15:17,20.6,2,,TRUE,,GD,(None),Not Done,Not Done,(None),500_LON,Not Done,Pass,(None),Not Done,(None),,,0,0,FALSE,Pass,0,0,-0.445,-0.656,0.281,0.147,0.079,0.103,0.019,0.027,0.114,0.086,0.061,0.173,0.017,0.13,0.018,-0.035,0.052,-0.445,-65.444,-59.206,-39.366,144.042,-0.656,-84.633,35.629,48.44,-26.753,0.281,-10.723,143.009,76.009,-58.733,0.147,43.453,-19.767,-114.714,24.819,0.079,11.325,11.67,-14.224,-10.38,0.103,15.784,9.597,19.767,-8.663,0.019,29.365,1.392,16.924,-1.354,0.027,14.904,-10.883,-28.1,12.242,0.114,13.519,1.103,-11.211,-0.978,0.086,19.091,-6.508,-39.456,7.053,0.061,-12.394,12.279,-11.808,-10.882,0.173,151.668,-41.793,-327.587,72.098,0.017,-20.474,-0.148,-5.259,0.165,0.13,24.155,3.686,18.66,-3.43,0.018,168.647,-41.495,-233.946,70.957,-0.035,39.863,-12.831,-50.501,14.68,0.052,32.487,-17.494,-30.445,21.266
551,B0208,46013825_59643,1/19/2024 7:04,20,2,,TRUE,,GD,No Defect,Pass,Pass,(None),500_LON,Not Done,Pass,(None),Pass,(None),none,0,8,2019,TRUE,Pass,0,0,-0.785,0.004,0.159,-0.014,-0.026,0.083,0.287,0.032,0.287,0.096,0.048,0.043,0.115,0.09,0.055,-0.197,0.099,-0.785,-79.512,-17.965,-14.104,20.942,0.004,-86.658,-60.79,69.747,155.05,0.159,-6.092,260.022,82.014,-72.18,-0.014,-15.493,45.861,49.298,-31.452,-0.026,-4.546,3.243,19.561,-3.166,0.083,-10.371,4.89,28.175,-4.583,0.287,2.179,-5.099,30.408,5.675,0.032,18.253,-2.474,-8.555,2.57,0.287,15.551,3.824,-442.927,-3.407,0.096,-11.264,1.436,-7.777,-1.321,0.048,-11.129,-1.823,22.654,1.905,0.043,2.176,-3.086,-6.925,3.229,0.115,10.946,8.009,3.435,-7.308,0.09,-6.624,9.73,20.375,-8.785,0.055,7.4,-0.68,-0.741,0.741,-0.197,-23.998,13.87,63.621,-12.353,0.099,20.106,12.706,1.424,-11.186
552,B0209,45918980_59643,11/23/2023 7:10,20.4,2,,TRUE,,GD,No Defect,Pass,Pass,(None),500_LON,Not Done,Pass,(None),Pass,green,none,0,8,2019,TRUE,Fail,0,0,inf,-0.027,0.032,0.05,-0.058,0.041,0.022,-0.63,0.004,0.078,0.013,0.002,0.024,0.032,0.01,-0.04,0.009,inf,inf,inf,#NAME?,inf,-0.027,-47.756,-49.437,-29.979,97.722,0.032,127.846,22.526,39.549,-18.359,0.05,254.103,-10.439,-21.752,11.712,-0.058,301.231,12.39,-16.605,-11.075,0.041,299.087,-11.757,-12.652,13.37,0.022,316.201,-9.204,-35.133,10.161,-0.63,1089.329,191.358,-116.301,-65.894,0.004,295.389,-14.957,0.374,17.592,0.078,417.626,-21.611,-65.276,27.669,0.013,145.01,47.462,0.28,-32.177,0.002,380.124,-18.337,-43.399,22.457,0.024,280.963,-14.339,-13.495,16.767,0.032,244.948,8.616,16.815,-7.903,0.01,282.959,3.473,5.52,-3.347,-0.04,269.325,9.433,11.498,-8.657,0.009,363.528,-18.417,-40.209,22.585
553,B0236,45867614_59643,10/27/2023 10:10,20.5,2,,TRUE,,GD,No Defect,Pass,Pass,(None),500_LON,Not Done,Pass,(None),Pass,green,none,0,9,2019,TRUE,Pass,0,0,-0.445,0.328,0.258,0.027,-0.032,0.062,0.013,0.014,0.099,0.032,-0.011,0.21,0.036,0.034,-0.016,-0.034,0.019,-0.445,34.599,-79.421,28.195,383.774,0.328,-74.895,-36.802,-14.741,58.751,0.258,3.091,34.591,66.074,-25.509,0.027,59.4,-27.568,-111.295,38.098,-0.032,47.426,-8.957,-5.695,9.803,0.062,23.108,-5.195,-1.271,5.545,0.013,79.528,-1.506,-10.541,1.543,0.014,112.08,-9.806,-18.683,10.888,0.099,32.481,-11.86,-52.992,13.569,0.032,19.164,-7.828,-72.022,8.528,-0.011,-11.336,-30.638,21.239,44.155,0.21,1788.565,-29.031,-417.542,41.202,0.036,52.423,-19.414,-61.087,24.137,0.034,28.281,-0.766,-3.197,0.806,-0.016,217.986,-44.774,-310.471,81.047,-0.034,61.806,-58.834,-43.41,142.838,0.019,45.634,-23.963,-22.999,31.54
554,B0237,45999170_59643,1/12/2024 13:23,19.8,2,,TRUE,,GD,No Defect,Pass,Pass,(None),500_LON,Not Done,Pass,(None),Pass,(None),none,0,9,2019,TRUE,Pass,0,0,-0.547,0.203,0.13,-0.008,-0.053,0.04,-0.049,-0.014,0.014,0.052,-0.046,-0.025,-0.063,0.015,0.005,-0.063,-0.005,-0.547,-78.253,-37.202,15.386,58.368,0.203,-77.119,12.062,29.338,-10.583,0.13,4.508,254.632,71.144,-71.765,-0.008,25.911,36.744,12.933,-26.876,-0.053,57.149,-16.165,-25.302,19.218,0.04,19.008,7.783,8.03,-7.184,-0.049,28.816,-11.607,-3.396,13.076,-0.014,99.504,-6.985,-27.46,7.495,0.014,5.232,1.101,16.939,-1.075,0.052,6.634,-11.367,-42.179,12.883,-0.046,-26.713,-0.862,23.994,0.823,-0.025,39.714,-0.025,-3.918,0.001,-0.063,14.997,-4.613,46.842,4.77,0.015,9.023,3.171,11.285,-3.058,0.005,26.426,-1.598,-6.398,1.629,-0.063,8.94,14.216,37.773,-12.502,-0.005,43.115,-2.67,-24.454,2.738
555,B0251,45884468_59643,11/6/2023 13:55,21.3,2,,TRUE,,GD,No Defect,Pass,Pass,(None),500_LON,Not Done,Pass,(None),Pass,green,none,0,9,2019,TRUE,Pass,0,0,-0.8,-0.454,0.53,-0.016,-0.118,0.114,0.171,0.057,0.109,0.043,0.025,-0.033,0.091,0.075,0.05,-0.046,0.09,-0.8,-60.403,-24.224,-83.688,30.912,-0.454,404.124,85.74,86.171,-46.406,0.53,0.366,147.587,40.754,-59.396,-0.016,40.873,-49.928,-77.325,99.681,-0.118,19.238,18.243,-3.604,-15.528,0.114,16.621,18.427,20.708,-15.463,0.171,8.156,-31.924,24.359,47.147,0.057,53.147,41.611,12.174,-29.344,0.109,6.915,-7.291,-72.577,7.982,0.043,-4.43,-3.415,-31.822,3.581,0.025,-20.618,20.553,-19.478,-17.028,-0.033,18.949,-14.025,-48.629,16.276,0.091,35.415,-20.406,-57.374,25.752,0.075,19.848,0.884,-5.18,-0.802,0.05,65.285,-16.402,-61.245,19.68,-0.046,6.974,-47.611,28.731,90.794,0.09,16.157,37.615,22.146,-27.268
556,B0257,45920267_1450,11/27/2023 16:17,22.1,2,,TRUE,,GD,No Defect,Pass,Pass,(None),300_FW,Not Done,Pass,(None),Pass,green,none,0,9,2019,TRUE,Pass,0,0,0.819,0.857,0.234,-0.17,-0.044,0.01,-0.009,0,-0.021,-0.009,-0.024,-0.005,-0.019,-0.013,0.005,-0.09,-0.072,0.819,-73.756,143.767,44.407,-58.641,0.857,30.998,-69.017,-211.463,225.523,0.234,24.419,7.69,-171.899,-6.924,-0.17,-33.881,-34.178,-25.763,51.668,-0.044,-69.842,-17.28,28.978,20.837,0.01,-49.488,-13.538,-12.6,15.67,-0.009,-5.048,-0.026,-38.836,0.017,0,-51.3,-19.945,-54.655,24.913,-0.021,-53.528,-8.737,-8.483,9.55,-0.009,-43.617,-3.984,-29.997,4.141,-0.024,-53.032,-6.311,-3.727,6.711,-0.005,-29.096,6.735,6.059,-6.315,-0.019,-40.4,9.507,18.678,-8.699,-0.013,-26.934,-12.002,-29.699,13.624,0.005,-34.776,-3.693,-11.142,3.839,-0.09,-57.847,107.853,38.357,-51.933,-0.072,-46.039,-9.73,-5.794,10.699
557,B0276,45521386_1450,5/8/2023 13:02,22.8,2,,TRUE,,GD,No Defect,Pass,Pass,Green,400_LA (new),Not Done,Pass,Blue,Pass,green,none,,9,2019,TRUE,Pass,0,0,-0.022,-0.047,0.076,-0.02,-0.05,0.373,0.002,-0.102,0.062,0.009,-0.009,-0.015,-0.086,0.054,-0.026,-0.177,-0.028,-0.022,378.411,32.692,19.384,-24.655,-0.047,398.65,-8.492,38.331,9.228,0.076,274.793,17.449,13.307,-14.792,-0.02,514.231,-23.071,3.515,29.964,-0.05,373.977,-34.188,-30.563,51.872,0.373,6.79,-60.337,85.433,153.06,0.002,139.591,-19.13,-8.584,23.658,-0.102,273.333,3.624,-0.024,-3.596,0.062,614.921,-17.502,7.81,21.289,0.009,472.169,-3.961,-21.997,4.134,-0.009,320.322,-12.575,3.075,14.373,-0.015,382.596,-8.28,-30.301,9.012,-0.086,225.075,49.094,21.103,-32.985,0.054,645.518,14.067,15.714,-12.284,-0.026,569.007,-1.25,-13.189,1.239,-0.177,417.204,58.626,37.575,-37.07,-0.028,-33.011,24.342,-21.112,-19.599
558,B0310,45633988_1450,7/4/2023 11:18,25.1,2,,TRUE,,GD,No Defect,Not Done,Pass,Green,300_FW,Not Done,Pass,Blue,Pass,green,none,,10,2019,TRUE,Fail,0,0,inf,0.1,0.077,0.173,0.322,0.292,0.392,0.279,0.347,0.254,0.283,0.224,0.433,0.381,0.362,0.224,0.398,inf,inf,inf,#NAME?,inf,0.1,101.777,-11.234,12.058,12.769,0.077,149.41,13.523,11.882,-11.845,0.173,135.687,-3.1,-42.022,3.377,0.322,92.918,-16.512,-87.611,20.163,0.292,71.282,112.711,52.866,-52.851,0.392,215.281,26.181,-37.595,-20.438,0.279,30.474,24.511,20.62,-19.462,0.347,57.084,57.585,13.457,-36.322,0.254,55.977,-18.88,-40.835,23.588,0.283,121.699,-10.628,-69.888,12.208,0.224,175.365,2.134,-16.756,-1.87,0.433,76.043,1.904,-4.968,-1.443,0.381,44.323,-5.239,-3.599,5.93,0.362,72.141,-4.317,-15.172,4.89,0.224,193.112,49.673,27.656,-33.038,0.398,26.569,14.427,-15.8,-12.26
559,B0358,45438802_1450,3/19/2023 17:05,24.1,2,,TRUE,,GD,No Defect,Pass,Pass,Green,300_FW,Not Done,Pass,Blue,Pass,green,none,,10,2019,TRUE,Pass,0,0,2.294,-0.221,-0.137,0.155,0.046,0.248,0.235,0.151,0.251,0.105,0.104,0.214,0.111,0.298,0.258,0.24,0.131,2.294,157.524,202.722,-340.618,-66.209,-0.221,79.815,34.318,31.849,-25.715,-0.137,136.316,-20.204,-30.839,25.149,0.155,152.871,45.802,12.885,-31.307,0.046,7.746,-30.965,1.971,44.92,0.248,73.195,9.265,25.276,-8.253,0.235,224.877,29.272,-24.237,-22.462,0.151,13.371,-24,-22.327,31.777,0.251,71.47,4.999,-6.062,-4.522,0.105,51.763,-1.438,1.041,1.565,0.104,77.556,-34.82,21.125,53.58,0.214,130.223,16.164,-11.603,-13.731,0.111,40.158,131.767,49.563,-56.805,0.298,98.984,17.47,21.111,-14.619,0.258,72.496,-20.611,-0.935,26.286,0.24,132.626,-13.905,0.628,16.43,0.131,22.762,32.673,11.184,-24.528
560,D0004P,45593791_1450,6/15/2023 12:46,25.1,2,,TRUE,,GD,No Defect,Not Done,Pass,Green,110_LVL (new),Not Done,Pass,Blue,Pass,green,none,,12,2018,TRUE,Fail,0,0,inf,-0.478,-1.057,-0.229,-0.097,-0.135,0.038,-1.31,-0.18,-0.176,0.33,-0.095,-0.067,-0.152,-0.072,-0.042,-0.123,inf,inf,inf,#NAME?,inf,-0.478,58.152,26.982,-149.481,-21.625,-1.057,93.543,-10.222,-9.908,10.208,-0.229,104.597,3.934,-1.206,-4.006,-0.097,91.921,-12.34,-56.411,13.966,-0.135,80.769,-9.366,11.844,10.184,0.038,88.244,-25.118,-21.054,33.594,-1.31,168.831,-11.626,-77.59,11.673,-0.18,112.471,-13.247,-13.564,15.062,-0.176,-42.702,-35.112,69.684,53.839,0.33,607.639,141.848,-249.867,-58.515,-0.095,103.54,41.626,34.595,-29.459,-0.067,123.661,-1.765,-21.37,1.728,-0.152,54.711,0.355,-1.643,-0.505,-0.072,30.145,8.019,16.289,-7.49,-0.042,75.947,12.572,40.177,-11.206,-0.123,-75.709,-12.156,-41.824,13.697
561,D0054,45760418_1450,9/12/2023 12:38,22.4,2,,TRUE,,GD,No Defect,Not Done,Pass,(None),110_LVL (new),Not Done,Pass,Blue,Pass,green,none,,10,2018,TRUE,Pass,0,0,inf,-0.379,-0.405,0.02,-0.088,-0.053,-0.035,0.036,0.029,0.023,-0.05,-0.04,-0.007,-0.073,-0.05,-0.021,-0.023,inf,inf,inf,#NAME?,inf,-0.379,183.66,-2.584,8.407,2.264,-0.405,200.025,-8.776,26.76,9.177,0.02,307.53,54.476,-4.321,-35.252,-0.088,422.139,55.632,-12.588,-35.802,-0.053,385.674,85.057,33.81,-45.991,-0.035,263.17,2.89,-13.249,-2.842,0.036,425.492,69.217,33.466,-40.883,0.029,368.509,6.408,-1.405,-5.995,0.023,410.926,-10.633,-32.311,11.924,-0.05,266.515,20.932,35.439,-17.35,-0.04,182.907,3.974,33.16,-3.861,-0.007,405.259,0.218,-17.409,-0.225,-0.073,268.131,9.332,12.555,-8.602,-0.05,280.678,2.012,3.377,-2.021,-0.021,-54.693,-55.307,-20.702,123.703,-0.023,-45.201,9.922,9.711,-9.047
562,D0057,45608276_1450,6/17/2023 10:31,24.3,2,,TRUE,,GD,No Defect,Pass,Pass,Green,300_FW,Not Done,Pass,Blue,Pass,green,none,,10,2018,TRUE,Pass,0,0,-0.508,-0.131,-0.126,-0.108,-0.122,-0.001,0.011,-0.035,-0.053,-0.061,-0.03,-0.045,-0.059,-0.08,-0.048,0.045,-0.081,-0.508,117.826,49.791,56.497,-33.579,-0.131,183.551,-1.744,20.211,1.641,-0.126,210.088,6.524,12.446,-6.242,-0.108,239.822,64.88,39.968,-39.415,-0.122,167.874,-14.135,-12.179,16.319,-0.001,229.093,0.698,17.182,-0.694,0.011,249.226,-2.191,-26.824,2.251,-0.035,169.261,18.259,14.13,-15.47,-0.053,213.705,-15.828,-10.648,18.742,-0.061,165.386,39.812,26.814,-28.519,-0.03,237.625,-8.388,-41.615,9.124,-0.045,285.274,14.639,7.986,-12.809,-0.059,242.726,1.67,-19.517,-1.701,-0.08,221.443,5.817,7.474,-5.572,-0.048,229.779,4.357,3.548,-4.221,0.045,150.254,15.243,-68.211,-13.188,-0.081,-64.256,-23.55,-43.049,30.698
563,D0059,45694657_1450,8/2/2023 20:33,32,2,,TRUE,,GD,No Defect,Pass,Pass,Green,400_LA (new),Not Done,Pass,Blue,Pass,green,none,,10,2018,TRUE,Pass,0,0,0.353,-0.835,-0.28,-0.018,0,-0.052,0.009,-0.073,0.028,0.061,-0.013,-0.066,-0.009,0.008,-0.018,-0.137,-0.086,0.353,6.207,60.906,-87.121,-37.632,-0.835,-63.213,-65.931,-57.253,191.073,-0.28,241.49,-0.516,55.632,0.237,-0.018,443.713,-13.997,11.947,16.255,0,541.187,13.693,2.623,-12.044,-0.052,316.764,27.461,36.265,-21.586,0.009,133.371,-3.258,31.934,3.378,-0.073,522.606,-41.339,-34.36,70.346,0.028,536.944,68.796,-9.296,-40.74,0.061,476.079,-2.637,-3.071,2.771,-0.013,430.383,-3.715,0.183,3.844,-0.066,411.795,4.038,-0.023,-3.945,-0.009,457.569,-9.076,-12.766,9.973,0.008,626.581,-14.269,-19.261,16.653,-0.018,528.346,-2.365,-6.837,2.405,-0.137,319.074,-2.255,-48.057,2.168,-0.086,-36.643,-6.485,46.32,6.843
564,D0064,45066455_1450,9/1/2022 13:11,30.8,2,,TRUE,,GD,No Defect,Pass,Not Done,Green,200_LA (old),Pass,Pass,Blue,Pass,green,none,,10,2018,TRUE,Fail,0,0,-100,-0.117,-0.461,0.038,0.193,0.222,0.63,0.158,0.229,0.154,0.17,0.167,0.262,0.217,0.228,0.242,0.193,-100,-100,-100,100,-100,-0.117,277.064,32.073,23.645,-24.373,-0.461,9.203,128.736,-55.956,-56.483,0.038,-24.105,-18.247,-45.842,22.366,0.193,-52.692,-6.786,9.179,7.487,0.222,2.521,79.835,-33.936,-44.27,0.63,-25.607,7.793,-139.422,-6.645,0.158,-47.038,26.209,11.378,-20.641,0.229,-10.801,-16.584,-35.487,20.156,0.154,-16.161,0.556,-5.885,-0.4,0.17,-1.37,6.397,-64.689,-5.852,0.167,-20.606,15.674,31.673,-13.406,0.262,-24.769,10.776,18.321,-9.491,0.217,-31.561,5.634,7.491,-5.128,0.228,-23.583,21.256,9.021,-17.342,0.242,11.65,-8.316,6.353,9.334,0.193,471.219,37.753,3.951,-27.266
565,D0065,45963261_1450,12/19/2023 18:04,24.2,2,,TRUE,,GD,No Defect,Pass,Pass,(None),400_LA (new),Not Done,Pass,(None),Pass,(None),none,0,10,2018,TRUE,Pass,0,0,0.216,-0.55,1.142,-0.022,-0.007,-0.041,-0.122,-0.04,0.048,0.058,0.003,0.01,0.006,0.005,0.006,0.072,-0.028,0.216,1568.732,10.927,16.318,-9.656,-0.55,565.561,66.001,-163.561,-40.091,1.142,12.922,136.01,-191.34,-57.145,-0.022,-44.682,-22.491,-46.341,28.989,-0.007,-57.825,-19.701,-7.591,24.526,-0.041,-55.832,-1.629,26.3,1.615,-0.122,-41.176,68.711,-42.893,-40.799,-0.04,-44.116,6.707,21.577,-6.323,0.048,-51.478,76.985,24.979,-43.471,0.058,-65.776,17.335,6.763,-14.725,0.003,-34.491,-7.795,34.234,8.457,0.01,10.836,8.034,-19.066,-7.427,0.006,-48.002,7.875,8.618,-7.294,0.005,-50.635,11.883,14.074,-10.616,0.006,-45.704,-0.273,0.691,0.28,0.072,-69.305,-2.439,18.103,2.573,-0.028,-54.485,-11.746,-52.728,13.277
566,D0069,45785079_1450,9/21/2023 14:49,23.2,2,,TRUE,,GD,No Defect,Not Done,Pass,(None),110_LVL (new),Not Done,Pass,(None),Pass,green,none,0,10,2018,TRUE,Fail,0,0,nan,0.337,-0.009,0.096,0.1,0.145,0.087,0.233,0.191,0.127,-0.013,0.354,0.084,0.064,0.038,0.05,0.084,nan,nan,nan,nan,nan,0.337,181.644,-51.144,22.275,105.371,-0.009,226.862,17.843,35.487,-15.149,0.096,286.292,71.716,31.377,-41.709,0.1,804.329,-15.772,-22.44,18.844,0.145,438.983,17.258,-18.145,-14.594,0.087,322.511,-16.988,-17.882,20.569,0.233,585.19,85.519,36.457,-45.972,0.191,511.545,-6.735,-11.185,7.426,0.127,404.328,33.595,43.039,-25.052,-0.013,423.953,35.046,48.91,-25.961,0.354,-9.156,-3.903,60.213,4.43,0.084,539.724,43.331,7.595,-30.173,0.064,332.411,1.164,4.617,-1.087,0.038,203.813,24.15,39.658,-19.422,0.05,546.383,-43.062,-61.855,75.718,0.084,-17.013,121.576,31.885,-54.831
567,d0072,45481194_1450,4/12/2023 16:03,26.1,2,,TRUE,,GD,No Defect,Pass,Pass,Green,300_FW,Pass,Pass,Blue,Pass,green,none,,10,2018,TRUE,Fail,0,0,-1.309,inf,-0.43,-0.231,-0.091,-0.124,-0.151,-0.124,-0.242,-0.196,-0.018,inf,-0.082,-0.171,-0.062,-0.013,-0.132,-1.309,36.855,339.406,83.253,-77.54,inf,inf,inf,#NAME?,inf,-0.43,79.964,3.745,-17.481,-4.024,-0.231,106.272,263.811,-65.74,-72.577,-0.091,7.945,27.683,32.849,-21.752,-0.124,70.627,-21.11,11.403,26.602,-0.151,114.852,45.659,1.866,-31.45,-0.124,-6.091,7.309,38.56,-6.927,-0.242,54.562,-7.501,43.58,7.848,-0.196,34.162,-0.821,11.476,0.63,-0.018,106.226,-25.632,-131.809,34.443,inf,inf,inf,#NAME?,inf,-0.082,73.095,-14.332,-13.711,16.634,-0.171,35.458,-0.498,6.354,0.329,-0.062,64.285,-2.716,5.631,2.728,-0.013,95.63,74.237,26.133,-42.615,-0.132,-3.226,6.498,5.466,-6.225
568,D0087,45823057_1450,10/6/2023 18:56,23.9,2,,TRUE,,UN,(None),Not Done,Not Done,(None),300_FW,Not Done,Pass,(None),Not Done,neon,,,0,0,FALSE,Fail,0,0,0.35,0.406,1.904,-0.044,-0.1,-0.102,-0.044,-0.105,-0.055,-0.204,-0.008,-0.016,-0.139,0.005,-0.016,0.017,-0.134,0.35,428.3,225.961,70.237,-69.214,0.406,154.288,84.477,50.112,-45.573,1.904,148.379,32.035,-613.998,-22.82,-0.044,89.809,117.793,31.931,-54.105,-0.1,-15.472,182.452,2.423,-64.631,-0.102,19.463,43.187,26.407,-30.232,-0.044,78.685,26.955,5.028,-21.267,-0.105,-26.78,-2.198,-18.549,2.14,-0.055,14.898,-5.443,31.653,5.698,-0.204,-18.005,11.629,-5.884,-10.6,-0.008,35.279,39.026,24.09,-28.077,-0.016,96.095,34.455,21.582,-25.638,-0.139,-34.521,1.807,17.659,-1.912,0.005,18.732,38.106,45.196,-27.588,-0.016,29.797,1.126,3.834,-1.129,0.017,123.472,-7.666,31.693,8.32,-0.134,-88.424,-35.438,-83.357,54.681
569,D0112,45536154_1450,5/11/2023 18:29,25.8,2,,TRUE,,GD,No Defect,Pass,Pass,Green,300_FW,Not Done,Pass,Blue,Pass,green,none,,11,2018,TRUE,Pass,0,0,-1.6,-0.278,-0.212,-0.12,0.02,0.104,0.07,0.026,0.014,-0.037,0.028,-0.019,0.007,-0.043,0.013,0.033,-0.082,-1.6,61.67,51.175,-12.389,-34.91,-0.278,62.031,113.861,37.814,-53.371,-0.212,97.151,-7.83,9.495,8.265,-0.12,114.388,-6.809,26.344,7.178,0.02,56.936,13.159,1.219,-11.611,0.104,137.412,6.86,4.423,-6.322,0.07,141.886,14.905,19.116,-12.91,0.026,63.508,-17.419,-39.938,21.124,0.014,89.892,20.562,-34.283,-17.043,-0.037,60.729,6.058,-9.212,-5.747,0.028,112.758,13.202,-20.103,-11.637,-0.019,188.884,76.368,-5.909,-43.311,0.007,101.937,-1.851,-4.027,1.893,-0.043,65.029,2.885,2.523,-2.845,0.013,62.619,0.305,9.671,-0.291,0.033,113.996,57.488,38.31,-36.482,-0.082,36.691,-18.212,-1.826,22.167
570,D0113,45633919_1450,7/3/2023 18:02,25.4,2,,TRUE,,UN,(None),Not Done,Not Done,(None),300_FW,Not Done,Pass,Grey,Not Done,neon,,,0,0,FALSE,Pass,0,0,1.051,0.157,0.267,0.062,-0.061,0.082,0.01,-0.065,0.003,-0.08,0.02,0.013,-0.058,0.024,0.011,-0.001,-0.033,1.051,1153.657,64.019,71.4,-38.391,0.157,881.895,12.85,19.472,-11.247,0.267,481.79,16.797,39.213,-14.153,0.062,1621.777,44.864,-25.28,-30.927,-0.061,529.44,-37.128,-37.384,58.956,0.082,819.324,-38.801,-334.104,63.534,0.01,806.677,19.388,-185.198,-16.231,-0.065,303.642,-16.164,-57.583,19.204,0.003,257.555,13.173,-53.272,-11.637,-0.08,-45.949,-6.194,-39.999,6.517,0.02,662.657,7.371,-40.099,-6.846,0.013,422.712,9.263,16.35,-8.466,-0.058,293.585,0.828,-77.182,-0.879,0.024,68.316,-33.091,-178.041,49.493,0.011,-13.939,-4.315,-34.562,4.521,-0.001,91.993,87.073,21.567,-46.546,-0.033,-39.331,34.279,-26.068,-25.553
571,d0118,45849568_1450,10/20/2023 16:45,23.7,2,,TRUE,,UN,(None),Not Done,Not Done,(None),300_FW,Not Done,Pass,(None),Not Done,neon,,,0,0,FALSE,Pass,0,0,-1.29,-0.061,0,-0.075,-0.065,-0.04,-0.028,-0.021,-0.019,0,-0.027,-0.041,-0.031,-0.034,-0.028,-0.038,-0.054,-1.29,433.197,-56.957,-320.021,129.326,-0.061,-20.227,-4.818,-10.009,4.999,0,-24.734,-10.38,16.597,11.583,-0.075,-14.985,2.865,-0.418,-2.858,-0.065,-21.574,21.961,12.325,-18.06,-0.04,-19.305,-14.791,-13.522,17.312,-0.028,-17.68,0.131,3.679,-0.159,-0.021,-25.797,12.432,-5.128,-11.076,-0.019,-35.67,5.347,1.609,-5.094,0,-43.78,4.168,11.622,-4.001,-0.027,-14.9,3.822,22.239,-3.708,-0.041,-1.655,-6.407,-13.239,6.802,-0.031,-16.404,0.1,-2.103,-0.132,-0.034,-19.894,-7.086,-10.209,7.59,-0.028,-27.828,-0.034,-4.823,0.005,-0.038,9.068,-12.455,-17.221,14.183,-0.054,-29.806,21.347,2.12,-17.636
572,D0130,45982061_1450,1/3/2024 17:13,22.7,2,,TRUE,,GD,No Defect,Pass,Pass,(None),400_LA (new),Not Done,Pass,(None),Pass,(None),none,0,11,2018,TRUE,Pass,0,0,0.252,0.226,-0.004,-0.147,-0.038,-0.077,-0.063,0.014,0.033,0.078,-0.035,-0.114,-0.063,0,-0.044,-0.201,-0.02,0.252,6.661,-2.832,1.11,3.173,0.226,1.185,-63.866,-63.356,177.374,-0.004,-7.517,-16.973,-54.704,20.439,-0.147,-23.55,-71.826,71.279,254.42,-0.038,26.315,-5.997,-21.3,6.34,-0.077,-19.644,-40.801,18.484,68.792,-0.063,-23.116,-6.498,-13.796,6.881,0.014,34.747,12.843,-14.556,-11.369,0.033,57.033,11.022,22.277,-9.898,0.078,89.708,1.579,-26.329,-1.477,-0.035,37.907,59.048,21.812,-37.148,-0.114,55.768,-19.235,-40.826,23.675,-0.063,50.045,17.334,7.396,-14.827,0,64.045,29.243,30.442,-22.626,-0.044,71.034,44.247,37.952,-30.705,-0.201,-25.185,158.976,20.99,-61.464,-0.02,129.011,-13.913,-16.669,16.138
573,D0138,45513969_1450,4/30/2023 12:11,24.9,2,,TRUE,,GD,No Defect,Not Done,Pass,Green,300_FW,Not Done,Pass,Grey,Pass,green,none,,0,0,TRUE,Pass,0,0,1.815,0.808,0.61,-0.026,0.125,0.189,0.15,0.144,0.053,0.113,0.237,0.251,0.207,0.133,0.182,0.354,0.119,1.815,127.651,127.433,-175.021,-55.233,0.808,328.176,93.073,-388.803,-47.787,0.61,163.38,970.093,-784.817,-90.598,-0.026,69.992,-12.186,-9.055,13.848,0.125,5.105,53.599,1.714,-34.814,0.189,79.516,23.729,-4.186,-19.026,0.15,439.898,76.24,-270.684,-43.174,0.144,21.005,-29.151,-23.509,41.349,0.053,135.378,-33.632,-167.862,50.755,0.113,24.096,-6.767,-14.966,7.38,0.237,78.573,-5.915,6.132,6.539,0.251,159.756,-9.824,-0.304,11.172,0.207,55.958,-17.852,-9.431,21.984,0.133,30.759,9.445,15.633,-8.509,0.182,73.838,-6.342,-38.718,6.966,0.354,4.544,52.391,-40.272,-34.147,0.119,15.66,-7.147,-9.878,7.825
574,D0140,45893191_1450,11/16/2023 11:46,23,2,,TRUE,,GD,No Defect,Pass,Pass,(None),110_LVL (new),Not Done,Pass,(None),Pass,green,none,0,11,2018,TRUE,Pass,0,0,0.153,-0.272,-0.252,0.02,0.023,-0.048,-0.043,-0.041,0.014,-0.014,-0.054,-0.01,-0.063,-0.034,-0.142,-0.138,-0.029,0.153,-11.858,6.156,18.404,-5.655,-0.272,-23.676,-53.081,28.324,112.555,-0.252,6.708,17.699,-11.103,-15.252,0.02,5.742,-22.688,-1.487,29.371,0.023,51.388,-39.372,-64.572,64.978,-0.048,5.042,6.534,-6.431,-6.178,-0.043,-18.563,6.485,4.336,-6.13,-0.041,40.539,-14.394,-45.703,16.766,0.014,31.585,-3.67,-10.535,3.824,-0.014,34.746,4.873,5.057,-4.66,-0.054,1.157,3.941,24.997,-3.844,-0.01,6.072,-17.077,18.838,20.582,-0.063,11.788,10.424,7.008,-9.497,-0.034,17.441,6.261,6.461,-5.924,-0.142,-28.877,-13.564,18.753,15.529,-0.138,-19.478,67.943,4.862,-40.538,-0.029,69.024,-19.008,-15.466,23.432
575,D0144,46033968_1450,2/2/2024 12:39,22.2,2,,TRUE,,GD,No Defect,Pass,Pass,(None),110_LVL (new),Not Done,Pass,(None),Pass,(None),none,0,11,2018,TRUE,Pass,0,0,0.25,-0.122,-0.296,-0.069,0.022,-0.082,-0.068,0.043,-0.014,-0.038,-0.067,-0.099,0,-0.128,-0.156,-0.059,-0.005,0.25,-12.09,-63.764,-4.954,176.659,-0.122,-6.691,2.292,33.283,-2.36,-0.296,8.079,4.921,24.748,-4.973,-0.069,5.925,-29.902,26.283,42.56,0.022,91.277,53.401,47.499,-34.797,-0.082,48.539,-10.52,-58.972,11.665,-0.068,-7.59,0.853,14.456,-0.914,0.043,83.95,16.89,7.135,-14.413,-0.014,26.313,-6.423,36.965,6.848,-0.038,66.391,-24.729,-38.333,32.803,-0.067,28.462,-12.093,7.854,13.68,-0.099,-0.45,-6.791,32.118,7.179,0,95.026,13.434,25.064,-11.843,-0.128,-11.196,3.275,3.681,-3.295,-0.156,-15.139,7.708,18.805,-7.301,-0.059,-3.908,34.12,40.461,-25.484,-0.005,93.567,-20.548,-38.688,25.856
576,D0146,45736857_1450,8/29/2023 16:34,25.9,2,,TRUE,,GD,No Defect,Not Done,Pass,(None),110_LVL (new),Not Done,Pass,Blue,Pass,green,none,,11,2018,TRUE,Pass,0,0,0.342,-0.223,-0.157,-0.28,-0.044,-0.082,-0.067,-0.101,-0.033,-0.053,-0.055,-0.044,-0.075,0.017,-0.163,-0.038,-0.056,0.342,891.925,570.026,32.517,-85.024,-0.223,6.191,-32.387,-51.029,47.57,-0.157,-1.374,24.066,-22.204,-19.524,-0.28,-39.37,-61.652,57.044,160.04,-0.044,-32.323,33.148,24.181,-24.928,-0.082,-17.107,38.477,14.741,-27.845,-0.067,-17.515,-10.716,-4.502,11.927,-0.101,-38.581,68.333,47.825,-40.654,-0.033,-7.709,-11.441,-4.879,12.881,-0.053,-16.427,-0.064,10.945,0.011,-0.055,0.208,-16.726,-8.503,20.019,-0.044,-8.663,10.871,8.648,-9.844,-0.075,-25.827,-7.039,-12.868,7.491,0.017,5.613,7.767,9.483,-7.192,-0.163,145.044,21.517,-491.375,-17.841,-0.038,-20.443,-0.763,16.333,0.73,-0.056,-9.243,-5.335,7.699,5.577
577,D0168,45768649_355,9/12/2023 17:19,22.8,2,,TRUE,,GD,No Defect,Not Done,Pass,(None),110_LVL (new),Not Done,Pass,(None),Pass,green,none,0,11,2018,TRUE,Pass,0,0,0.601,-0.157,-0.426,-0.038,-0.022,-0.084,-0.027,-0.045,-0.029,-0.037,-0.088,-0.077,-0.039,-0.09,-0.069,-0.009,-0.009,0.601,137.503,409.177,65.045,-80.242,-0.157,161.612,-5.449,15.314,5.597,-0.426,212.309,20.54,14.274,-17.394,-0.038,293.94,16.327,1.707,-14.068,-0.022,343.966,94.439,58.002,-48.582,-0.084,317.644,-3.537,0.213,3.58,-0.027,-59.638,-6.065,-25.612,6.428,-0.045,444.684,-12.803,2.23,14.631,-0.029,397.596,-0.958,17.668,0.938,-0.037,384.888,13.505,2.025,-11.931,-0.088,281.014,20.558,24.401,-17.126,-0.077,231.751,4.395,12.461,-4.283,-0.039,370.225,8.716,5.583,-8.053,-0.09,229.32,0.034,8.291,-0.124,-0.069,229.491,3.961,17.498,-3.877,-0.009,314.279,-4.919,-38.334,5.164,-0.009,-40.179,6.94,-0.557,-6.498
578,D0176,45833881_59643,10/14/2023 4:45,21.8,2,,TRUE,,GD,No Defect,Pass,Pass,(None),500_LON,Not Done,Pass,(None),Pass,green,none,0,12,2018,TRUE,Pass,0,0,-0.979,0.494,0.195,-0.072,-0.023,0.073,-0.004,0.004,0.086,0.037,0.018,0.19,0.041,0.036,-0.01,0.027,0.054,-0.979,-83.376,-60.606,-4.948,151.357,0.494,-75.335,60.266,66.059,-37.296,0.195,8.936,204.741,-6.975,-67.121,-0.072,29.245,-33.299,-65.499,49.814,-0.023,2.365,-16.559,-28.282,19.818,0.073,17.617,2.695,-1.115,-2.553,-0.004,63.831,-21.665,-42.903,27.65,0.004,29.8,17.854,21.666,-15.146,0.086,27.302,6.581,-16.81,-6.094,0.037,36.726,-8.195,-103.281,8.967,0.018,-35.074,7.781,18.035,-7.203,0.19,1600.972,-22.044,-279.618,28.522,0.041,37.206,-35.704,-81.727,55.595,0.036,18.412,-1.353,-19.306,1.408,-0.01,180.467,-39.011,-225.907,63.949,0.027,69.61,-50.308,-244.742,101.292,0.054,8.148,-3.12,-11.741,3.277
579,D0186,45882077_1450,11/2/2023 20:07,27.9,2,,TRUE,,GD,No Defect,Pass,Pass,(None),400_LA (new),Not Done,Pass,(None),Pass,green,none,0,12,2018,TRUE,Pass,0,0,inf,-0.02,-0.12,0.037,0.096,0.05,0.083,0.12,0.124,0.152,0.06,0.043,0.112,0.13,0.057,0.034,0.089,inf,inf,inf,#NAME?,inf,-0.02,334.46,9.347,-63.325,-8.567,-0.12,310.696,18.529,-14.743,-15.734,0.037,560.202,26.821,-23.98,-21.119,0.096,476.351,61.592,16.066,-38.056,0.05,470.317,36.499,30.952,-26.702,0.083,216.581,-6.532,12.356,7.078,0.12,593.992,-1.294,-54.63,1.433,0.124,556.185,10.622,21.605,-9.491,0.152,617.049,5.375,-12.887,-4.957,0.06,437.608,-6.42,4.755,6.924,0.043,524.122,-18.683,-81.003,23.028,0.112,679.189,-11.997,-41.246,13.76,0.13,826.949,-8.682,-22.765,9.65,0.057,785.656,-17.086,-98.613,20.675,0.034,-44.273,10.636,-26.083,-9.583,0.089,0.4,-4.395,-9.366,4.691
580,D0223,46051016_355,2/7/2024 11:53,22.7,2,,TRUE,,GD,No Defect,Pass,Pass,(None),110_LVL (new),Not Done,Pass,(None),Pass,(None),none,0,12,2018,TRUE,Pass,0,0,0.964,0.281,0.434,0.286,0.055,0.137,0.074,0.097,0.046,0.118,0.095,0.089,0.009,0.12,0.06,0.14,0.141,0.964,920.946,-32.72,71.666,50.064,0.281,1339.363,43.436,61.221,-30.087,0.434,572.677,39.778,70.831,-28.147,0.286,2796.444,214.962,-116.087,-68.159,0.055,1725.068,-21.857,-167.353,28.041,0.137,1343.393,-28.003,-181.349,39.086,0.074,1221.167,7.678,-89.586,-7.061,0.097,892.406,-51.118,-213.774,104.774,0.046,689.544,21.567,-53.543,-17.703,0.118,16.735,11.733,-21.739,-10.395,0.095,994.707,10.344,-11.261,-9.288,0.089,494.752,5.119,7.895,-4.785,0.009,4.045,-8.806,-41.576,9.666,0.12,227.154,-43.965,-285.212,78.675,0.06,77.081,-16.693,-78.926,20.11,0.14,248.877,-10.782,-29.626,12.242,0.141,64.903,14.739,-31.529,-12.722
581,D0280,46045913_355,2/2/2024 17:05,22.7,2,,TRUE,,GD,No Defect,Pass,Pass,(None),110_LVL (new),Not Done,Pass,(None),Pass,(None),none,0,12,2018,TRUE,Pass,0,0,0.373,0.092,0.309,0.13,-0.074,0.022,-0.01,-0.046,0.014,0.029,0.014,-0.029,0.027,0.022,0.01,-0.004,0.06,0.373,-0.175,-64.567,63.461,183.279,0.092,836.794,-22.515,48.598,29.175,0.309,668.403,60.748,60.013,-37.599,0.13,2231.306,371.458,-299.21,-78.762,-0.074,1827.327,-36.387,-77.778,57.084,0.022,1351.946,202.685,-82.111,-66.955,-0.01,1306.757,-27.16,-202.693,37.274,-0.046,1349.775,7.75,-55.272,-7.236,0.014,-8.858,6.923,22.188,-6.461,0.029,17.362,11.804,-27.041,-10.532,0.014,1187.312,15.542,-55.206,-13.439,-0.029,572.939,28.594,14.736,-22.258,0.027,865.294,13.736,-36.607,-12.053,0.022,1831.811,-43.705,-440.883,77.675,0.01,36.468,-3.521,-23.238,3.659,-0.004,126.025,19.804,12.712,-16.533,0.06,46.048,28.915,7.181,-22.383
582,D0281,45508756_355,4/27/2023 10:10,25.4,2,,TRUE,,GD,No Defect,Not Done,Pass,Green,300_FW,Not Done,Pass,Grey,Pass,green,none,,0,0,TRUE,Pass,0,0,0.798,0.248,0.349,0.091,-0.241,-0.156,-0.161,-0.203,-0.236,-0.227,-0.149,-0.179,-0.172,-0.213,-0.148,-0.139,-0.149,0.798,198.745,78.931,90.803,-43.667,0.248,561.008,48.487,52.041,-32.487,0.349,349.168,51.873,66.08,-33.926,0.091,832.048,254.057,-96.684,-71.73,-0.241,393.273,2.796,-44.388,-2.954,-0.156,422.212,-7.649,-43.234,8.114,-0.161,621.076,7.411,-83.523,-7.05,-0.203,324.398,37.996,19.914,-27.681,-0.236,202.926,11.187,-4.288,-10.273,-0.227,379.987,-7.634,-27.462,8.02,-0.149,227.349,0.978,23.702,-1.116,-0.179,501.474,-6.368,-32.632,6.61,-0.172,511.562,-7.079,-23.57,7.434,-0.213,741.013,-15.019,-124.328,17.423,-0.148,616.21,6.014,-23.833,-5.813,-0.139,-12.065,-1.252,41.998,1.127,-0.149,-39.236,13.144,19.155,-11.749
583,D0302,46042753_59643,2/1/2024 13:49,20,2,,TRUE,,GD,(None),Not Done,Not Done,(None),500_LON,Not Done,Pass,(None),Not Done,(None),,,0,0,FALSE,Pass,0,0,inf,-0.631,0.334,-0.01,0.002,0.072,0.044,-0.019,0.022,0.108,0.005,0,0.039,0.024,0.007,-0.058,0.022,inf,inf,inf,#NAME?,inf,-0.631,-58.683,-23.715,73.827,30.26,0.334,123.581,104.158,86.716,-50.855,-0.01,302.392,19.86,41.01,-16.577,0.002,352.535,33.888,13.659,-25.309,0.072,429.263,-14.259,-35.426,16.714,0.044,337.82,2.489,-30.499,-2.386,-0.019,363.392,1.39,-23.185,-1.39,0.022,300.369,0.836,0.508,-0.807,0.108,576.083,-2.879,-80.696,3.076,0.005,131.044,7.325,13.435,-6.82,0,430.708,7.723,-27.56,-7.169,0.039,311.693,-11.141,-32.795,12.582,0.024,252.194,21.003,32.461,-17.338,0.007,340.892,-3.219,-7.91,3.333,-0.058,315.456,37.405,39.92,-27.265,0.022,382.103,-13.539,-25.601,15.685
584,D0320,45849270_59643,10/19/2023 16:06,23.7,2,,TRUE,,GD,No Defect,Pass,Pass,(None),500_LON,Not Done,Pass,(None),Pass,green,none,0,12,2018,TRUE,Fail,0,0,-0.201,-0.556,0.725,0.163,0.224,0.314,0.54,0.25,0.334,0.341,0.118,0.134,0.342,0.325,0.245,0.203,0.371,-0.201,-42.912,-55.892,-36.446,126.26,-0.556,247.793,29.816,77.094,-23.396,0.725,110.844,-24.152,54.637,32.799,0.163,497.192,88.156,34.898,-46.766,0.224,558.082,51.041,29.221,-33.645,0.314,583.946,-25.969,-24.245,35.503,0.54,825.588,15.134,52.243,-12.675,0.25,578.868,-17.124,-38.272,20.964,0.334,505.508,1.62,-44.598,-1.266,0.341,650.474,10.635,-55.073,-9.304,0.118,173.991,13.606,-2.148,-11.872,0.134,672.566,49.695,-27.06,-33.108,0.342,468.836,-23.663,-54.611,31.446,0.325,410.212,10.691,10.309,-9.365,0.245,501.978,-4.2,-17.054,4.64,0.203,491.412,-5.015,-40.432,5.494,0.371,511.371,-9.551,-48.203,10.97
585,D0340,45814710_59643,10/3/2023 12:44,23.2,2,,TRUE,,GD,No Defect,Pass,Pass,(None),500_LON,Not Done,Pass,(None),Pass,green,none,0,12,2018,TRUE,Fail,0,0,inf,0.312,inf,-0.03,0.02,0.032,0.007,0.025,0.052,0.079,-0.03,0.009,0.135,0.071,0.069,-0.047,0.075,inf,inf,inf,#NAME?,inf,0.312,-46.214,18.5,11.6,-15.348,inf,inf,inf,#NAME?,inf,-0.03,283.458,-34.572,-96.556,52.794,0.02,196.533,47.206,14.591,-32.054,0.032,264.422,-7.185,9.362,7.775,0.007,257.326,30.474,30.379,-23.351,0.025,257.304,26.141,-3.12,-20.704,0.052,290.99,20.332,-10.94,-16.853,0.079,314.063,11.144,-5.423,-9.956,-0.03,87.985,-21.77,15.057,27.791,0.009,427.947,-11.812,-97.234,13.404,0.135,371.994,-19.62,-35.584,24.576,0.071,292.833,10.614,10.159,-9.531,0.069,374.149,-7.504,-23.831,8.188,-0.047,289.787,99.02,10.22,-49.777,0.075,318.726,12.362,10.353,-10.935
586,D0342,46047768_59643,2/5/2024 7:20,19.3,2,,TRUE,,GD,(None),Not Done,Not Done,(None),500_LON,Not Done,Pass,(None),Not Done,(None),,,0,0,FALSE,Pass,0,0,-0.074,0.043,0.332,-0.055,-0.03,0.042,-0.19,-0.014,0.024,-0.029,-0.021,-0.025,-0.041,-0.016,-0.022,-0.028,-0.015,-0.074,64.6,58.729,-42.534,-37.046,0.043,-71.592,5.886,-115.763,-5.518,0.332,-75.905,-13.209,-102.188,15.602,-0.055,10.968,-26.504,-21.585,35.988,-0.03,26.005,9.879,-3.377,-9.018,0.042,28.849,-28.929,-76.083,40.764,-0.19,24.251,-19.321,41.261,23.712,-0.014,95.84,-26.348,-101.873,35.755,0.024,0.996,0.259,-23.465,-0.234,-0.029,20.929,4.151,-24.868,-4.013,-0.021,-36.72,47.933,26.621,-32.416,-0.025,29.313,-20.704,-62.986,26.079,-0.041,21.398,-7.247,-0.805,7.769,-0.016,9.804,1.704,7.883,-1.692,-0.022,24.314,1.577,-4.291,-1.574,-0.028,5.344,-40.818,-9.895,68.924,-0.015,41.598,-2.58,14.866,2.634
587,D0343,45932783_355,12/2/2023 11:32,23.5,2,,TRUE,,GD,No Defect,Pass,Pass,(None),300_FW,Not Done,Pass,(None),Pass,(None),none,0,12,2018,TRUE,Pass,0,0,0.456,0.299,0.543,0.32,0.084,0.197,0.17,0.029,0.24,0.126,0.108,0.137,0.037,0.279,0.159,0.073,0.161,0.456,723.29,97.618,86.807,-49.166,0.299,776.579,78.733,72.465,-43.883,0.543,557.429,35.822,61.644,-25.975,0.32,1716.769,92.603,-1.586,-47.914,0.084,772.103,-0.998,-44.382,1.094,0.197,713.692,47.976,-58.147,-32.289,0.17,1368.307,14.196,-193.653,-12.282,0.029,409.11,-4.182,-74.927,4.394,0.24,579.076,-14.693,-72.627,17.506,0.126,815.903,-29.22,-188.597,41.46,0.108,847.631,34.882,7.004,-25.781,0.137,452.331,25.65,1.62,-20.305,0.037,471.198,34.578,-25.585,-25.666,0.279,291.887,-46.425,-291.338,87.178,0.159,66.221,-17.003,-92.248,20.677,0.073,225.328,124.096,10.247,-55.344,0.161,-4.447,-26.243,-73.301,35.798
588,D0358,46016848_1450,1/25/2024 13:50,24.4,2,,TRUE,,GD,No Defect,Pass,Pass,(None),110_LVL (new),Not Done,Pass,(None),Pass,(None),none,0,12,2018,TRUE,Pass,0,0,0.413,-0.025,-0.044,0.127,-0.038,-0.041,0.004,-0.097,0.038,0.021,-0.078,-0.057,-0.059,-0.024,-0.06,-0.012,-0.018,0.413,-16.776,-22.035,40.448,28.793,-0.025,22.03,30.109,-33.283,-23.161,-0.044,13.992,-13.082,10.147,15,0.127,62.648,82.229,1.177,-45.054,-0.038,81.841,0.895,13.409,-0.925,-0.041,39.032,53.327,23.34,-34.807,0.004,1.02,-7.091,-20.657,7.636,-0.097,59.697,4.183,11.491,-4.109,0.038,58.111,3.126,-8.956,-2.994,0.021,52.217,3.47,24.398,-3.333,-0.078,43.172,-38.759,11.094,63.163,-0.057,-67.96,-20.604,53.402,25.88,-0.059,24.095,-4.22,-7.388,4.345,-0.024,20.365,14.726,23.342,-12.857,-0.06,-3.487,17.326,36.151,-14.819,-0.012,-36.633,-27.998,-6.512,38.869,-0.018,93.006,-0.637,16.965,0.623
589,D0365,46029063_1450,1/30/2024 10:57,21.3,2,,TRUE,,GD,No Defect,Pass,Pass,(None),110_LVL (new),Not Done,Pass,(None),Pass,(None),none,0,2,2019,TRUE,Pass,0,0,-0.739,-0.041,-0.235,0.018,0.003,-0.113,-0.029,-0.018,-0.019,0.005,-0.04,-0.076,0.024,-0.103,-0.065,-0.037,0.043,-0.739,-60.05,-64.437,-184.611,179.117,-0.041,-10.64,-29.272,20.974,41.329,-0.235,5.068,21.822,15.583,-18.106,0.018,14.304,-13.068,-6.683,15.053,0.003,113.404,22.026,21.193,-18.048,-0.113,29.191,-12.79,14.544,14.537,-0.029,-24.782,0.715,26.51,-0.738,-0.018,119.99,6.508,-1.53,-6.127,-0.019,44.975,114.485,36.082,-53.386,0.005,58.888,-20.958,-34.931,26.521,-0.04,11.962,18.622,31.69,-15.732,-0.076,39.829,-0.969,-19.775,0.902,0.024,108.759,-1.969,6.467,2.033,-0.103,9.731,-9.888,-20.416,10.859,-0.065,-8.269,8.765,22.504,-8.118,-0.037,10.871,-39.039,33.842,63.979,0.043,87.433,-24.408,-19.424,32.347
590,D0372,46063213_59643,2/14/2024 13:43,19.4,2,,TRUE,,GD,(None),Not Done,Not Done,(None),500_LON,Not Done,Pass,(None),Not Done,(None),,,0,0,FALSE,Fail,0,0,-1.893,-1.155,0.186,0.102,0.077,0.081,0.018,-1.154,0.024,0.044,0,0.014,0.014,0.02,0.007,0.12,0.027,-1.893,-19.58,37.948,-184.238,-28.881,-1.155,-92.43,-77.578,57.992,340.846,0.186,-3.334,4.316,50.994,-3.959,0.102,42.815,-16.002,-32.518,19.171,0.077,18.036,-0.241,51.778,0.319,0.081,9.282,-32.017,-39.504,47.213,0.018,53.149,-6.755,-21.7,7.264,-1.154,302.849,1.827,-18.777,-2.928,0.024,18.102,0.38,-19.226,-0.355,0.044,41.557,-8.469,-74.738,9.3,0,-26.772,2.04,23.799,-1.999,0.014,26.264,3.095,-3.715,-2.989,0.014,17.462,-4.957,1.497,5.23,0.02,11.33,8.512,19.187,-7.827,0.007,17.788,2.914,7.739,-2.825,0.12,35.314,-14.748,-235.417,17.441,0.027,35.918,-11.697,-4.112,13.277
591,D0376,45940546_59643,12/7/2023 7:54,19.1,2,,TRUE,,GD,No Defect,Pass,Pass,(None),500_LON,Not Done,Pass,(None),Pass,(None),none,0,2,2019,TRUE,Pass,0,0,-0.198,0.002,0.193,0.014,-0.004,-0.041,0.001,-0.027,0.005,-0.012,-0.017,-0.019,-0.018,-0.011,-0.006,-0.043,-0.013,-0.198,20.711,35.994,-18.535,-26.613,0.002,-84.715,-12.469,-29.849,14.247,0.193,-81.881,-25.672,8.035,34.798,0.014,34.175,-30.396,-47.405,43.69,-0.004,-0.858,67.728,29.568,-40.382,-0.041,-5.967,55.238,53.481,-35.609,0.001,43.35,2.669,-8.991,-2.599,-0.027,79.01,-20.886,-61.008,26.366,0.005,19.273,-16.656,-41.349,19.991,-0.012,25.638,-8.457,-64.872,9.225,-0.017,-33.443,37.788,29.555,-27.437,-0.019,32.29,-1.647,-55.044,1.656,-0.018,18.03,-9.202,-16.719,10.114,-0.011,5.128,6.141,13.167,-5.796,-0.006,42.808,-11.241,-31.79,12.658,-0.043,9.871,17.79,29.914,-15.14,-0.013,30.188,14.25,-5.599,-12.484
592,D0379,45766967_59643,9/8/2023 15:40,29.6,2,,TRUE,,GD,No Defect,Pass,Pass,(None),500_LON,Not Done,Pass,Grey,Pass,green,none,0,2,2019,TRUE,Pass,0,0,-0.753,0.05,0.102,-0.062,-0.02,-0.01,-0.018,0.011,0.01,0.028,-0.052,-0.027,0.012,0.023,0.012,-0.077,0.005,-0.753,14.884,82.037,-131.417,-45.48,0.05,374.918,54.941,71.304,-35.427,0.102,118.868,-7.091,72.36,7.743,-0.062,321.823,52.668,-40.156,-34.539,-0.02,231.462,53.324,63.698,-34.792,-0.01,304.544,16.698,11.545,-14.317,-0.018,420.469,-20.336,-100.362,25.504,0.011,258.911,-32.123,-64.502,47.342,0.01,380.46,-5.085,-13.081,5.367,0.028,543.873,-11.534,-73.818,13.069,-0.052,147.963,10.119,19.419,-9.236,-0.027,391.221,-7.465,-74.13,8.038,0.012,384.474,-0.7,-21.804,0.717,0.023,299.752,8.662,8.877,-7.95,0.012,450.435,-13.532,-52.132,15.663,-0.077,386.214,-8.966,-22.275,9.764,0.005,-44.751,22.74,26.651,-18.523
593,D0381,45915998_59643,11/22/2023 10:54,21,2,,TRUE,,GD,No Defect,Pass,Pass,(None),500_LON,Not Done,Pass,(None),Pass,green,none,0,2,2019,TRUE,Pass,0,0,0.243,0.146,0.487,-0.018,0.06,0.07,0.02,0.011,0.019,0.033,-0.024,-0.035,0.015,0.032,0.031,0.008,0.03,0.243,60.845,26.216,-15.133,-20.578,0.146,45.16,-13.815,-10.301,16.199,0.487,-75.728,21.634,-125.391,-17.386,-0.018,53.948,10.406,-1.973,-9.441,0.06,65.382,38.593,-19.656,-27.802,0.07,31.263,42.896,24.564,-29.97,0.02,104.313,-4.017,-18.49,4.206,0.011,104.966,8.11,-24.514,-7.492,0.019,31.316,-8.463,0.301,9.266,0.033,62.359,-8.268,-116.536,9.049,-0.024,-39.285,16.053,42.673,-13.853,-0.035,38.474,-2.358,-65.405,2.379,0.015,26.606,-5.61,-18.565,5.96,0.032,11.946,9.446,17.987,-8.601,0.031,40.547,-3.652,-5.718,3.823,0.008,12.903,44.524,11.984,-30.802,0.03,52.686,-15.408,15.092,18.25
594,D0388,45746874_59643,8/30/2023 17:20,24.7,2,,TRUE,,GD,No Defect,Pass,Pass,(None),500_LON,Not Done,Pass,Blue,Pass,green,none,,2,2019,TRUE,Pass,0,0,0.65,0.199,0.254,-0.081,-0.04,0.042,0.027,0.068,0.05,0.065,-0.007,0.018,0.082,0.08,0.045,0.012,0.094,0.65,27.978,-44.139,15.132,80.178,0.199,-14.723,23.319,26.662,-18.748,0.254,96.828,-51.48,23.242,106.626,-0.081,286.383,4.193,-88.841,-4.102,-0.04,156.836,-4.589,-15.524,4.768,0.042,261.455,-11.908,11.779,13.566,0.027,325.996,-12.335,-57.702,14.102,0.068,150.533,-20.068,-42.69,25.192,0.05,267.605,4.794,19.36,-4.526,0.065,331.845,6.15,2.536,-5.732,-0.007,-76.606,78.154,54.465,-43.873,0.018,406.559,-32.625,-96.751,48.449,0.082,313.293,-8.477,-23.631,9.352,0.08,304.975,-4.354,-17.568,4.637,0.045,420.726,-14.203,-50.463,16.606,0.012,358.104,-16.581,-68.903,19.891,0.094,304.31,14.752,13.566,-12.774
595,D0390,45843824_59643,10/17/2023 12:52,21.9,2,,TRUE,,GD,No Defect,Pass,Pass,(None),500_LON,Not Done,Pass,(None),Pass,green,none,0,2,2019,TRUE,Fail,0,0,-5.71,-0.174,0.058,0.155,0.033,0.337,0.259,0.171,0.356,0.285,0.146,0.117,0.282,0.282,0.206,0.18,0.297,-5.71,-0.873,0.961,-46.135,-6.608,-0.174,112.602,42.532,56.435,-29.963,0.058,82.48,-4.957,70.089,5.276,0.155,330.756,-3.405,22.27,3.686,0.033,334.085,-30.813,-28.988,44.583,0.337,370.904,27.772,-79.975,-21.472,0.259,297.874,13.34,1.369,-11.541,0.171,298.899,-16.19,-34.002,19.522,0.356,323.735,15.634,-33.667,-13.212,0.285,400.462,4.68,-47.034,-4.199,0.146,110.548,18.889,35.445,-15.765,0.117,431.318,-15.552,-63.231,18.555,0.282,377.572,-13.198,-56.804,15.529,0.282,304.324,8.885,8.259,-7.901,0.206,429.551,-10.935,-42.927,12.509,0.18,347.758,-54.629,-15.465,120.8,0.297,368.127,44.579,6.589,-30.628
596,D0392,45999240_59643,1/12/2024 9:51,19,2,,TRUE,,GD,No Defect,Pass,Pass,(None),500_LON,Not Done,Pass,(None),Pass,(None),none,0,2,2019,TRUE,Pass,0,0,-1.589,0.455,0.429,0.013,-0.032,0.011,-0.04,-0.086,0.014,0.028,0.005,-0.011,-0.005,0.021,0.01,0.006,0.029,-1.589,-27.937,25.727,8.736,-21.726,0.455,14.471,101.894,72.563,-50.243,0.429,-2.035,59.433,85.063,-37.009,0.013,2.439,-9.416,31.019,10.409,-0.032,23.807,-11.395,18.057,12.824,0.011,31.645,-18.07,-13.738,22.069,-0.04,87.99,-6.497,3.476,6.905,-0.086,66.653,-10.422,35.51,11.538,0.014,16.45,-1.593,40.949,1.634,0.028,35.984,-16.357,-174.335,19.589,0.005,-40.818,15.492,1.259,-13.41,-0.011,24.365,1.526,-23.448,-1.514,-0.005,7.75,1.654,18.018,-1.632,0.021,-3.066,12.847,27.107,-11.366,0.01,17.947,-2.797,-5.324,2.888,0.006,3.1,13.86,-1.948,-12.168,0.029,26.326,34.791,25.35,-25.789
597,D0401,46063223_59643,2/14/2024 12:29,19.3,2,,TRUE,,GD,(None),Not Done,Not Done,(None),500_LON,Not Done,Pass,(None),Not Done,(None),,,0,0,FALSE,Pass,0,0,-0.524,-0.64,-0.118,0.241,0.193,0.355,0.218,0.189,0.41,0.321,0.114,0.192,0.279,0.323,0.176,0.168,0.298,-0.524,469.909,230.886,49.249,-69.937,-0.64,-91.547,-30.123,42.663,42.193,-0.118,29.601,80.74,-39.38,-44.737,0.241,54.842,-54.474,-128.394,120.183,0.193,42.548,14.914,-26.615,-12.811,0.355,31.223,-4.653,-3.498,5.253,0.218,59.344,9.477,-6.826,-8.457,0.189,67.442,-9.496,-9.221,10.701,0.41,38.205,-8.49,-16.432,9.726,0.321,41.144,40.085,12.147,-28.386,0.114,-19.578,22.571,26.174,-18.322,0.192,241.189,-42.619,-347.663,74.61,0.279,32.018,-5.283,-21.341,5.872,0.323,13.575,24.083,39.813,-19.149,0.176,162.059,-37.363,-182.306,59.93,0.168,50.03,-3.042,-99.818,3.31,0.298,54.618,-19.158,-6.733,24.067
598,D0402,45999222_59643,1/12/2024 10:14,20.2,2,,TRUE,,GD,No Defect,Pass,Pass,(None),500_LON,Not Done,Pass,(None),Pass,(None),none,0,2,2019,TRUE,Fail,0,0,-2.611,-1.771,0.318,-0.042,-0.01,0.04,0.018,0.016,0.033,0.035,-0.017,-0.031,0.053,0.04,0.033,-0.026,0.076,-2.611,-32.24,-50.486,-197.062,96.689,-1.771,-87.406,-71.861,50.726,249.086,0.318,-37.369,4.039,38.311,-3.576,-0.042,14.844,68.458,26.28,-40.663,-0.01,61.17,-39.535,-43.817,65.368,0.04,-5.165,66.028,55.265,-39.745,0.018,55.886,12.539,-0.2,-11.126,0.016,49.821,-8.708,-13.256,9.556,0.033,9.237,-7.199,-5.532,7.793,0.035,23.15,-10.632,-83.604,11.937,-0.017,-33.874,41.387,62.628,-29.284,-0.031,41.302,-3.205,-23.323,3.278,0.053,17.653,2.704,-0.656,-2.581,0.04,-1.081,5.173,14.462,-4.881,0.033,15.359,1.223,1.479,-1.175,-0.026,8.245,-26.131,11.968,35.339,0.076,39.68,8.68,16.91,-7.917
599,D0416,45485048_1450,4/13/2023 17:51,25.6,2,,TRUE,,GD,No Defect,Pass,Pass,Green,300_FW,Not Done,Pass,Blue,Pass,green,none,,3,2019,TRUE,Pass,0,0,-0.852,0.047,0.101,-0.018,0.03,0.041,-0.278,-0.007,0.024,-0.005,0.063,-0.001,0.027,-0.01,0.016,0.031,-0.034,-0.852,98.861,-78.558,-155.935,362.394,0.047,190.974,14.87,61.32,-12.904,0.101,173.455,12.296,36.841,-10.86,-0.018,245.927,7.813,15.97,-7.264,0.03,276.546,-6.737,-39.546,7.256,0.041,260.145,0.961,-28.788,-0.911,-0.278,22.835,-21.831,68.988,27.574,-0.007,216.586,12.426,8.923,-11.058,0.024,220.746,37.046,-14.993,-27.014,-0.005,195.813,12.698,25.117,-11.272,0.063,219.563,76.54,-41.072,-43.32,-0.001,303.965,-14.523,-1.395,16.989,0.027,251.061,0.383,-27.281,-0.355,-0.01,264.834,-7.532,-22.998,8.135,0.016,205.474,1.33,-0.344,-1.297,0.031,-51.902,-14.463,-15.624,16.944,-0.034,-75.431,15.331,30.438,-13.323
600,D0422,45907537_1450,11/17/2023 20:16,26.5,2,,TRUE,,GD,No Defect,Pass,Pass,(None),400_LA (new),Pass,Pass,(None),Pass,green,none,0,3,2019,TRUE,Pass,0,0,-2.296,0.264,0.3,0.097,-0.005,0.135,0.065,0.075,0.111,0.138,0.067,0.091,0.263,0.046,0.066,0.039,0.176,-2.296,145.085,-21.605,70.814,24.63,0.264,647.841,0.226,-0.497,0.038,0.3,611.572,41.973,-15.019,-29.353,0.097,674.079,-42.864,-340.478,75.191,-0.005,906.194,-63.259,5.264,172.161,0.135,714.053,-16.582,-137.873,20.039,0.065,-45.392,-19.843,-162.032,24.837,0.075,446.391,-14.562,-76.671,17.132,0.111,1106.451,14.312,-135.702,-12.423,0.138,947.522,13.058,-50.694,-11.428,0.067,873.562,23.78,-129.866,-19.157,0.091,530.072,11.602,-34.581,-10.315,0.263,1566.973,2.989,-71.017,-2.647,0.046,586.498,-3.758,-151.498,3.953,0.066,715.058,3.409,-91.511,-3.233,0.039,406.668,190.1,-4.726,-65.516,0.176,-52.918,-26.06,84.928,35.483
601,D0453,45849559_1450,10/19/2023 15:27,23.9,2,,TRUE,,UN,(None),Not Done,Not Done,(None),300_FW,Not Done,Pass,(None),Not Done,neon,,,0,0,FALSE,Fail,0,0,inf,1.487,0.627,-0.368,-0.116,-0.283,-0.18,-1.408,-0.298,-0.331,-0.127,-0.074,-0.223,-0.313,-0.194,-0.112,-0.336,inf,inf,inf,#NAME?,inf,1.487,458.155,232.878,-148.773,-69.512,0.627,113.948,178.705,-197.283,-63.895,-0.368,35.493,48.938,43.668,-33.105,-0.116,-20.571,9.832,42.165,-9.057,-0.283,12.526,-2.389,23.253,2.158,-0.18,75.926,-6.09,-15.539,6.293,-1.408,69.725,61.759,73.029,-39.05,-0.298,7.662,-16.649,25.957,19.617,-0.331,-29.3,-3.371,0.291,3.146,-0.127,17.086,7.913,6.264,-7.45,-0.074,94.593,12.96,9.886,-11.538,-0.223,32.925,4.237,-6.112,-4.278,-0.313,3.135,-0.765,5.616,0.456,-0.194,17.652,-5.983,2.124,6.157,-0.112,90.596,-52.116,-10.375,108.605,-0.336,-90.169,-20.841,-8.558,25.904
602,D0462,45999206_59643,1/12/2024 11:57,19.6,2,,TRUE,,GD,No Defect,Pass,Pass,(None),500_LON,Not Done,Pass,(None),Pass,(None),none,0,3,2019,TRUE,Fail,0,0,1.612,0.906,0.513,0.133,0.101,0.232,0.175,1.601,0.248,0.181,0.092,0.155,0.162,0.192,0.163,0.138,0.198,1.612,-14.633,-70.497,39.832,244.418,0.906,-77.485,-52.786,-88.263,113.718,0.513,-71.868,-14.219,-94.035,17.174,0.133,31.337,-33.731,-36.026,51.101,0.101,9.427,41.888,19.81,-29.45,0.232,30.588,4.734,6.548,-4.299,0.175,80.583,-4.324,-24.079,4.703,1.601,-18.558,-8.805,-137.635,11.412,0.248,40.839,22.908,-19.586,-18.437,0.181,45.165,-4.835,-61.691,5.271,0.092,-28.327,11.495,-5.131,-10.227,0.155,38.429,-10.672,-92.538,12.121,0.162,32.913,-10.481,-31.209,11.89,0.192,7.958,25.496,39.049,-20.163,0.163,44.871,3.942,9.069,-3.636,0.138,6.305,13.107,16.094,-11.466,0.198,64.929,-20.7,-65.411,26.353
603,D0465,45434947_1450,3/16/2023 20:18,23.8,2,,TRUE,,GD,No Defect,Pass,Pass,Green,200_LA (old),Not Done,Pass,Blue,Pass,green,none,,3,2019,TRUE,Fail,0,0,-1.653,0.088,0.507,0.286,0.094,0.121,-0.649,0.004,0.112,0.109,0.073,0.051,-0.037,0.11,0.064,-0.079,0.08,-1.653,-41.638,-39.768,55.665,63.281,0.088,94.755,-54.616,2.637,120.535,0.507,489.807,93.91,86.868,-48.168,0.286,4892.679,19.949,-112.351,-16.393,0.094,2207.48,30.38,-42.005,-23.229,0.121,930.128,-28.886,-237.736,40.79,-0.649,17.451,52,24.168,-34.637,0.004,1155.271,-18.123,-157.112,22.139,0.112,762.346,-33.025,-221.201,49.475,0.109,-50.529,-12.085,-34.724,13.87,0.073,1270.845,-36.337,-66.84,57.193,0.051,710.111,2.242,-16.126,-2.144,-0.037,594.193,-14.595,-228.239,17.046,0.11,178.533,-52.42,-394.777,110.404,0.064,10.448,-16.621,-165.609,20.011,-0.079,583.051,68.575,-69.408,-40.726,0.08,3.288,13.133,-7.592,-11.538
604,D0466,45985665_1450,1/4/2024 17:25,20.8,2,,TRUE,,GD,(None),Not Done,Not Done,(None),400_LA (new),Not Done,Pass,(None),Not Done,(None),,,0,0,FALSE,Fail,0,0,1.987,-2.713,-0.285,-1.958,-1.956,0.555,-0.238,-0.991,1.456,1.061,1.36,1.181,-0.55,-0.363,-0.658,0.757,-0.406,1.987,1418.647,210.662,-62.884,-67.171,-2.713,-19.525,-47.981,-278.5,87.021,-0.285,-7.859,-5.974,-90.787,6.05,-1.958,-43.21,8.93,-11.192,-9.995,-1.956,-15.769,63.666,5.794,-40.095,0.555,15.814,19.884,-24.058,-16.122,-0.238,-21.026,4.905,-15.933,-4.902,-0.991,58.601,-6.803,-2.442,6.236,1.456,28.363,29.521,44.285,-21.669,1.061,84.173,40.609,6.319,-28.126,1.36,-34.757,14.502,35.733,-11.477,1.181,-22.16,-7.462,8.749,9.34,-0.55,197.453,-4.444,9.871,4.075,-0.363,35.223,-1.192,6.487,0.839,-0.658,78.066,-17.305,-27.811,20.131,0.757,-46.024,-5.529,-40.648,6.654,-0.406,76.938,-17.786,-20.808,21.14
605,D0511,45193947_1450,11/3/2022 15:27,24.2,2,,TRUE,,GD,No Defect,Pass,Pass,Green,200_LA (old),Not Done,Pass,Blue,Pass,green,none,,2,2019,TRUE,Pass,0,0,-0.35,-0.832,-0.029,0.204,0.023,-0.152,-0.121,-0.126,-0.102,-0.122,-0.089,-0.103,-0.134,-0.042,-0.101,-0.008,-0.008,-0.35,205.314,-46.078,51.659,84.805,-0.832,430.285,-53.121,63.372,111.539,-0.029,390.988,30.845,81.432,-23.596,0.204,2284.079,-8.488,-85.183,9.497,0.023,1916.675,12.814,-251.265,-11.339,-0.152,1577.595,-42.838,-376.25,74.677,-0.121,902.575,-20.256,-197.29,25.249,-0.126,1096.59,-28.106,-83.413,38.918,-0.102,875.177,17.155,-123.008,-14.73,-0.122,34.673,-19.509,-43.352,24.087,-0.089,1324.602,21.449,-46.209,-17.734,-0.103,389.783,10.976,-8.428,-9.983,-0.134,15.095,-11.492,-29.308,12.833,-0.042,239.659,-37.589,-213.429,60.161,-0.101,84.386,-12.036,-28.649,13.569,-0.008,293.974,84.703,-107.556,-45.863,-0.008,60.131,31.205,21.234,-23.79
606,D0511,45902507_1450,11/20/2023 13:46,22.5,2,,TRUE,,GD,No Defect,Pass,Pass,(None),110_LVL (new),Not Done,Pass,(None),Pass,green,none,0,2,2019,TRUE,Pass,0,0,0.737,0.653,0.821,0.159,0.099,0.113,0.08,0.155,0.086,0.19,0.099,0.043,0.083,0.085,0.048,-0.093,0.088,0.737,0.355,-1.781,66.006,2.563,0.653,12.532,10.918,33.766,-9.255,0.821,-27.655,70.003,33.327,-40.695,0.159,22.668,-18.583,-36.779,23.021,0.099,58.51,71.393,64.846,-41.597,0.113,34.374,15.342,7.459,-13.204,0.08,51.019,1.395,18.518,-1.297,0.155,45.2,39.585,34.779,-28.248,0.086,1.466,-40.039,59.742,66.918,0.19,10.603,15.273,16.166,-13.085,0.099,-87.267,8.061,4.899,-7.368,0.043,20.039,-11.474,-11.833,13.011,0.083,32.575,-5.784,-15.315,6.227,0.085,27.622,-2.608,-4.589,2.765,0.048,11.404,1.765,4.016,-1.688,-0.093,-34.079,102.574,26.805,-50.681,0.088,40.048,-10.748,-37.486,12.14
607,D0513,45804397_1450,9/28/2023 10:43,24.2,2,,TRUE,,GD,No Defect,Pass,Pass,(None),300_FW,Not Done,Pass,(None),Pass,green,none,0,2,2019,TRUE,Fail,0,0,inf,-0.205,-0.375,-0.176,-0.044,0.021,0.034,-1.579,-0.019,-0.113,-0.017,-0.009,-0.035,-0.101,-0.038,-0.005,-0.132,inf,inf,inf,#NAME?,inf,-0.205,108.017,5.036,-51.326,-4.99,-0.375,143.655,-7.363,-32.017,7.543,-0.176,91.153,-6.8,36.769,7.107,-0.044,15.268,-2.952,21.617,2.996,0.021,92.036,-26.17,-14.822,35.474,0.034,164.526,16.537,-12.433,-14.161,-1.579,244.461,19.407,58.727,-17.575,-0.019,61.193,-35.363,-24.874,54.682,-0.113,45.794,-0.392,-19.655,0.279,-0.017,114.022,5.038,1.645,-4.812,-0.009,143.999,-14.622,-29.34,17.116,-0.035,112.898,1.993,-28.434,-1.989,-0.101,70.846,-2.345,-3.8,2.298,-0.038,61.301,-1.931,-6.65,1.931,-0.005,94.631,30.196,26.391,-23.196,-0.132,-84.512,-12.775,-50.53,14.495
608,D0515,45907368_1450,11/17/2023 21:19,26.5,2,,TRUE,,GD,No Defect,Pass,Pass,(None),400_LA (new),Not Done,Pass,(None),Pass,green,none,0,2,2019,TRUE,Pass,0,0,-1.335,-0.978,0.454,-0.093,0.089,0.091,0.02,0.09,0.002,0.056,-0.011,-0.057,0.151,-0.065,0.021,0.068,0.048,-1.335,93.672,25.664,63.042,-21.485,-0.978,335.829,-53.365,71.135,112.332,0.454,-7.683,44.033,68.168,-30.256,-0.093,-24.204,-25.1,-60.022,33.388,0.089,64.749,-34.484,-72.6,52.77,0.091,55.928,14.626,-10.276,-12.681,0.02,-48.374,1.974,30.781,-1.916,0.09,41.411,41.075,7.334,-29.052,0.002,19.291,27.22,23.131,-21.395,0.056,169.669,24.741,22.369,-19.789,-0.011,0.704,22.223,30.205,-18.191,-0.057,-21.556,35.298,-30.284,-26.132,0.151,237.963,8.195,9.864,-7.434,-0.065,38.128,-8.855,-24.71,9.644,0.021,60.842,4.71,7.688,-4.478,0.068,-49.094,-11.254,-188.799,12.758,0.048,32.5,43.407,25.648,-30.235
609,D0516,45418808_1450,3/8/2023 17:02,21.6,2,,TRUE,,GD,No Defect,Pass,Pass,Green,200_LA (old),Not Done,Pass,Blue,Pass,green,none,,2,2019,TRUE,Pass,0,0,inf,0.34,-0.354,-0.08,0.15,0.023,0.183,0.217,-0.103,0.041,0.12,0.156,0.178,-0.037,0.099,0.104,0.08,inf,inf,inf,#NAME?,inf,0.34,-43.11,-42.076,-79.288,73.227,-0.354,188.54,390.915,-32.637,-79.702,-0.08,220.231,-2.601,9.934,2.589,0.15,193.299,-21.097,30.74,26.927,0.023,106.93,-17.759,-11.225,21.622,0.183,230.384,22.379,49.209,-18.137,0.217,333.607,1.595,2.46,-1.357,-0.103,45.309,-22.026,37.531,28.115,0.041,-7.757,-13.948,5.528,16.257,0.12,145.812,10.798,40.78,-9.637,0.156,224.097,35.018,-18.369,-25.82,0.178,213.398,-3.917,11.538,4.262,-0.037,23.371,-8.032,-31.932,8.693,0.099,45.995,0.617,-1.974,-0.515,0.104,501.946,-33.274,20.178,50.023,0.08,92.143,-1.396,-28.427,1.497
610,D0520,45712030_1450,8/10/2023 21:26,25.1,2,,TRUE,,GD,No Defect,Pass,Pass,Green,300_FW,Not Done,Pass,Blue,Pass,green,none,,3,2019,TRUE,Fail,0,0,inf,inf,-0.47,-0.169,-0.03,-0.041,0.094,-0.047,-0.028,-0.093,-0.021,0.025,-0.017,-0.076,-0.021,0.073,-0.112,inf,inf,inf,#NAME?,inf,inf,inf,inf,#NAME?,inf,-0.47,107.468,13.346,13.858,-12.189,-0.169,112.602,25.484,-28.65,-20.443,-0.03,38.735,18.04,24.499,-15.308,-0.041,133.289,-25.621,-53.773,34.391,0.094,217.76,-5.507,-73.437,5.927,-0.047,51.158,-1.342,-21.783,1.312,-0.028,74.531,39.658,-23.05,-28.416,-0.093,58.495,5.386,-4.812,-5.199,-0.021,146.883,-13.747,-56.099,15.914,0.025,85.039,78.922,-95.642,-44.096,-0.017,91.899,-22.118,-41.672,28.378,-0.076,49.596,7.973,17.39,-7.454,-0.021,76.831,-3.677,-6.12,3.795,0.073,186.321,-12.718,-78.042,14.654,-0.112,48.596,2.921,-24.318,-2.947
611,D0522,45603390_1450,6/15/2023 15:11,24.2,2,,TRUE,,GD,No Defect,Pass,Pass,Green,400_LA (new),Not Done,Pass,Blue,Pass,green,none,,2,2019,TRUE,Pass,0,0,-1.569,-0.129,-0.63,-0.1,0.009,-0.134,-0.04,-0.082,-0.109,-0.134,-0.056,-0.052,-0.08,-0.095,-0.064,-0.119,-0.136,-1.569,-59.719,60.131,22.518,-38.531,-0.129,-66.935,-9.392,-18.199,10.222,-0.63,113.75,-57.333,30.62,132.894,-0.1,150.775,58.185,5.407,-36.846,0.009,130.401,112.255,22.669,-52.883,-0.134,151.503,-14.4,25.072,16.666,-0.04,111.687,13.291,27.816,-11.768,-0.082,93.559,38.165,8.116,-27.682,-0.109,185.012,15.918,3.343,-13.826,-0.134,169.211,9.644,-5.204,-8.918,-0.056,121.641,29.756,29.051,-22.975,-0.052,173.722,37.615,-30.654,-27.371,-0.08,166.722,-0.017,-3.409,-0.063,-0.095,161.018,5.377,8.942,-5.192,-0.064,163.58,-0.033,-5.295,-0.031,-0.119,79.867,101.646,55.332,-50.467,-0.136,95.043,-11.749,2.663,13.159
612,d0524,45775261_1450,9/13/2023 10:48,24.3,2,,TRUE,,GD,No Defect,Pass,Pass,(None),300_FW,Not Done,Pass,(None),Pass,green,none,0,2,2019,TRUE,Pass,0,0,0.613,0.356,0.442,0.31,-0.013,0.084,0.069,-0.002,0,0.011,0.048,0.014,0.01,0.032,0.02,0.074,0.033,0.613,691.579,-26.725,77.366,37.308,0.356,791.562,48.69,67.165,-32.506,0.442,557.763,53.929,59.708,-34.748,0.31,2282.993,54.255,-264.722,-34.971,-0.013,1299.734,1.811,-9.985,-1.791,0.084,1001.965,-8.981,-122.407,9.959,0.069,1351.748,-18.128,-150.772,22.226,-0.002,684.256,-18.328,-84.802,22.439,0,358.465,29.305,-18.655,-22.663,0.011,-22.002,-8.157,-49.057,8.894,0.048,794.343,-24.488,-57.664,32.491,0.014,3419.318,61.711,2.669,-38.153,0.01,391.58,27.281,9.891,-21.426,0.032,1153.368,-27.212,-185.528,37.43,0.02,-13.395,7.034,8.555,-6.553,0.074,94.303,63.951,-16.941,-38.961,0.033,-9.363,0.575,-1.453,-0.539
613,D0526,46007635_1450,1/18/2024 16:59,26.2,2,,TRUE,,GD,No Defect,Pass,Pass,(None),110_LVL (new),Not Done,Pass,(None),Pass,(None),none,0,2,2019,TRUE,Pass,0,0,-0.724,-0.304,0.079,0.04,-0.034,-0.041,-0.002,-0.004,0,0.044,-0.041,-0.072,0,-0.045,-0.048,-0.105,0.008,-0.724,-61.06,-61.943,-64.504,160.863,-0.304,-40.985,2.724,84.264,-2.948,0.079,-46.07,6.544,68.003,-6.068,0.04,52.372,-5.772,4.963,6.168,-0.034,215.014,3.753,-91.583,-3.65,-0.041,40.395,39.185,49.871,-28.183,-0.002,-3.2,8.262,23.02,-7.634,-0.004,128.009,-5.718,4.117,6.061,0,90.104,0.297,2.642,-0.296,0.044,84.472,1.875,-7.086,-1.798,-0.041,25.8,63.686,25.884,-38.933,-0.072,53.311,-31.734,-22.139,46.38,0,78.951,-7.762,-3.192,8.415,-0.045,20.589,19.079,12.554,-16.06,-0.048,30.84,-0.222,2.848,0.174,-0.105,71.486,-48.997,17.401,95.862,0.008,114.119,-2.162,-7.869,2.218
614,D0530,46054138_1450,2/9/2024 11:08,22.4,2,,TRUE,,GD,No Defect,Not Done,Pass,(None),110_LVL (new),Not Done,Pass,(None),Pass,(None),none,0,2,2019,TRUE,Pass,0,0,0.527,0.179,0.307,0.09,-0.095,0.143,0,-0.054,0.095,0.028,0.018,-0.064,-0.017,0.043,0.186,0.06,0.085,0.527,769.724,-14.799,74.368,17.988,0.179,1021.391,88.888,49.075,-46.964,0.307,603.956,89.494,80.557,-47.066,0.09,2898.565,80.955,-39.856,-44.688,-0.095,2167.363,281.924,4.65,-73.842,0.143,1566.152,-63.052,-405.639,171.037,0,120.474,1.562,-74.274,-1.538,-0.054,1600.301,-22.06,-175.706,28.235,0.095,878.837,21.288,-66.51,-17.473,0.028,67.298,-10.345,-188.727,11.57,0.018,1352.206,0.529,-61.419,-0.508,-0.064,518.992,-10.141,-39.001,11.214,-0.017,942.568,-0.296,-115.271,0.28,0.043,1661.125,-20.713,-224.851,26.178,0.186,42.098,-43.984,-141.484,78.853,0.06,378.115,-14.295,-66.956,16.749,0.085,75.911,21.647,15.617,-17.725
615,D0530,45211590_1450,11/17/2022 18:46,23.6,2,,TRUE,,GD,No Defect,Not Done,Pass,Green,100_LVL (old),Not Done,Pass,Blue,Pass,green,none,,2,2019,TRUE,Fail,0,0,-0.041,-0.1,-0.11,0.096,-0.303,-0.395,-0.163,-0.2,-0.224,-0.183,-0.124,-0.089,-0.298,-0.117,-0.187,-0.18,-0.248,-0.041,-47.29,1.409,39.827,-1.43,-0.1,-35.599,-6.604,15.056,6.964,-0.11,-27.866,-3.706,12.725,3.735,0.096,-50.139,-7.496,30.148,8.207,-0.303,-73.348,-72.984,-93.028,269.023,-0.395,-35.764,73.689,57.454,-42.654,-0.163,391.368,-8.721,11.076,9.375,-0.2,-72.563,15.505,56.984,-13.597,-0.224,-36.342,1.856,45.114,-2.042,-0.183,576.886,4.139,25.515,-4.15,-0.124,-55.207,-7.724,29.803,8.235,-0.089,38.337,11.83,10.509,-10.658,-0.298,-42.562,-39.698,-58.278,65.337,-0.117,-76.83,27.994,69.168,-21.962,-0.187,-35.598,6.803,32.793,-6.544,-0.18,-57.442,17.513,44.825,-15.056,-0.248,-41.227,30.211,43.15,-23.392
616,D0531,45982205_1450,1/5/2024 17:37,23.5,2,,TRUE,,GD,No Defect,Pass,Pass,(None),110_LVL (new),Not Done,Pass,(None),Pass,(None),none,0,2,2019,TRUE,Pass,0,0,1.041,0.647,inf,-0.161,-0.008,-0.082,0.003,-0.011,-0.074,-0.117,-0.021,-0.019,-0.037,-0.134,-0.066,-0.035,-0.105,1.041,123.222,252.437,60.261,-71.331,0.647,204.649,149.797,-102.514,-59.709,inf,inf,inf,#NAME?,inf,-0.161,129.406,-31.749,-11.052,46.282,-0.008,95.73,-27.21,-38.024,37.37,-0.082,118.862,-10.834,-24.963,12.059,0.003,125.244,2.233,-62.28,-2.181,-0.011,124.487,-9.183,-29.234,10.1,-0.074,120.606,36.789,38.125,-26.949,-0.117,126.935,0.297,-27.565,-0.413,-0.021,144.503,-16.877,-31.581,20.278,-0.019,104.622,-0.923,-34.606,0.912,-0.037,145.518,8.503,12.534,-7.871,-0.134,87.102,-8.939,-27.513,9.669,-0.066,35.426,8.162,13.439,-7.608,-0.035,176.703,50.328,46.361,-33.502,-0.105,117.539,0.556,-19.747,-0.657
617,D0532,46049965_1450,2/8/2024 14:01,22.2,2,,TRUE,,GD,No Defect,Not Done,Pass,(None),110_LVL (new),Not Done,Pass,(None),Pass,(None),none,0,2,2019,TRUE,Fail,0,0,inf,-0.52,-1.127,0.107,0.016,0.025,0.01,0.009,0.029,0.009,0.013,-0.014,-0.019,-0.016,-0.011,-0.043,-0.024,inf,inf,inf,#NAME?,inf,-0.52,103.795,161.366,27.563,-61.938,-1.127,107.212,-69.214,63.894,221.16,0.107,39.748,-34.795,-58.823,53.526,0.016,33.865,39.564,29.828,-28.337,0.025,9.978,-31.828,37.685,46.726,0.01,19.572,1.581,-5.015,-1.547,0.009,11.185,35.398,28.145,-26.137,0.029,8.621,24.292,-1.844,-19.521,0.009,4.172,1.562,13.511,-1.529,0.013,15.224,13.609,-15.421,-11.967,-0.014,19.368,0.531,-24.723,-0.542,-0.019,10.557,5.426,-22.029,-5.165,-0.016,-4.962,28.078,32.063,-21.935,-0.011,21.88,-6.838,-21.749,7.328,-0.043,47.478,43.062,3.346,-30.131,-0.024,32.088,-23.818,-28.72,31.233
618,D0533,45869161_1450,10/27/2023 16:01,33.7,2,,TRUE,,GD,No Defect,Pass,Pass,(None),400_LA (new),Not Done,Pass,(None),Pass,green,none,0,2,2019,TRUE,Fail,0,0,-0.15,-0.343,-1.514,0.09,-0.054,-0.022,-0.04,-0.038,0.005,0.094,-0.074,-0.104,-0.082,0.02,-0.029,-0.149,-0.047,-0.15,-44.282,-64.418,-70.893,180.617,-0.343,-24.703,26.646,10.877,-21.31,-1.514,-72.66,52.016,90.323,-35.213,0.09,94.636,24.664,-0.708,-19.712,-0.054,180.036,-19.959,-37.576,24.868,-0.022,62.35,0.886,-6.792,-0.901,-0.04,-2.132,1.491,17.735,-1.509,-0.038,79.368,33.489,15.298,-25.116,0.005,80.225,2.423,14.99,-2.361,0.094,91.316,0.481,7.419,-0.385,-0.074,63.58,15.652,0.786,-13.598,-0.104,52.724,0.569,11.635,-0.669,-0.082,69.063,8.351,20.49,-7.783,0.02,97.699,33.08,43.322,-24.842,-0.029,70.968,13.788,27.209,-12.143,-0.149,11.423,12.935,34.37,-11.585,-0.047,120.938,18.285,21.035,-15.498
619,d0534,45951508_1450,12/12/2023 15:32,23.3,2,,TRUE,,GD,No Defect,Pass,Pass,(None),300_FW,Not Done,Pass,(None),Pass,(None),none,0,2,2019,TRUE,Pass,0,0,-0.378,-0.123,-0.121,-0.02,0.002,-0.051,0.021,-0.052,0.077,-0.005,-0.022,-0.015,-0.092,0.078,-0.001,-0.156,-0.018,-0.378,-55.409,-34.788,-346.866,52.767,-0.123,-68.213,-21.918,-12.584,27.913,-0.121,-63.788,-9.424,-52.166,10.271,-0.02,-67.822,24.156,16.667,-19.473,0.002,-78.107,-40.72,-18.7,68.695,-0.051,-73.514,52.919,32.111,-34.64,0.021,-74.276,-5.8,15.209,6.18,-0.052,-80.493,-15.819,-31.608,18.729,0.077,-61.21,43.206,-46.887,-30.117,-0.005,-61.239,12.296,26.883,-10.954,-0.022,-72.956,-2.873,15.727,2.936,-0.015,-83.419,-6.331,11.279,6.742,-0.092,-84.32,-1.552,21.386,1.483,0.078,-57.685,6.755,12.867,-6.255,-0.001,-71.573,4.316,37.816,-4.138,-0.156,-83.606,49.586,60.289,-33.254,-0.018,-75.426,26.465,40.801,-20.941
620,D0535,45711376_1450,8/17/2023 15:15,23.5,2,,TRUE,,GD,No Defect,Not Done,Pass,(None),110_LVL (new),Not Done,Pass,Blue,Pass,green,none,,1,2019,TRUE,Pass,0,0,inf,-0.436,-0.683,-0.167,-0.038,-0.146,-0.058,-0.025,-0.1,-0.161,-0.105,-0.032,-0.088,-0.167,-0.083,-0.037,-0.122,inf,inf,inf,#NAME?,inf,-0.436,-77.078,13.191,33.44,-12.039,-0.683,100.831,13.547,25.021,-12.532,-0.167,136.78,-15.397,22.939,18.002,-0.038,137.433,-27.131,-17.029,37.181,-0.146,135.741,4.007,22.083,-3.993,-0.058,158.412,55.163,11.279,-35.589,-0.025,146.286,6.042,-22.789,-5.722,-0.1,131.553,-5.799,11.661,6.05,-0.161,117.606,3.554,-0.26,-3.587,-0.105,98.904,38.659,49.84,-27.956,-0.032,143.121,43.582,-31.484,-30.376,-0.088,127.877,-5.185,-6.563,5.376,-0.167,64.405,6.939,5.287,-6.646,-0.083,41.846,4.867,11.671,-4.72,-0.037,178.571,-1.726,40.579,1.719,-0.122,-71.412,-39.324,-178.779,64.608
621,D0537,45525997_1450,5/8/2023 11:36,26.2,2,,TRUE,,GD,No Defect,Pass,Pass,Green,300_FW,Not Done,Pass,Blue,Pass,green,none,,5,2019,TRUE,Pass,0,0,0.688,0.457,0.694,0.318,0.169,0.325,-0.066,0.138,0.354,0.202,0.172,0.146,0.152,0.275,0.213,0.197,0.237,0.688,798.765,3.193,87.589,-2.428,0.457,954.361,18.58,51.121,-15.283,0.694,560.828,22.139,55.708,-17.558,0.318,1776.303,348.001,26.898,-77.608,0.169,904.29,147.371,-84.253,-59.506,0.325,890.979,-18.66,-201.859,23.34,-0.066,417.911,0.989,-27.171,-1.044,0.138,460.995,-22.555,-128.387,29.303,0.354,356.398,-38.251,-173.562,62.519,0.202,527.33,-5.364,-162.28,5.882,0.172,845.369,-22.321,-97.067,28.958,0.146,451.959,-4.103,3.389,4.431,0.152,477.914,-0.04,-183.222,0.192,0.275,184.963,-43.694,-294.404,78.088,0.213,54.47,-20.23,-98.037,25.627,0.197,194.235,12.897,-18.555,-11.249,0.237,-23.645,50.873,19.827,-33.562
622,D0543,45840742_59643,10/17/2023 13:12,21.8,2,,TRUE,,GD,No Defect,Pass,Pass,(None),500_LON,Not Done,Pass,(None),Pass,green,none,0,5,2019,TRUE,Pass,0,0,-0.213,0.051,0.237,-0.039,-0.02,0.041,0.028,-0.014,0.062,0.056,-0.008,-0.007,0.041,0.035,0.028,-0.072,0.062,-0.213,24.34,1.674,4.037,-1.856,0.051,4.614,50.632,-96.196,-33.579,0.237,0.732,64.118,-129.384,-38.924,-0.039,10.671,-21.173,-7.341,26.81,-0.02,0.212,-39.007,-54.78,63.921,0.041,-1.321,7.729,19.431,-7.136,0.028,37.365,0.266,-5.985,-0.237,-0.014,20.239,-8.772,-13.129,9.6,0.062,26.063,-8.936,-39.928,9.881,0.056,55.15,-39.712,-295.767,65.963,-0.008,-40.149,9.571,37.856,-8.742,-0.007,9.017,-10.806,-47.921,12.107,0.041,13.746,-15.129,-28.162,17.874,0.035,11.483,-9.421,-29.535,10.439,0.028,41.575,-13.701,-49.571,15.909,-0.072,0.571,0.12,-3.704,-0.192,0.062,7.598,0.804,9.153,-0.736
623,D0557,45021183_1450,8/3/2022 13:14,27,2,,TRUE,,GD,No Defect,Pass,Pass,Green,300_FW,Pass,Pass,Blue,Pass,green,none,,5,2019,TRUE,Pass,0,0,1.108,0.498,0.812,0.396,0.08,0.059,0.036,0.023,0.076,0.009,0.018,0.09,0.035,0.24,0.096,-0.01,0.17,1.108,34.58,-5.307,84.313,6.774,0.498,117.498,17.239,50.474,-14.279,0.812,46.145,31.142,66.763,-23.128,0.396,138.211,-41.72,-157.513,72.264,0.08,-5.645,25.389,-168.424,-20.184,0.059,158.865,-52.231,-338.35,109.465,0.036,-74.469,-1.746,-30.825,1.814,0.023,-28.382,32.281,-2.009,-24.386,0.076,25.227,-44.563,-5.551,80.522,0.009,-78.684,-12.122,-48.9,13.804,0.018,45.265,-31.07,-75.21,45.101,0.09,34.615,7.514,-13.426,-6.904,0.035,-11.493,-30.34,-111.869,43.604,0.24,-58.016,-22.922,-67.133,30.051,0.096,-84.51,-10.472,-9.637,11.804,-0.01,29.929,116.714,29.524,-53.861,0.17,40.292,13.157,3.236,-11.476
624,D0557,46045707_1450,2/2/2024 15:28,25.4,2,,TRUE,,GD,No Defect,Pass,Pass,(None),300_FW,Not Done,Pass,(None),Pass,(None),none,0,4,2019,TRUE,Pass,0,0,-0.331,-0.239,-0.408,-0.318,-0.153,-0.116,-0.059,-0.099,-0.104,-0.063,-0.04,-0.047,-0.093,-0.251,-0.139,-0.163,-0.207,-0.331,-55.401,131.617,34.886,-56.968,-0.239,226.383,15.116,-28.735,-13.339,-0.408,204.05,7.678,14.697,-7.51,-0.318,266.906,14.905,-3.475,-13.249,-0.153,390.112,-13.403,0.054,15.301,-0.116,169.68,-11.356,23.032,12.68,-0.059,173.998,-16.585,6.45,19.812,-0.099,388.137,-1.932,-41.182,1.869,-0.104,231.064,-7.233,-19.73,7.685,-0.063,202.406,-0.451,-0.615,0.39,-0.04,205.626,-9.844,-16.048,10.874,-0.047,284.65,-6.787,-38.036,7.231,-0.093,573.328,2.811,3.491,-2.825,-0.251,229.417,-8.569,-31.038,9.097,-0.139,319.165,-2.184,-20.55,2.091,-0.163,-51.089,-9.405,-18.428,10.202,-0.207,-56.602,11.982,22.399,-10.885
625,D0559,45894420_1450,11/15/2023 13:02,24.3,2,,TRUE,,GD,No Defect,Pass,Pass,(None),110_LVL (new),Not Done,Pass,(None),Pass,green,none,0,5,2019,TRUE,Pass,0,0,0.053,-0.174,-0.269,-0.057,0.019,-0.011,-0.026,0.029,-0.014,0.002,-0.034,-0.051,-0.019,-0.054,-0.05,-0.047,0.014,0.053,104.699,104.697,20.804,-51.121,-0.174,155.969,16.654,51.163,-14.426,-0.269,241.593,14.5,11.517,-12.898,-0.057,347.448,-21.654,30.343,27.566,0.019,612.076,-31.751,-62.656,46.55,-0.011,337.849,30.542,-2.5,-23.405,-0.026,-60.538,-3.948,15.532,4.083,0.029,577.389,3.676,2.16,-3.518,-0.014,468.698,4.364,-1.843,-4.195,0.002,487.747,7.893,3.982,-7.313,-0.034,408.295,16.928,5.928,-14.506,-0.051,342.475,-22.213,-33.059,28.491,-0.019,475.35,18.016,12.818,-15.281,-0.054,372.227,4.098,4.346,-3.988,-0.05,-53.522,4.42,17.126,-4.281,-0.047,-39.539,-41.987,23.05,72.294,0.014,-34.574,20.207,30.935,-16.798
626,D0560,45444040_1450,3/22/2023 21:35,21.3,2,,TRUE,,GD,No Defect,Pass,Pass,Green,400_LA (new),Not Done,Pass,Blue,Pass,green,none,,4,2019,TRUE,Fail,0,0,-1.435,-1.13,0.581,-0.105,-0.034,-0.05,0.012,-1.298,-0.007,-0.073,0.021,-0.006,-0.005,-0.022,-0.026,0.002,-0.051,-1.435,-88.153,-38.665,-68.578,60.699,-1.13,102.311,54.203,86.569,-35.883,0.581,199.887,323.849,40.383,-76.27,-0.105,169.499,82.505,35.242,-45.264,-0.034,141.917,-4.33,43.707,4.49,-0.05,183.17,-14.733,-2.097,17.22,0.012,146.545,4.477,-2.634,-4.274,-1.298,301.571,34.327,52.256,-26.521,-0.007,204.495,35.519,-13.872,-26.215,-0.073,140.997,-19.397,14.473,23.974,0.021,165.14,26.005,13.794,-20.621,-0.006,180.753,80.5,-34.156,-44.601,-0.005,164.105,-17.949,-14.614,21.87,-0.022,148.559,3.912,9.252,-3.785,-0.026,139.916,-2.725,-5.263,2.774,0.002,146.288,40.809,49.52,-28.981,-0.051,-69.227,-14.264,-24.199,16.577
627,D0561,45937528_1450,12/6/2023 16:14,22.7,2,,TRUE,,GD,No Defect,Pass,Pass,(None),110_LVL (new),Not Done,Pass,(None),Pass,(None),none,0,4,2019,TRUE,Pass,0,0,-1.931,-0.446,0.142,0.01,0.02,0.024,0.004,-0.005,0.079,0.058,0.021,-0.014,-0.01,-0.039,-0.032,-0.079,0.014,-1.931,-42.394,-39.996,2.524,63.438,-0.446,-65.517,-2.231,49.318,1.826,0.142,0.527,-2.349,50.359,2.55,0.01,26.812,18.115,29.252,-15.328,0.02,149.457,-0.333,-50.975,0.355,0.024,22.289,-20.476,-4.311,25.778,0.004,-15.627,18.662,-0.439,-15.724,-0.005,101.617,-18.485,-24.572,22.67,0.079,46.794,13.117,-10.681,-11.526,0.058,47.563,4.092,9.547,-3.876,0.021,44.905,15.783,-13.032,-13.613,-0.014,9.804,-20.384,4.229,25.585,-0.01,70.716,-8.461,-20.58,9.232,-0.039,21.35,0.303,4.084,-0.34,-0.032,29.025,-1.367,2.979,1.353,-0.079,73.902,-40.587,-10.093,68.181,0.014,106.964,-21.725,-36.414,27.772
628,D0565,45832722_1450,10/18/2023 12:09,22.2,2,,TRUE,,GD,No Defect,Not Done,Pass,(None),110_LVL (new),Not Done,Pass,(None),Pass,green,none,0,5,2019,TRUE,Pass,0,0,inf,-0.58,-0.148,0.087,0.015,0.02,-0.033,-0.019,0.005,0.038,-0.058,-0.062,-0.01,-0.04,-0.044,-0.02,0.013,inf,inf,inf,#NAME?,inf,-0.58,89.818,-62.253,62.025,163.385,-0.148,203.217,70.185,68.563,-41.327,0.087,447.504,54.086,-114.427,-35.045,0.015,606.592,-32.61,-29.536,48.411,0.02,501.911,-2.215,-19.645,2.285,-0.033,327.877,-0.087,-5.68,0.054,-0.019,591.384,-17.795,-33.619,21.624,0.005,468.729,1.157,-15.956,-1.139,0.038,507.281,-4.952,-8.539,5.25,-0.058,360.787,11.122,-6.566,-10.061,-0.062,290.889,2.801,17.08,-2.785,-0.01,527.584,-4.325,-12.867,4.51,-0.04,356.55,6.662,1.492,-6.284,-0.044,322.081,15.63,15.521,-13.555,-0.02,-40.61,-41.895,-20.897,72.069,0.013,-8.359,3.623,17.025,-3.483
629,D0587,45900577_59643,11/15/2023 11:11,20.1,2,,TRUE,,GD,No Defect,Pass,Pass,(None),500_LON,Not Done,Pass,(None),Pass,green,none,0,5,2019,TRUE,Pass,0,0,1.422,-0.079,0.111,0.01,-0.022,0.056,0.028,-0.061,0.045,0.044,-0.038,0.029,0.022,0.052,0.016,-0.016,0.008,1.422,-10.718,90.939,34.944,-46.882,-0.079,-54.261,22.293,24.35,-18.294,0.111,-54.814,3.329,11.843,-3.115,0.01,269.42,22.789,19.866,-18.552,-0.022,271.209,43.45,28.321,-30.305,0.056,379.14,-3.635,-0.141,3.83,0.028,281.461,22.109,14.186,-18.083,-0.061,242.773,-25.073,-4.681,33.381,0.045,329.468,7.533,-20.883,-6.964,0.044,415.767,-0.263,-31.805,0.308,-0.038,141.732,14.691,34.376,-12.842,0.029,421.053,-12.24,-50.107,13.98,0.022,326.492,-4.449,-30.614,4.679,0.052,297.189,-2.841,-4.02,2.977,0.016,344.181,-5.608,-11.482,5.959,-0.016,374.513,-15.415,16.791,18.205,0.008,-28.871,-15.137,-40.375,17.846
630,D0613,46056419_1450,2/9/2024 16:06,23.1,2,,TRUE,,GD,No Defect,Not Done,Pass,(None),110_LVL (new),Not Done,Pass,(None),Pass,(None),none,0,8,2019,TRUE,Pass,0,0,-0.64,-0.321,-0.17,0.005,0.01,-0.114,0.24,-0.011,0.005,0.044,-0.069,-0.075,-0.066,-0.079,-0.082,-0.015,-0.023,-0.64,-56.222,-73.265,-213.655,271.643,-0.321,-0.23,-19.986,33.93,24.577,-0.17,15.332,40.18,43.473,-28.784,0.005,42.475,58.226,32.734,-36.796,0.01,141.191,28.472,14.346,-22.154,-0.114,59.239,34.818,43.978,-25.911,0.24,29.039,8.295,5.062,-7.438,-0.011,114.142,-13.176,-0.035,15.163,0.005,88.7,3.655,-2.992,-3.522,0.044,109.412,5.898,1.145,-5.528,-0.069,55.181,3.155,18.583,-3.126,-0.075,19.474,-22.405,-13.29,28.777,-0.066,78.91,3.8,11.814,-3.725,-0.079,48.382,5.467,11.448,-5.258,-0.082,31.891,10.073,21.821,-9.225,-0.015,106.796,-58.453,-27.638,140.653,-0.023,163.079,-13.024,-40.977,14.947
631,D0623,45831044_1450,10/11/2023 16:30,23.9,2,,TRUE,,GD,No Defect,Pass,Pass,(None),300_FW,Not Done,Pass,(None),Pass,green,none,0,8,2019,TRUE,Pass,0,0,-1.219,-0.498,-0.973,-0.343,-0.13,-0.136,-0.132,-0.27,-0.177,-0.276,-0.048,-0.079,-0.134,-0.225,-0.099,-0.045,-0.224,-1.219,121.956,494.797,80.887,-83.392,-0.498,100.01,40.663,4.494,-29.262,-0.973,96.164,0.893,-152.904,-1.85,-0.343,90.803,235.683,-27.086,-70.312,-0.13,-11.298,-64.13,-20.335,178.419,-0.136,74.155,-23.995,-55.065,31.391,-0.132,240.903,70.886,-26.495,-41.559,-0.27,13.968,2.142,-13.362,-2.361,-0.177,67.743,20.788,21.955,-17.357,-0.276,32.966,7.943,11.273,-7.614,-0.048,123.047,2.918,-107.192,-2.882,-0.079,109.996,17.968,-2.492,-15.298,-0.134,74.893,-14.063,-20.549,16.207,-0.225,40.603,6.218,14.177,-6.065,-0.099,34.146,-0.966,-4.352,0.875,-0.045,112.574,21.47,7.386,-17.712,-0.224,25.489,4.525,-17.945,-4.543
632,D0629,45880399_1450,11/2/2023 19:43,27.7,2,,TRUE,,GD,No Defect,Pass,Pass,(None),400_LA (new),Not Done,Pass,(None),Pass,green,none,0,8,2019,TRUE,Fail,0,0,0.103,-0.294,0.927,0.244,-0.051,0.103,0.497,-0.099,0.033,0.119,0.005,0.013,-0.045,0.177,0.039,-0.168,0.061,0.103,-77.207,-69.168,39.988,224.676,-0.294,2.159,-56.515,63.107,129.291,0.927,328.815,31.835,79.85,-23.444,0.244,1672.534,81.992,-44.984,-44.918,-0.051,731.2,4.816,-187.942,-4.644,0.103,1061.366,-41.284,-211.88,70.487,0.497,-5.776,-7.62,-38.01,8.787,-0.099,465.025,-32.163,-66.366,47.265,0.033,571.574,-3.99,-50.106,4.191,0.119,836.516,1.484,-63.883,-1.345,0.005,504.036,-22.127,30.958,28.42,0.013,649.872,63.9,-29.892,-38.979,-0.045,438.594,-21.862,-89.814,27.921,0.177,242.697,-34.216,-125.588,52.282,0.039,74.634,-15.817,-53.686,18.834,-0.168,89.99,96.83,70.631,-49.28,0.061,-6.876,36.47,21.256,-26.679
633,D0631,45832686_1450,10/17/2023 17:00,22.5,2,,TRUE,,GD,No Defect,Not Done,Pass,(None),110_LVL (new),Not Done,Pass,(None),Pass,green,none,0,8,2019,TRUE,Pass,0,0,0.971,-0.226,-0.419,-0.091,-0.092,-0.064,-0.044,0.025,-0.043,-0.054,-0.054,-0.056,-0.061,-0.1,-0.076,0.073,-0.027,0.971,438.642,161.032,68.378,-61.319,-0.226,215.26,14.329,0.499,-12.731,-0.419,219.381,4.505,-0.611,-4.712,-0.091,341.89,47.487,18.483,-32.259,-0.092,402.655,64.434,32.369,-39.241,-0.064,367.6,5.864,9.753,-5.6,-0.044,225.757,-2.903,-3.511,2.945,0.025,467.379,44.144,-32.307,-30.607,-0.043,434.733,129.361,-187.938,-56.419,-0.054,430.214,-12.572,-27.795,14.318,-0.054,293.398,21.777,3.977,-17.927,-0.056,336.153,-8.128,-28.14,8.786,-0.061,415.614,13.132,11.667,-11.661,-0.1,314.964,-5.808,-18.282,6.06,-0.076,321.359,5.815,10.195,-5.567,0.073,-77.963,-56.943,-66.041,132.417,-0.027,-40.25,17.465,7.305,-14.891
634,D0633,45935477_1450,12/3/2023 12:30,23.8,2,,TRUE,,GD,No Defect,Pass,Pass,(None),300_FW,Not Done,Pass,(None),Pass,(None),none,0,8,2019,TRUE,Pass,0,0,0.578,0.369,0.84,-0.157,-0.015,-0.046,-0.019,-0.074,-0.019,-0.03,-0.005,-0.024,-0.027,-0.011,0.016,-0.142,-0.033,0.578,14.84,21.879,39.379,-17.477,0.369,-34.696,-2,4.447,2.417,0.84,53.373,-49.455,-481.101,99.506,-0.157,-68.128,-33.539,3.834,50.228,-0.015,-78.466,-17.316,-15.941,20.924,-0.046,-63.798,-24.025,-25.951,31.561,-0.019,-28.605,-1.448,-18.441,1.45,-0.074,-72.892,-5.162,10.212,5.364,-0.019,-66.628,86.073,-11.82,-46.268,-0.03,-53.284,4.594,25.593,-4.42,-0.005,-60.332,-18.057,-47.971,22.03,-0.024,-75.573,1.54,-2.188,-1.541,-0.027,-59.677,4.96,15.189,-4.751,-0.011,-48.029,-10.598,-26.037,11.842,0.016,-54.844,-1.893,-0.408,1.946,-0.142,-80.838,92.351,33.769,-48.086,-0.033,-66.652,-18.018,-30.634,21.937
635,D0634,45980313_59643,1/2/2024 15:04,21,2,,TRUE,,GD,No Defect,Pass,Pass,(None),500_LON,Not Done,Pass,(None),Pass,(None),none,0,8,2019,TRUE,Pass,0,0,2.008,0.545,0.418,-0.043,-0.024,0.061,0.058,-0.007,0.1,0.093,0.025,0.004,0.022,0.067,0.032,-0.021,0.037,2.008,19.006,110.234,70.073,-51.479,0.545,-71.952,65.963,-362.263,-39.417,0.418,-75.935,-12.516,-230.032,14.784,-0.043,3.875,25.328,15.363,-20.244,-0.024,2.561,-17.574,-27.801,21.292,0.061,14.966,-15.633,25.123,18.602,0.058,32.838,11.203,6.75,-10.022,-0.007,22.432,6.227,0.291,-5.869,0.1,15.057,66.277,-82.822,-39.799,0.093,37.702,-2.765,-68.342,2.939,0.025,-27.717,-7.653,-17.39,8.315,0.004,15.659,11.877,9.936,-10.613,0.022,-5.159,0.012,6.204,0.01,0.067,12.29,12.701,19.951,-11.21,0.032,15.26,5.99,14.137,-5.621,-0.021,10.474,-3.736,48.916,3.859,0.037,40.208,3.259,-1.917,-3.119
636,D0640,45664754_1450,7/25/2023 12:40,22.6,2,,TRUE,,GD,No Defect,Not Done,Pass,Green,110_LVL (new),Not Done,Pass,Blue,Pass,green,none,,8,2019,TRUE,Pass,0,0,-1.841,inf,-0.782,-0.093,-0.123,-0.093,0.009,-0.041,0.014,-0.107,-0.081,-0.152,-0.027,-0.121,-0.05,-0.066,-0.085,-1.841,-52.145,-58.942,-94.563,139.074,inf,inf,inf,#NAME?,inf,-0.782,137.607,1.992,6.381,-2.721,-0.093,156.738,-10.682,-28.372,11.855,-0.123,112.94,13.294,18.885,-11.843,-0.093,161.61,62.232,37.849,-38.417,0.009,181.046,-14.987,-64.434,17.639,-0.041,137.7,-0.507,14.686,0.468,0.014,144.678,8.312,-18.536,-7.661,-0.107,155.535,-11.715,-17.832,13.148,-0.081,154.397,22.893,20.874,-18.695,-0.152,151.553,-9.894,-21.728,10.811,-0.027,152.564,9.698,14.956,-8.866,-0.121,75.38,3.491,16.228,-3.49,-0.05,54.88,10.476,21.919,-9.528,-0.066,42.316,22.087,22.329,-18.146,-0.085,-66.067,-23.858,-106.468,31.222
637,d0645,45668352_1450,7/20/2023 16:10,25.2,2,,TRUE,,GD,No Defect,Not Done,Pass,Green,300_FW,Not Done,Pass,Grey,Pass,green,none,,0,0,TRUE,Fail,0,0,-0.76,0.172,0.397,0.084,0.24,0.303,0.226,-100,0.315,0.254,0.136,0.027,0.248,0.259,0.78,0.144,0.374,-0.76,163.558,-51.034,-49.743,102.673,0.172,297.381,20.92,46.116,-17.158,0.397,205.839,20.173,62.376,-16.456,0.084,439.343,-1.526,-46.618,1.635,0.24,168.584,-30.472,80.824,44.172,0.303,296.798,29.891,14.988,-22.779,0.226,335.05,10.207,0.776,-9.056,-100,-100,-100,100,-100,0.315,336.373,1.119,-26.762,-0.796,0.254,307.372,-12.855,-21.624,15.043,0.136,267.362,20.425,22.768,-16.848,0.027,400.494,12.865,-2.371,-11.374,0.248,369.558,-6.957,-31.537,7.744,0.259,359.853,3.018,2.576,-2.679,0.78,461.083,-15.265,-83.175,18.936,0.144,534.503,128.157,-67.354,-56.107,0.374,-68.505,-48.279,-79.187,94.069
638,D0646,45501081_1450,4/23/2023 12:27,25.1,2,,TRUE,,GD,No Defect,Pass,Pass,Green,300_FW,Not Done,Pass,Blue,Pass,green,none,,9,2019,TRUE,Fail,0,0,1.353,0.936,1.396,0.863,0.725,0.876,0.162,0.686,0.823,0.717,0.703,0.598,0.772,0.794,0.785,0.783,0.814,1.353,575.852,67.004,86.687,-39.311,0.936,818.514,44.674,69.599,-30.232,1.396,457.335,54.022,78.435,-34.168,0.863,1594.41,-10.419,-127.968,12.594,0.725,757.832,167.243,49.302,-62.31,0.876,823.154,-19.303,-77.144,25.006,0.162,320.217,-24.848,-91.183,33.279,0.686,712.05,19.079,-75.57,-15.446,0.823,371.703,-44.8,-174.959,82.651,0.717,-28.091,-15.436,-56.336,19.102,0.703,588.012,18.551,-3.552,-15.055,0.598,143.626,15.318,17.251,-12.765,0.772,630.566,6.548,-58.045,-5.421,0.794,1906.459,-45.985,-517.044,86.603,0.785,54.776,146.508,-349.089,-59.115,0.783,117.538,32.493,-63.529,-23.933,0.814,3.614,-13.795,-96.746,16.947
639,d0648,45811445_1450,10/2/2023 14:30,22.4,2,,TRUE,,GD,No Defect,Pass,Pass,(None),400_LA (new),Not Done,Pass,(None),Pass,green,none,0,9,2019,TRUE,Pass,0,0,inf,-0.344,-0.54,-0.156,-0.028,-0.001,0.026,-0.035,0.072,-0.075,0.03,-0.025,-0.012,-0.066,-0.011,0.005,-0.052,inf,inf,inf,#NAME?,inf,-0.344,112.129,-2.07,0.488,1.762,-0.54,109.143,26.02,26.248,-21.076,-0.156,201.368,-21.046,76.292,26.458,-0.028,92.045,-9.087,-2.724,9.964,-0.001,146.287,-16.206,-19.395,19.339,0.026,137.72,-7.796,-55.233,8.484,-0.035,138.474,-10.868,3.473,12.154,0.072,160.91,-2.217,33.651,2.341,-0.075,112.392,-2.785,16.806,2.788,0.03,163.198,-32.609,-16.657,48.432,-0.025,217.491,41.743,-18.743,-29.468,-0.012,145.6,-13.401,-45.092,15.461,-0.066,132.952,-0.757,-2.944,0.697,-0.011,137.774,-4.777,-12.46,5.004,0.005,100.8,-8.502,17.791,9.298,-0.052,-68.996,-16.035,-38.414,19.036
640,D0694,45816455_59643,10/3/2023 10:23,22.6,2,,TRUE,,GD,No Defect,Pass,Pass,(None),500_LON,Not Done,Pass,(None),Pass,green,none,0,10,2019,TRUE,Pass,0,0,0.225,0.049,0.416,-0.16,-0.136,-0.061,-0.065,-0.016,-0.062,-0.079,-0.056,-0.052,-0.036,-0.055,-0.045,-0.084,-0.048,0.225,76.69,132.526,19.166,-56.897,0.049,448.818,18.685,14.902,-15.702,0.416,448.932,-13.246,66.048,15.748,-0.16,-33.227,-16.649,-31.568,19.783,-0.136,-47.587,-44.128,-69.312,78.735,-0.061,-9.331,-32.186,-109.256,47.372,-0.065,-43.024,-8.042,-17.124,8.674,-0.016,-4.762,-29.262,-92.812,41.344,-0.062,-2.197,10.609,0.441,-9.648,-0.079,-13.54,-5.78,-14.82,6.05,-0.056,-29.988,33.776,45.537,-25.29,-0.052,2.123,-7.409,-14.316,7.946,-0.036,3.416,3.694,-1.984,-3.598,-0.055,9.845,-12.618,-34.239,14.377,-0.045,14.514,24.585,-92.415,-19.769,-0.084,-7.82,-8.452,-11.661,9.141,-0.048,9.388,25.975,4.432,-20.657
641,D0695,45977134_59643,1/2/2024 6:24,19.2,2,,TRUE,,GD,No Defect,Pass,Pass,(None),500_LON,Not Done,Pass,(None),Pass,(None),none,0,10,2019,TRUE,Fail,0,0,-1.756,0.016,-0.589,0.351,0.166,0.437,0.322,1.432,0.407,0.325,0.195,0.27,0.328,0.351,0.229,0.209,0.352,-1.756,-96.537,-32.544,-143.19,45.642,0.016,-0.997,-4.822,77.355,5.083,-0.589,-57.645,-33.446,94.334,49.368,0.351,120.106,-4.431,9.24,5.004,0.166,199.073,7.607,1.883,-6.914,0.437,97.564,-2.418,-4.957,2.926,0.322,123.308,37.807,-20.754,-27.201,1.432,18.589,-12.637,-38.935,16.105,0.407,66.245,-7.653,-41.731,8.728,0.325,61.71,-9.227,-42.983,10.523,0.195,-4.517,-16.061,-12.599,19.366,0.27,3313.559,-22.138,-396.512,28.78,0.328,58.631,11.897,-22.132,-10.339,0.351,49.067,16.399,27.106,-13.787,0.229,142.641,-26.543,-99.272,36.445,0.209,139.596,-56.406,-42.302,129.869,0.352,69.025,2.294,8.296,-1.899
642,D0712,45873849_1450,11/2/2023 15:42,22.1,2,,TRUE,,GD,No Defect,Not Done,Pass,(None),110_LVL (new),Not Done,Pass,(None),Pass,green,none,0,10,2019,TRUE,Fail,0,0,0.211,0.756,0.648,0.183,0.211,0.338,-0.587,0.193,0.277,0.269,0.182,0.201,0.342,0.325,0.233,0.201,0.373,0.211,234.529,4.105,60.555,-3.74,0.756,2.652,2.42,78.674,-1.625,0.648,5.521,-9.789,-163.774,11.569,0.183,-16.323,-0.713,-11.331,0.903,0.211,-20.704,-11.523,15.378,13.262,0.338,-0.505,7.47,-28.311,-6.637,-0.587,117.992,124.885,-410.713,-55.794,0.193,2.774,-16.927,11.803,20.608,0.277,-31.051,7.603,27.688,-6.809,0.269,7.791,17.169,21.278,-14.424,0.182,-17.051,16.36,-50.152,-13.903,0.201,-27.261,-17.693,-40.434,21.741,0.342,-4.103,-1.941,4.529,2.328,0.325,-19.759,1.004,6.873,-0.672,0.233,-27.552,11.231,23.725,-9.887,0.201,-32.708,-12.898,8.719,15.038,0.373,1.058,17.06,7.788,-14.255
643,D0713,45968254_59643,12/21/2023 7:54,19.9,2,,TRUE,,GD,No Defect,Pass,Pass,(None),500_LON,Not Done,Pass,(None),Pass,(None),none,0,10,2019,TRUE,Pass,0,0,1.169,0.56,0.453,0.005,-0.093,0.083,0.031,0.035,0.098,0.084,-0.033,0.014,-0.035,0.068,0.034,-0.031,0.082,1.169,115.575,0.407,65.953,0.759,0.56,66.954,3.183,38.186,-2.542,0.453,-78.109,47.146,37.083,-31.733,0.005,36.351,65.402,27.148,-39.538,-0.093,48.411,4.751,11.702,-4.624,0.083,35.278,4.414,19.856,-4.148,0.031,138.578,9,6.331,-8.228,0.035,113.056,-6.398,-21.884,6.873,0.098,10.147,-2.158,0.037,2.306,0.084,26.486,-1.136,-50.724,1.234,-0.033,-18.068,25.509,52.474,-20.351,0.014,44.326,-15.059,27.552,17.746,-0.035,60.534,56.687,29.856,-36.201,0.068,24.6,5.658,10.094,-5.291,0.034,38.067,4.861,10.198,-4.603,-0.031,22.087,19.173,19.914,-16.114,0.082,63.229,1.513,10.079,-1.41
644,D0714,45778874_59643,9/14/2023 10:41,23.6,2,,TRUE,,GD,No Defect,Pass,Pass,(None),500_LON,Not Done,Pass,(None),Pass,green,none,0,10,2019,TRUE,Fail,0,0,3.799,0.301,0.306,-0.093,-0.062,0.051,0.01,0.014,0.04,0.081,-0.013,0.024,-0.395,0.035,0.023,0.078,0.169,3.799,81.139,90.895,8.55,-45.625,0.301,-2.881,-7.603,23.027,8.554,0.306,116.08,-42.49,58.899,74.416,-0.093,317.381,7.204,6.363,-6.807,-0.062,243.683,-4.037,-29.2,4.143,0.051,379.433,-36.08,-83.23,56.525,0.01,406.753,-2.932,-36.246,3.031,0.014,263.234,-0.61,-26.333,0.628,0.04,387.28,-1.027,-64,1.078,0.081,508.156,-12.578,-68.136,14.481,-0.013,117.016,22.582,38.221,-18.433,0.024,494.574,-13.482,-64.15,15.611,-0.395,13.692,-69.105,47.683,222.399,0.035,309.735,3.631,-1.06,-3.47,0.023,361.535,-12.266,-38.882,14.007,0.078,125.015,-64.338,-195.766,180.631,0.169,-43.835,-38.257,-29.932,62.236
645,D0733,45772110_1450,9/11/2023 15:02,25.2,2,,TRUE,,GD,No Defect,Pass,Pass,(None),300_FW,Pass,Pass,empty,Pass,green,none,,6,2022,TRUE,Fail,0,0,0.542,0.425,0.814,0.322,0.14,0.393,0.303,0.198,0.351,0.305,0.217,0.09,0.266,0.347,0.231,0.302,0.295,0.542,379.564,-34.196,94.109,52.79,0.425,783.185,71.393,64.788,-41.407,0.814,492.683,-4.726,51.555,5.816,0.322,1107.785,28.125,-23.24,-21.7,0.14,656.322,18.957,-147.393,-15.819,0.393,829.449,1.671,-50.922,-1.257,0.303,765.257,-10.031,-40.363,11.486,0.198,416.775,-26.375,-80.257,36.093,0.351,267.566,17.069,32.188,-14.281,0.305,483.347,-12.469,-85.397,14.595,0.217,257.001,-46.525,-47.095,87.41,0.09,417.059,10.085,3.133,-9.079,0.266,326.979,15.498,-48.412,-13.188,0.347,1408.826,-30.802,-333.448,45.014,0.231,-4.001,-21.28,-67.222,27.325,0.302,60.597,-32.774,-36.298,49.201,0.295,-20.152,-51.28,-141.151,105.857
646,D0825,45930698_1450,11/30/2023 16:56,22.9,2,,TRUE,,B3,No Defect,Pass,Pass,(None),400_LA (new),Pass,Pass,(None),Pass,(None),none,0,6,2022,TRUE,Fail,0,0,0.788,5,-0.05,-0.06,0.01,0.042,0.631,0.067,0.038,0.029,-0.03,0.023,0.049,-0.029,0.001,0.004,0.009,0.788,20.739,31.64,-41.84,-23.437,5,142.372,81.723,12.161,-42.22,-0.05,22.607,-0.652,-53.725,0.606,-0.06,-41.643,23.392,28.494,-19.007,0.01,-18.569,-12.044,-85.971,13.705,0.042,5.729,23.886,43.383,-19.246,0.631,-73.722,-16.853,0.446,21.028,0.067,-32.741,14.773,-19.864,-12.813,0.038,7.933,-2.184,28.65,2.272,0.029,361.013,15.22,11.229,-13.185,-0.03,-5.66,-23.992,81.272,31.525,0.023,-23.403,-19.181,13.467,23.761,0.049,84.429,17.966,33.928,-15.189,-0.029,28.845,21.828,38.901,-17.941,0.001,43.669,1.911,12.061,-1.875,0.004,-61.495,40.89,56.535,-29.02,0.009,57.046,28.772,20.63,-22.336
647,D1038,46063205_59643,2/14/2024 14:08,19.2,2,,TRUE,,B3,No Defect,Pass,Pass,(None),500_LON,Pass,Pass,(None),Pass,(None),none,0,2,2022,TRUE,Pass,0,0,0.101,0.174,0.352,0.146,0.119,0.225,0.155,0.138,0.169,0.185,0.104,0.071,0.156,0.173,0.149,0.12,0.182,0.101,44.502,-6.115,37.675,6.621,0.174,32.681,30.894,-104.456,-23.47,0.352,-1.238,-5.044,31.62,5.682,0.146,17.593,-12.157,-0.818,14.005,0.119,49.158,-34.837,-109.322,53.643,0.225,20.541,8.979,-18.079,-8.033,0.155,26.162,-1.294,-6.653,1.467,0.138,42.585,-36.344,-111.789,57.313,0.169,16.734,-7.222,29.641,7.966,0.185,10.839,10.096,5.146,-9.003,0.104,27.944,18.933,34.655,-15.831,0.071,21.18,-0.635,4.932,0.71,0.156,-86.243,8.651,24.105,-7.818,0.173,14.946,22.876,24.861,-18.477,0.149,20.35,0.323,-0.619,-0.173,0.12,26.121,-18.421,-7.966,22.727,0.182,12.404,-6.033,0.755,6.614
648,E0002,45539729_59643,5/16/2023 10:36,23.6,2,,TRUE,,UN,(None),Not Done,Not Done,(None),500_LON,Not Done,Pass,Grey,Not Done,neon,,,0,0,FALSE,Pass,0,0,-0.213,0.026,0.029,-0.087,-0.03,0.01,-0.019,-0.061,0,-0.081,-0.015,-0.151,-0.029,0.032,0.015,-0.2,-0.012,-0.213,357.751,-36.601,55.783,57.394,0.026,-4.636,3.87,31.843,-3.701,0.029,0.891,-9.004,-11.78,9.927,-0.087,-3.267,17.033,1.154,-14.628,-0.03,-18.976,-16.666,-9.132,19.963,0.01,-8.035,12.149,30.206,-10.824,-0.019,74.508,16.929,-9.119,-14.494,-0.061,-6.053,8.255,-12.308,-7.682,0,-13.992,7.773,10.783,-7.212,-0.081,-10.507,-5.122,-42.742,5.313,-0.015,-8.179,-5.407,6.519,5.7,-0.151,-12.524,-0.537,10.32,0.388,-0.029,-11.685,-11.547,-21.984,13.021,0.032,5.201,-6.423,-16.978,6.898,0.015,12.618,-7.117,-23.739,7.678,-0.2,1.138,49.226,42.779,-33.122,-0.012,-9.363,-2.281,24.384,2.322
649,E0003,45984406_59643,1/5/2024 7:01,19,2,,TRUE,,GD,No Defect,Pass,Pass,(None),500_LON,Not Done,Pass,(None),Pass,(None),none,0,9,2019,TRUE,Pass,0,0,-0.111,0.076,0.262,0.013,-0.133,-0.01,-0.027,-0.056,0,0.014,-0.048,-0.054,-0.074,0.035,-0.022,-0.181,-0.054,-0.111,29.372,13.722,-128.909,-12.163,0.076,-79.756,-42.156,-45.142,73.01,0.262,-78.469,-34.043,-42.443,52.012,0.013,55.337,-7.216,-34.164,7.791,-0.133,-2.966,4.504,35.826,-4.437,-0.01,35.026,-17.474,-32.773,21.162,-0.027,36.996,-4.009,-1.887,4.148,-0.056,34.956,34.108,14.248,-25.475,0,24.243,-17.766,-5.57,21.604,0.014,16.061,-4.963,-28.222,5.237,-0.048,-26.389,18.716,29.962,-15.805,-0.054,42.697,1.636,0.423,-1.663,-0.074,-7.694,-3.402,-20.53,3.446,0.035,45.414,5.252,12.488,-4.956,-0.022,38.727,0.621,2.503,-0.639,-0.181,22.564,49.602,67.283,-33.277,-0.054,51.379,9.3,-5.068,-8.557
650,E0042,45902855_1450,11/15/2023 17:43,25.1,2,,TRUE,,GD,No Defect,Pass,Pass,(None),400_LA (new),Not Done,Pass,(None),Pass,green,none,0,10,2019,TRUE,Fail,0,0,1.903,0.761,1.189,0.38,0.371,0.49,0.41,0.413,0.534,0.372,0.317,0.261,0.491,0.496,0.427,0.352,0.624,1.903,480.046,-30.932,94.619,47.54,0.761,274.74,-48.88,58.086,97.105,1.189,905.256,-4.863,66.537,6.362,0.38,3193.482,41.451,-73.425,-29.035,0.371,4331.747,41.775,-25.395,-29.204,0.49,2386.619,-37.47,-334.303,60.707,0.41,154.232,3.039,-65.915,-2.552,0.413,2731.793,18.8,-190.946,-15.478,0.534,41.739,-5.882,-1.94,6.817,0.372,132.815,-23.071,-177.673,30.474,0.317,2232.152,-25.232,-163.889,34.172,0.261,1786.597,-5.191,-31.857,5.751,0.491,1886.936,-25.603,-157.657,35.075,0.496,335.551,-49.481,-407.652,98.926,0.427,167.492,-8.459,-57.627,9.708,0.352,421.542,27.13,-40.113,-21.064,0.624,210.489,-37.046,-164.631,59.837
651,E0053,45500079_1450,4/21/2023 20:35,24.8,2,,TRUE,,GD,No Defect,Pass,Pass,Green,300_FW,Not Done,Pass,Blue,Pass,green,none,,11,2019,TRUE,Fail,0,0,0.67,0.937,1.44,0.637,0.507,0.942,0.698,0.555,0.803,0.727,0.636,0.566,0.641,0.897,0.743,0.778,0.861,0.67,466.42,-39.102,64.601,65.309,0.937,1438.858,-3.914,37.404,5.048,1.44,803.659,39.795,65.072,-27.437,0.637,2880.586,-6.587,-167.523,7.733,0.507,924.926,52.333,-36.514,-34.022,0.942,1145.027,-25.572,-182.964,35.624,0.698,1969.385,-17.886,-131.332,22.631,0.555,878.381,-19.855,-282.772,25.466,0.803,-21.017,18.028,-31.77,-14.594,0.727,9.179,-4.521,-40.725,5.497,0.636,1220.46,-20.286,-110.186,26.246,0.566,852.402,-20.46,-73.305,26.433,0.641,481.078,-52.422,-113.753,111.53,0.897,3365.781,-54.132,-539.136,119.974,0.743,146.19,-33.184,-230.515,50.776,0.778,471.297,22.122,-128.574,-17.478,0.861,40.088,-24.708,-127.14,33.961
652,E0076,45917201_59643,11/22/2023 11:23,21.4,2,,TRUE,,GD,No Defect,Pass,Pass,(None),500_LON,Not Done,Pass,(None),Pass,green,none,0,11,2019,TRUE,Pass,0,0,-1.16,0.134,0.104,-0.132,0,0,-0.02,-100,0.043,0.023,-0.029,0.168,0.038,0.039,-0.02,-0.03,0.043,-1.16,-64.675,108.323,36.515,-52.554,0.134,-80.492,-8.908,-130.822,9.926,0.104,-2.336,178.112,56.856,-64.006,-0.132,-6.21,-13.18,52.128,15.028,0,14.268,9.495,-27.453,-8.671,0,7.058,-6.214,-10.348,6.626,-0.02,74.166,0.572,-11.649,-0.588,-100,-100,-100,100,-100,0.043,4.421,-4.219,3.514,4.45,0.023,16.584,-10.443,-45.201,11.687,-0.029,-14.301,16.288,30.182,-14.031,0.168,154.829,-34.832,-387.294,53.708,0.038,11.132,-3.622,-5.455,3.798,0.039,-3.445,7.116,20.493,-6.607,-0.02,150.958,-36.525,-204.848,57.511,-0.03,25.221,-43.839,9.448,78.006,0.043,45.383,-15.156,-47.858,17.914
653,E0091,45798688_59643,9/25/2023 13:01,24.6,2,,TRUE,,GD,No Defect,Pass,Pass,(None),500_LON,Not Done,Pass,(None),Pass,green,none,0,11,2019,TRUE,Pass,0,0,-0.656,-0.049,0.307,-0.108,-0.118,0.051,-0.01,-0.057,0.026,0.057,-0.043,-0.151,0.024,0.035,0.005,-0.023,0.032,-0.656,-72.358,-43.41,38.126,75.549,-0.049,-59.168,-11.589,78.325,13.053,0.307,126.388,45.785,79.873,-31.195,-0.108,437.997,2.437,-7.635,-2.484,-0.118,345.244,67.647,9.506,-40.421,0.051,388.74,8.975,16.083,-8.189,-0.01,290.448,-5.647,-38.742,5.974,-0.057,235.031,-10.969,-29.664,12.256,0.026,354.626,-3.157,-18.217,3.287,0.057,524.013,-16.538,-88.67,19.884,-0.043,147.707,1.906,32.174,-1.912,-0.151,356.414,5.971,-23.651,-5.777,0.024,347.799,-17.673,-34.457,21.496,0.035,314.796,8.162,-3.858,-7.514,0.005,457.595,-16.082,-63.373,19.171,-0.023,323.845,-32.405,-71.471,47.906,0.032,331.827,55.258,-0.139,-35.57
654,E0092,45999259_59643,1/12/2024 11:35,19.6,2,,TRUE,,GD,No Defect,Pass,Pass,(None),500_LON,Not Done,Pass,(None),Pass,(None),none,0,11,2019,TRUE,Pass,0,0,0.029,0.149,0.208,-0.038,0.001,0.01,-0.011,-0.022,0.035,-0.029,0.008,0.147,-0.008,-0.01,-0.023,-0.015,-0.009,0.029,-72.536,16.484,-90.956,-14.127,0.149,-80.867,-13.85,25.009,16.25,0.208,-1.7,-65.25,33.59,188.371,-0.038,31.952,-0.779,-4.835,0.746,0.001,35.176,48.085,-51.83,-32.47,0.01,15.98,-4.789,20.847,5.041,-0.011,35.582,-7.268,-25.389,7.826,-0.022,62.875,9.277,-14.093,-8.509,0.035,13.003,-19.077,-46.183,23.618,-0.029,13.658,-14.45,-46.772,16.858,0.008,-19.331,-5.653,7.474,6.001,0.147,238.583,-47.586,-417.632,91.068,-0.008,19.525,-16.668,-16.562,19.992,-0.01,5.002,13.898,26.097,-12.211,-0.023,114.942,-32.594,-152.883,48.32,-0.015,31.714,-44.19,-70.694,79.15,-0.009,26.593,13.72,12.135,-12.073
655,E0121,45687814_59643,7/31/2023 14:55,23.6,2,,TRUE,,GD,No Defect,Pass,Pass,Green,500_LON,Not Done,Pass,Blue,Pass,green,none,,12,2019,TRUE,Pass,0,0,0.229,0.2,0.111,-0.063,0.013,-0.02,-0.047,-0.034,-0.048,-0.014,-0.021,0.009,-0.058,-0.015,-0.021,0.035,-0.032,0.229,3.958,-33.383,66.906,50.456,0.2,-81.951,-50.827,34.513,103.772,0.111,-77.807,-32.904,16.039,49.205,-0.063,14.544,48.388,58.126,-32.651,0.013,41.262,11.225,-16.717,-10.081,-0.02,20.738,5.018,12.705,-4.798,-0.047,30.191,11.294,11.913,-10.191,-0.034,2.967,3.458,5.091,-3.375,-0.048,18.907,-18.892,4.978,23.233,-0.014,14.699,-8.598,-43.585,9.391,-0.021,-22.74,37.954,41.653,-27.528,0.009,27.92,7.829,4.885,-7.252,-0.058,29.63,-7.454,-18.765,7.992,-0.015,34.399,-8.471,-16.581,9.239,-0.021,38.458,-5.903,-19.219,6.251,0.035,26.406,-41.085,-112.358,69.796,-0.032,21.42,12.758,15.201,-11.343
656,E0134,45999233_59643,1/12/2024 8:38,18.8,2,,TRUE,,GD,No Defect,Pass,Pass,(None),500_LON,Not Done,Pass,(None),Pass,(None),none,0,12,2019,TRUE,Pass,0,0,-0.107,0.157,0.076,-0.04,-0.088,-0.009,0.286,-0.041,-0.002,-0.009,-0.076,-0.063,0,0,-0.015,-0.126,0.003,-0.107,-77.683,-15.631,3.309,18.4,0.157,-79.767,-12.829,-87.323,14.897,0.076,0.179,204.846,64.459,-67.172,-0.04,36.677,70.582,-18.03,-41.401,-0.088,6.913,27.421,21.218,-21.589,-0.009,15.165,-11.597,-2.712,13.108,0.286,164.628,31.104,-79.674,-23.507,-0.041,31.073,2.182,5.057,-2.176,-0.002,-1.82,-9.04,-18.556,9.936,-0.009,-6.719,1.154,-19.415,-1.15,-0.076,-33.431,11.246,41.508,-10.177,-0.063,36.618,-7.483,-18.431,8.02,0,18.927,-9.941,-17.744,11.038,0,0.154,17.174,29.423,-14.657,-0.015,22.395,0.601,-0.932,-0.612,-0.126,12.641,17.322,64.921,-14.872,0.003,48.268,-7.885,-30.827,8.564
657,E0172,45389454_1450,2/21/2023 17:07,21.5,2,,TRUE,,GD,No Defect,Pass,Pass,Green,200_LA (old),Not Done,Pass,Blue,Pass,green,none,,12,2019,TRUE,Fail,0,0,-1.225,-0.207,-0.719,0.051,-0.429,-0.195,-0.32,-0.278,-0.333,-0.26,-0.123,-0.094,-0.361,-0.148,-0.225,-0.271,-0.28,-1.225,-72.455,-51.419,25.6,103.319,-0.207,-58.285,-55.557,64.766,124.539,-0.719,21.846,31.857,87.816,-24.705,0.051,1868.454,-81.269,14.708,434.154,-0.429,586.466,-63.593,-78.368,173.497,-0.195,650.576,-45.455,-130.634,82.975,-0.32,2613.175,-5.679,-207.507,5.682,-0.278,390.039,-18.72,-50.42,22.689,-0.333,202.242,-23.493,9.228,30.272,-0.26,175.373,-34.122,-107.625,51.401,-0.123,398.979,12.627,31.677,-11.321,-0.094,955.301,-10.722,-119.271,11.904,-0.361,278.438,-41.66,-303.19,70.79,-0.148,2111.279,-20.476,-105.612,25.563,-0.225,-24.138,-30.067,-138.056,42.672,-0.271,253.959,52.323,38.795,-34.528,-0.28,-35.623,13.735,13.221,-12.322
658,E0182,45984041_1450,1/9/2024 11:08,21.6,2,,TRUE,,GD,(None),Not Done,Not Done,(None),110_LVL (new),Not Done,Pass,(None),Not Done,(None),,,0,0,FALSE,Pass,0,0,0.011,0.029,-0.076,0.062,-0.03,-0.02,-0.028,-0.014,0.026,0.023,0,-0.06,-0.017,-0.067,-0.06,-0.026,-0.014,0.011,-19.439,12.157,48.156,-10.83,0.029,4.322,-42.027,22.436,72.545,-0.076,4.009,24.489,25.218,-19.733,0.062,40.922,-25.255,-46.486,33.871,-0.03,88.803,22.581,18.198,-18.446,-0.02,36.427,15.184,16.23,-13.2,-0.028,2.76,14.432,4.933,-12.636,-0.014,101.028,-3.836,-5.455,3.975,0.026,46.87,1.939,16.068,-1.877,0.023,54.34,2.958,1.96,-2.85,0,60.355,-22.253,-70.811,28.622,-0.06,4.852,-9.295,40.91,10.181,-0.017,69.673,-4.436,-7.008,4.624,-0.067,20.33,-7.85,-17.325,8.446,-0.06,-0.472,18.007,30.636,-15.31,-0.026,-29.55,-53.692,13.249,115.889,-0.014,80.864,23.399,14.93,-18.973
659,E0187,45976372_1450,12/28/2023 13:03,22.1,2,,TRUE,,GD,No Defect,Not Done,Pass,(None),300_FW,Not Done,Pass,(None),Pass,(None),none,0,0,0,TRUE,Pass,0,0,0.37,0.22,0.322,0.078,0.029,-0.009,-0.083,-0.21,-0.066,-0.086,-0.012,-0.016,-0.017,0.057,0.001,-0.117,-0.008,0.37,221.242,48.923,58.927,-32.603,0.22,1546.936,49.009,0.876,-32.742,0.322,756.949,33.421,41.345,-24.807,0.078,2790.743,271.382,-78.775,-73.053,0.029,1421.575,232.466,-11.061,-69.913,-0.009,1118.665,7.709,-195.605,-7.166,-0.083,743.265,10.272,-147.371,-9.391,-0.21,1139.442,-12.783,-172.385,14.415,-0.066,-18.417,0.461,-47.918,-0.525,-0.086,17.247,-19.193,-167.368,23.644,-0.012,1095.967,-5.2,-71.539,5.473,-0.016,454.54,-20.013,-25.011,25.001,-0.017,562.987,-0.304,-34.179,0.288,0.057,1579.162,-29.635,-274.249,42.196,0.001,147.375,-29.748,-189.189,42.346,-0.117,390.695,270.142,12.453,-73.015,-0.008,1.966,-26.099,-91.525,35.306
660,E0188,45979791_1450,1/2/2024 18:48,21.4,2,,TRUE,,GD,No Defect,Pass,Pass,(None),400_LA (new),Not Done,Pass,(None),Pass,(None),none,0,12,2019,TRUE,Pass,0,0,0.477,-0.076,-0.05,-0.012,-0.021,-0.01,0.129,0.055,0.076,0.056,0.021,-0.018,0.025,-0.062,-0.042,-0.043,0.02,0.477,-71.368,-50.826,-279.322,104.331,-0.076,-79.244,-31.638,-45.194,46.17,-0.05,-82.027,20.295,-3.082,-16.913,-0.012,36.379,4.45,2.394,-4.272,-0.021,107.366,37.982,23.98,-27.542,-0.01,56.545,-1.349,-55.422,1.357,0.129,-7.006,-26.728,47.65,36.654,0.055,121.298,25.039,17.152,-19.981,0.076,60.535,3.245,18.077,-3.07,0.056,70.827,-3.637,-4.542,3.833,0.021,80.276,-34.255,-122.753,52.135,-0.018,28.852,-11.589,-18.659,13.087,0.025,122.211,12.881,25.756,-11.389,-0.062,37.247,-2.972,3.243,2.999,-0.042,36.423,13.874,30.359,-12.221,-0.043,-0.456,14.881,25.338,-12.991,0.02,142.192,29.772,10.418,-22.926
661,E0227,45955440_59643,12/13/2023 15:47,20.4,2,,TRUE,,GD,No Defect,Pass,Pass,(None),500_LON,Not Done,Pass,(None),Pass,(None),none,0,12,2019,TRUE,Pass,0,0,-1.714,0.376,0.322,0.012,0.018,0.074,-0.057,-0.011,0.042,0.032,-0.013,-0.009,0.005,0.023,-0.005,-0.11,0.014,-1.714,-73.925,29.516,-440.901,-24.113,0.376,-84.307,-14.02,52.659,16.743,0.322,-6.323,-25.161,53.445,34.051,0.012,36.277,13.09,15.251,-11.564,0.018,16.524,48.324,35.633,-32.568,0.074,24.041,33.64,8.372,-25.117,-0.057,92.198,11.208,-16.182,-10.13,-0.011,49.187,-9.228,-2.536,10.155,0.042,15.203,-7.588,-30.609,8.256,0.032,10.364,-7.145,-26.91,7.73,-0.013,-4.772,20.551,29.262,-17.058,-0.009,29.802,10.217,-6.45,-9.278,0.005,19.715,-13.79,-17.296,16.002,0.023,15.693,-1.068,9.628,1.103,-0.005,22.104,3.968,6.954,-3.821,-0.11,9.13,-40.79,45.696,68.706,0.014,47.854,-4.267,-17.752,4.472
662,E0273,45917387_59643,11/22/2023 10:33,21.8,2,,TRUE,,GD,No Defect,Pass,Pass,(None),500_LON,Not Done,Pass,(None),Pass,green,none,0,1,2020,TRUE,Pass,0,0,-0.101,0.151,0.111,0.036,0.041,0.155,0.097,0.048,0.147,0.09,0.058,0.056,0.073,0.151,0.081,-0.004,0.137,-0.101,63.379,78.228,37.089,-43.948,0.151,9.35,17.146,-26.516,-14.508,0.111,-7.795,162.523,75.15,-61.866,0.036,6.086,38.426,33.483,-27.734,0.041,-20.513,-8.963,32.471,9.89,0.155,7.231,-5.311,-27.619,5.773,0.097,56.986,8.947,-6.487,-8.124,0.048,3.26,-0.499,12.286,0.55,0.147,-4.319,-19.328,-41.155,24.141,0.09,-2.86,-12.332,-80.987,14.17,0.058,-3.287,6.223,32.25,-5.803,0.056,5.787,2.319,-53.222,-2.212,0.073,-26.579,2.692,5.554,-2.55,0.151,-10.624,7.558,14.114,-6.886,0.081,11.03,2.698,5.858,-2.548,-0.004,-17.173,120.566,43.599,-54.664,0.137,18.421,-32.577,-38.574,48.52
663,E0280,45925396_59643,11/28/2023 13:39,19.3,2,,TRUE,,GD,No Defect,Pass,Pass,(None),500_LON,Not Done,Pass,(None),Pass,green,none,0,1,2020,TRUE,Pass,0,0,1.701,-0.12,0.177,-0.026,-0.02,0.022,-0.043,-0.014,0.033,0.046,-0.039,-0.025,0.024,0.035,0.01,-0.084,0.038,1.701,-17.492,-65.529,35.504,195.037,-0.12,-75.704,46.534,-150.16,-31.838,0.177,-1.616,-74.144,-44.742,287.449,-0.026,18.539,-4.103,-11.008,4.251,-0.02,35.783,-3.792,-45.766,3.92,0.022,26.22,-16.385,-21.575,19.622,-0.043,45.316,62.067,53.38,-38.324,-0.014,42.119,-7.3,-0.984,7.859,0.033,9.871,7.421,11.737,-6.878,0.046,19.713,0.261,-12.216,-0.214,-0.039,-30.414,44.838,30.507,-30.984,-0.025,35.659,-7.246,-20.653,7.785,0.024,20.625,6.652,8.605,-6.214,0.035,9.633,11.949,19.932,-10.642,0.01,22.819,-0.897,1.946,0.916,-0.084,16.188,8.544,-1.583,-7.949,0.038,53.086,-17.508,-2.223,21.27
664,E0286,45928145_355,11/30/2023 14:57,22.3,2,,TRUE,,GD,No Defect,Pass,Pass,(None),110_LVL (new),Not Done,Pass,(None),Pass,(None),none,0,12,2019,TRUE,Fail,0,0,0.978,0.073,0.2,0.216,-0.004,0.003,-0.284,0.02,0.009,-0.023,0.026,-0.048,-0.063,0.015,-0.023,-1.915,0.038,0.978,1155.656,48.358,73.935,-31.936,0.073,940.795,54.59,56.251,-35.266,0.2,561.351,29.831,40.107,-22.823,0.216,1879.451,88.882,-89.632,-46.942,-0.004,1155.544,77.138,-19.577,-43.549,0.003,1196.546,-6.89,-269.575,7.404,-0.284,2034.959,176.781,-443.784,-63.973,0.02,840.298,-17.454,-152.657,21.168,0.009,-23.571,7.505,33.394,-6.972,-0.023,10.991,2.093,-81.004,-2.073,0.026,1034.201,-4.328,-83.121,4.551,-0.048,445.118,24.074,32.304,-19.442,-0.063,483.676,22.729,-12.243,-18.571,0.015,59.661,-22.707,-117.474,29.398,-0.023,-27.876,27.63,44.638,-21.666,-1.915,48.876,-4.609,-2.747,2.824,0.038,49.139,-7.927,-34.406,8.65
665,E0290,46047764_59643,2/5/2024 7:40,19.7,2,,TRUE,,GD,(None),Not Done,Not Done,(None),500_LON,Not Done,Pass,(None),Not Done,(None),,,0,0,FALSE,Pass,0,0,-1.3,0.102,0.237,-0.083,-0.032,0.081,-0.02,-0.011,0.042,-0.005,0.006,-0.021,0.015,0.04,0.01,-0.053,0.029,-1.3,121.567,1.42,24.639,-2.681,0.102,22.344,-16.036,42.949,19.22,0.237,-82.992,92.831,23.651,-48.018,-0.083,7.509,10.848,-10.432,-9.861,-0.032,7.941,-21.116,-16.009,26.728,0.081,-0.612,22.868,34.453,-18.546,-0.02,29.981,85.885,0.742,-46.214,-0.011,32.422,9.746,-2.337,-8.891,0.042,5.425,-38.468,-27.393,62.587,-0.005,-0.445,8.308,6.416,-7.675,0.006,-5.021,29.606,18.488,-22.838,-0.021,30.374,-11.178,-37.624,12.562,0.015,12.213,-8.325,-5.464,9.098,0.04,7.568,-1.034,2.628,1.086,0.01,20.361,-0.969,0.483,0.988,-0.053,-2.252,28.446,45.66,-22.187,0.029,38.742,-11.064,-1.754,12.472
666,E0297,46054842_59643,2/7/2024 14:49,20.2,2,,TRUE,,GD,(None),Not Done,Not Done,(None),500_LON,Not Done,Pass,(None),Not Done,(None),,,0,0,FALSE,Fail,0,0,-1.705,-1.251,0.189,-0.02,-0.067,0.031,0.103,-0.004,0.042,0.038,0.017,-0.043,0.039,0.056,0.007,-0.093,0.057,-1.705,-48.035,-65.676,3.99,186.377,-1.251,-35.108,-31.196,88.706,43.523,0.189,-1.158,332.853,83.947,-76.854,-0.02,34.197,-40.169,-13.218,67.103,-0.067,70.861,48.426,-31.318,-32.671,0.031,19.581,4.675,22.729,-4.437,0.103,-20.715,-16.706,36.55,20.179,-0.004,20.413,-1.463,-2.341,1.481,0.042,8.502,1.498,-12.845,-1.434,0.038,9.555,7.409,-18.663,-6.863,0.017,-24.483,13.071,6.976,-11.545,-0.043,28.705,-9.244,-21.733,10.139,0.039,22.502,-2.708,-1.86,2.824,0.056,5.639,11.015,25.691,-9.872,0.007,20.261,2.568,4.783,-2.497,-0.093,-2.128,34.074,12.514,-25.484,0.057,41.513,-11.236,3.705,12.722
667,E0308,45853558_355,10/19/2023 21:39,31.3,2,,TRUE,,GD,No Defect,Pass,Pass,(None),400_LA (new),Not Done,Pass,(None),Pass,green,none,0,1,2020,TRUE,Fail,0,0,0.733,0.335,0.392,0.255,0.2,0.177,0.103,0.179,0.271,0.289,0.143,0.123,0.432,0.344,0.233,0.122,0.294,0.733,14.498,32.843,-65.012,-24.171,0.335,3.672,-10.061,-62.346,11.559,0.392,-19.876,-5.345,-0.667,6.062,0.255,683.237,-2.361,-57.305,2.679,0.2,840.035,-8.325,-17.107,9.299,0.177,469.693,23.215,38.831,-18.697,0.103,312.908,10.767,8.128,-9.627,0.179,670.943,-43.426,-29.397,77.077,0.271,645.737,-3.85,-20.275,4.286,0.289,677.622,4.701,5.092,-4.214,0.143,582.64,-7.201,-37.936,7.913,0.123,601.385,-4.792,-19.925,5.163,0.432,803.827,49.064,-59.337,-32.625,0.344,778.956,30.116,28.61,-22.881,0.233,731.983,8.181,10.839,-7.347,0.122,462.208,0.532,-9.086,-0.408,0.294,-21.596,-14.124,11.167,16.788
668,E0329,45946484_355,12/11/2023 11:53,21.7,2,,TRUE,,GD,No Defect,Pass,Pass,(None),110_LVL (new),Not Done,Pass,(None),Pass,(None),none,0,1,2020,TRUE,Pass,0,0,0.432,0.047,0.246,0.259,-0.096,-0.301,0.136,-0.05,0.009,0.066,0.038,-0.192,-0.027,-0.002,0,-0.104,0.054,0.432,423.744,25.67,70.573,-20.083,0.047,821.158,0.77,4.231,-0.717,0.246,499.243,18.644,55.231,-15.507,0.259,720.853,235.468,-272.704,-70.114,-0.096,324.291,197.252,-12.222,-66.391,-0.301,2943.385,284.71,-537.81,-74.085,0.136,316.709,35.987,-20.264,-26.364,-0.05,442.429,-5.299,-75.858,5.543,0.009,392.801,-9.715,-12.548,10.771,0.066,826.651,0.778,-286.441,-0.706,0.038,605.559,15.85,-119.868,-13.648,-0.192,191.307,-4.973,49.851,5.031,-0.027,325.681,21.243,3.133,-17.544,-0.002,722.037,-2.89,-19.495,2.974,0,-14.725,17.587,33.424,-14.957,-0.104,-36.678,5.695,51.67,-5.487,0.054,-8.42,16.722,-10.196,-14.28
669,E0347,45869050_1450,10/27/2023 13:55,24.2,2,,TRUE,,GD,No Defect,Pass,Pass,(None),300_FW,Not Done,Pass,(None),Pass,green,none,0,1,2020,TRUE,Pass,0,0,-0.251,-0.01,0.025,-0.071,-0.096,-0.031,-0.02,-0.047,0.029,0.006,-0.021,-0.048,-0.017,-0.013,-0.021,-0.086,-0.033,-0.251,-3.52,173.254,44.18,-63.496,-0.01,-3.061,35.93,28.951,-26.44,0.025,9.236,16.086,18.691,-13.835,-0.071,26.907,34.212,2.736,-25.544,-0.096,-4.876,-28.993,-14.478,40.696,-0.031,15.262,-22.904,-28.37,29.668,-0.02,26.841,-34.968,-77.222,53.74,-0.047,-8.432,48.43,52.195,-32.659,0.029,8.867,-1.924,-51.711,1.992,0.006,15.64,-6.559,-10.215,7.025,-0.021,3.655,7.783,-10.67,-7.24,-0.048,38.604,8.348,17.121,-7.749,-0.017,61.357,-16.09,-35.084,19.155,-0.013,54.062,-8.533,-23.213,9.314,-0.021,51.67,-14.65,-58.834,17.139,-0.086,10.663,10.115,-26.864,-9.264,-0.033,21.879,0.215,-32.054,-0.247
670,E0359,46063222_59643,2/14/2024 12:16,19.2,2,,TRUE,,GD,(None),Not Done,Not Done,(None),500_LON,Not Done,Pass,(None),Not Done,(None),,,0,0,FALSE,Fail,0,0,0.089,0.727,0.742,0.352,0.256,0.509,0.371,0.343,0.486,0.395,0.223,0.245,0.434,0.488,0.388,0.285,0.494,0.089,-62.979,-36.338,-4.866,57.22,0.727,3.182,-63.284,35.534,174.345,0.742,3.824,5.256,80.016,-4.289,0.352,81.947,-15.988,-34.804,19.45,0.256,142.809,9.038,-19.663,-8.055,0.509,78.123,26.992,19.626,-20.854,0.371,214.756,9.51,5.199,-8.345,0.343,85.317,16.604,3.279,-13.945,0.486,26.402,3.471,-8.816,-2.885,0.395,43.491,8.431,-4.431,-7.411,0.223,1.496,-37.038,25.212,59.18,0.245,89.353,-0.577,-12.046,0.827,0.434,50.268,0.918,7.401,-0.479,0.488,40.139,15.943,33.261,-13.329,0.388,48.318,5.138,10.504,-4.518,0.285,64.496,-5.219,11.795,5.807,0.494,78.467,7.944,22.096,-6.902
671,E0371,46037274_1450,2/1/2024 16:37,22.1,2,,TRUE,,GD,Unkonw Defect,Fail,Pass,(None),110_LVL (new),Not Done,Pass,(None),Fail,(None),_Corrosion_Dimensional,bad cup,1,2020,TRUE,Fail,0,0,2.677,0.527,-0.547,-0.024,0.096,0.207,0.228,0.247,0.161,0.097,0.2,0.259,0.253,0.107,0.158,0.281,0.15,2.677,2012.4,430.059,68.904,-80.629,0.527,362.739,12.186,-8.447,-10.393,-0.547,171.56,34.701,-925.438,-26.168,-0.024,100.546,68.082,6.29,-40.52,0.096,28.808,-27.278,29.439,37.643,0.207,113.883,8.123,-41.774,-7.322,0.228,87.807,2.761,37.031,-2.465,0.247,136.648,-18.549,-47.715,23.076,0.161,104.373,39.313,37.297,-28.103,0.097,117.47,-11.454,-24.676,13.045,0.2,150.702,1.561,-15.83,-1.34,0.259,-42.357,9.12,-46.212,-8.121,0.253,198.893,8.03,-11.256,-7.199,0.107,76.758,1.482,0.58,-1.355,0.158,80.655,8.722,21.75,-7.877,0.281,-48.192,-29.071,-14.575,41.381,0.15,144.892,4.692,-10.094,-4.339
672,E0385,45978176_1450,1/4/2024 20:14,21.1,2,,TRUE,,GD,No Defect,Pass,Pass,(None),400_LA (new),Not Done,Pass,(None),Pass,(None),none,0,1,2020,TRUE,Fail,0,0,1.265,0.748,2.101,-0.124,-0.036,0.031,0.047,0.027,0.066,0.05,0.056,0.014,0.054,-0.021,0,-0.006,-0.002,1.265,172.721,54.771,71.021,-34.571,0.748,22.62,166.051,59.997,-62.132,2.101,140.721,102.659,-6.091,-49.619,-0.124,-37.777,11.916,-57.555,-10.759,-0.036,-49.905,-18.522,-27.898,22.689,0.031,-57.822,41.163,24.485,-29.138,0.047,-45.93,2.726,23.754,-2.607,0.027,-28.808,25.421,0.482,-20.247,0.066,-45.812,-3.139,3.201,3.309,0.05,-48.612,-16.995,24.456,20.535,0.056,-10.571,-8.729,-81.407,9.625,0.014,-22.96,7.059,-11.25,-6.581,0.054,32.289,0.512,-4.401,-0.456,-0.021,-1.523,-14.02,-37.902,16.282,0,-11.66,0.339,2.161,-0.338,-0.006,-52.214,49.761,6.455,-33.231,-0.002,16.069,-32.835,-53.84,48.885
673,E0387,45937557_1450,12/6/2023 17:01,22.8,2,,TRUE,,GD,No Defect,Pass,Pass,(None),110_LVL (new),Not Done,Pass,(None),Pass,(None),none,0,1,2020,TRUE,Pass,0,0,-0.169,-0.275,-0.18,0.049,-0.099,-0.001,-0.009,-0.054,0.005,-0.029,-0.022,-0.027,-0.017,-0.047,-0.055,-0.027,0.019,-0.169,86.585,-55.863,-119.811,126.186,-0.275,216.4,34.849,46.886,-26.047,-0.18,380.607,-15.941,-59.045,18.75,0.049,374.804,-23.072,-27.421,30.057,-0.099,557.708,70.545,6.789,-41.422,-0.001,612.579,-38.936,-113.762,63.761,-0.009,247.006,-0.877,-42.861,0.876,-0.054,424.677,41.628,47.341,-29.431,0.005,439.694,-0.359,2.949,0.365,-0.029,527.223,-4.873,-31.953,5.092,-0.022,322.1,7.609,5.772,-7.091,-0.027,6.724,-54.86,56.639,121.472,-0.017,598.054,-4.929,-28.635,5.166,-0.047,396.43,-2.828,-4.486,2.862,-0.055,280.696,17.591,26.463,-15.006,-0.027,-73.831,-52.122,23.727,108.808,0.019,0.673,-41.768,-71.282,71.761
674,e0388,45859406_1450,10/24/2023 15:46,23.9,2,,TRUE,,UN,(None),Not Done,Not Done,(None),300_FW,Not Done,Pass,(None),Not Done,neon,,,0,0,FALSE,Pass,0,0,0.579,0.262,0.556,-0.08,-0.25,-0.111,-0.167,-0.195,-0.121,-0.116,-0.063,-0.118,-0.167,-0.093,-0.131,-0.181,-0.147,0.579,-1.854,-30.129,-109.555,43.949,0.262,1119.423,80.187,82.467,-44.357,0.556,823.728,65.767,77.677,-39.339,-0.08,2644.839,50.087,-45.599,-33.425,-0.25,1641.096,-17.64,-272.669,21.114,-0.111,1452.396,-37.093,-166.258,58.788,-0.167,1745.278,4.149,-141.687,-4.144,-0.195,1226.839,-20.318,-196.598,25.254,-0.121,-7.743,0.589,-23.997,-0.705,-0.116,36.631,-17.295,-144.581,20.771,-0.063,1433.009,-23.663,-149.903,30.916,-0.118,776.365,-13.505,-46.972,15.476,-0.167,988.506,-11.777,-128.222,13.16,-0.093,3463.763,-48.355,-424.352,93.451,-0.131,214.099,-33.095,-237.739,49.27,-0.181,640.926,158.479,-123.901,-61.382,-0.147,34.793,6.572,-37.696,-6.305
675,E0389,46013340_1450,1/19/2024 15:10,21.1,2,,TRUE,,GD,No Defect,Pass,Pass,(None),400_LA (new),Not Done,Pass,(None),Pass,(None),none,0,1,2020,TRUE,Pass,0,0,1.331,1.006,-0.201,-0.09,-0.085,-0.051,-0.029,0.024,0.087,0.061,0.019,-0.037,0,-0.074,-0.048,-0.048,0.029,1.331,18.827,229.353,79.277,-69.233,1.006,168.482,-34.115,-130.961,53.305,-0.201,-23.879,-36.63,-110.734,57.486,-0.09,-29.729,-44.32,-8.528,79.436,-0.085,15.075,-10.929,1.99,12.175,-0.051,-15.672,-5.102,-43.552,5.323,-0.029,-39.293,-2.77,20.166,2.819,0.024,5.463,3.515,17.195,-3.372,0.087,-17.042,11.498,14.237,-10.234,0.061,-23.653,-5.012,-4.306,5.34,0.019,6.461,-19.075,-10.896,23.595,-0.037,21.142,-10.546,22.141,11.748,0,12.222,3.04,10.348,-2.95,-0.074,-40.784,13.526,18.87,-11.98,-0.048,-30.62,6.991,18.294,-6.579,-0.048,-29.853,23.232,15.203,-18.891,0.029,26.272,14.836,-34.502,-12.894
676,E0392,45736862_1450,8/29/2023 16:51,24.8,2,,TRUE,,GD,No Defect,Not Done,Pass,(None),110_LVL (new),Not Done,Pass,Green,Pass,green,none,,1,2020,TRUE,Pass,0,0,-0.593,0.661,0.468,0.285,0.175,0.268,0.21,0.196,0.272,0.25,0.143,0.121,0.297,0.283,0.191,0.247,0.335,-0.593,199.344,-62.312,-78.191,163.76,0.661,288.399,23.237,70.396,-18.32,0.468,348.492,-27.967,54.675,39.475,0.285,519.702,74.834,41.695,-42.64,0.175,1015.357,6.444,-17.013,-5.89,0.268,635.209,2.476,-2.216,-2.154,0.21,486.657,10.021,-84.928,-8.917,0.196,1011.543,-6.186,10.637,6.803,0.272,648.3,11.547,14.375,-10.108,0.25,642.56,-3.779,17.47,4.187,0.143,496.972,21.481,41.682,-17.565,0.121,490.417,-5.631,41.131,6.095,0.297,641.865,17.262,11.725,-14.468,0.283,410.554,22.509,26.731,-18.142,0.191,363.958,11.336,22.853,-10.01,0.247,302.406,-54.66,-29.712,121.1,0.335,-8.83,-2.431,29.111,2.834
677,E0396,45909075_1450,11/20/2023 16:31,22.6,2,,TRUE,,UN,No Defect,Pass,Pass,(None),400_LA (new),Not Done,Pass,(None),Pass,neon,none,0,1,2020,TRUE,Pass,0,0,0.349,-0.174,-0.201,-0.057,-0.098,-0.05,-0.386,0,0.081,0.005,-0.015,-0.061,0.175,-0.079,-0.039,-0.091,0.01,0.349,-30.152,-71.544,-90.181,252.639,-0.174,-29.318,22.339,4.942,-18.402,-0.201,-23.287,-22.919,-67.752,29.473,-0.057,-19.05,-20.513,-22.484,25.736,-0.098,22.054,26.614,29.475,-21.097,-0.05,-24.698,9.114,-20.714,-8.399,-0.386,-42.234,-7.142,8.614,7.276,0,10.168,9.345,36.624,-8.546,0.081,-21.783,2.037,-111.925,-1.917,0.005,-41.533,29.767,36.533,-22.935,-0.015,-9.396,-5.951,-185.535,6.311,-0.061,20.083,-3.785,11.944,3.871,0.175,-23.683,-33.465,-33.371,50.559,-0.079,-45.573,3.663,7.913,-3.61,-0.039,-42.452,1.955,9.484,-1.955,-0.091,-36.813,24.23,20.669,-19.578,0.01,-15.897,18.112,18.647,-15.326
678,E0397,45525893_1450,5/8/2023 21:27,25.9,2,,TRUE,,GD,No Defect,Pass,Pass,Green,400_LA (new),Not Done,Pass,Green,Pass,green,none,,1,2020,TRUE,Fail,0,0,-4.682,-0.494,-0.652,-0.072,-0.079,-0.062,-0.003,0.007,0,-0.098,-0.015,0.005,-0.024,-0.052,-0.031,-0.047,-0.076,-4.682,-2.244,-5.742,-19.266,1.124,-0.494,87.177,0.673,-67.301,-1.159,-0.652,102.946,7.592,-81.254,-7.663,-0.072,169.436,-9.527,3.727,10.451,-0.079,80.592,-16.053,17.511,19.028,-0.062,170.908,-16.894,-103.365,20.254,-0.003,86.695,-23.497,-79.549,30.71,0.007,71.531,42.109,11.097,-29.626,0,175.424,14.253,7.212,-12.475,-0.098,146.154,5.574,13.744,-5.373,-0.015,91.841,45.326,34.757,-31.2,0.005,130.417,20.583,-10.952,-17.066,-0.024,144.793,2.343,3.357,-2.313,-0.052,147.194,12.599,15.947,-11.236,-0.031,123.1,0.841,5.449,-0.865,-0.047,93.606,-52.771,-199.597,111.633,-0.076,121.114,-1.152,-13.762,1.089
679,E0404,45777858_1450,9/13/2023 19:09,27,2,,TRUE,,B2,Non-Critical Defect,Not Done,Not Done,(None),400_LA (new),Not Done,Pass,(None),Fail,Pink,_ImpactDamage,REJECTED WHEEL HALF DUE TO SEVERE SURFACE DAMAGE ,1,2020,TRUE,Pass,0,0,-1.55,0.352,-0.136,0.002,-0.074,-0.043,-0.064,-0.051,-0.095,-0.111,-0.121,-0.086,-0.132,-0.086,-0.029,-0.059,-0.115,-1.55,-79.632,-52.094,-1355.599,105.508,0.352,-82.658,-67.848,-45.112,212.112,-0.136,-81.953,16.763,-34.923,-14.473,0.002,53.381,26.708,15.769,-21.077,-0.074,89.684,-13.621,5.177,15.683,-0.043,91.452,-22.656,-77.677,29.238,-0.064,4.912,9.325,25.239,-8.588,-0.051,82.069,43.504,22.169,-30.351,-0.095,111.953,-7.459,-1.746,7.959,-0.111,91.178,6.696,-18.344,-6.38,-0.121,44.684,-8.094,22.882,8.675,-0.086,22.665,-8.765,-40.336,9.513,-0.132,59.465,16.648,22.967,-14.385,-0.086,84.543,-0.463,-0.166,0.378,-0.029,80.742,2.225,2.776,-2.205,-0.059,1.384,-54.534,-11.148,119.816,-0.115,74.296,22.765,37.987,-18.638
680,E0425,45831048_1450,10/11/2023 15:47,25,2,,TRUE,,GD,No Defect,Pass,Pass,(None),300_FW,Not Done,Pass,(None),Pass,green,none,0,1,2020,TRUE,Fail,0,0,inf,0.674,-0.015,-0.091,0.113,0.362,0.227,0.116,0.295,0.203,0.199,0.169,0.338,0.255,0.236,0.252,0.279,inf,inf,inf,#NAME?,inf,0.674,176.163,23.451,1.88,-18.45,-0.015,250.976,126.725,28.057,-55.9,-0.091,113.945,-55.082,65.17,122.426,0.113,82.708,-29.834,-49.318,42.68,0.362,159.571,38.253,8.896,-27.407,0.227,490.683,5.412,-7.236,-4.918,0.116,79.341,-23.364,-7.177,30.639,0.295,110.955,4.027,12.176,-3.587,0.203,143.617,3.868,-6.833,-3.529,0.199,181.959,12.449,-75.049,-10.894,0.169,142.657,3.785,23.738,-3.484,0.338,111.516,-2.267,-5.336,2.665,0.255,87.887,19.141,25.558,-15.852,0.236,129.51,-3.219,-5.631,3.57,0.252,-52.264,11.178,24.452,-9.828,0.279,-80.011,1.706,-29.231,-1.403
681,E0441,None,11/9/2023 12:18,20.5,2,,TRUE,,UN,(None),Not Done,Not Done,(None),101_COPA,Not Done,Pass,(None),Not Done,neon,,,0,0,FALSE,Pass,0,0,-0.013,-0.074,-0.056,0.154,0.046,-0.082,-0.029,0.025,-0.024,-0.032,-0.026,-0.023,-0.017,0.02,-0.038,-0.043,-0.062,-0.013,-26.877,29.272,20.915,-22.654,-0.074,-88.363,-18.023,-14.486,21.895,-0.056,-4.913,-5.632,6.789,5.909,0.154,-11.441,12.507,4.624,-10.98,0.046,-15.1,34.779,26.675,-25.77,-0.082,-19.448,32.488,47.64,-24.583,-0.029,-24,-5.73,12.365,6.048,0.025,-44.134,16.962,14.1,-14.48,-0.024,-20.268,12.997,26.754,-11.523,-0.032,-23.534,11.105,30.459,-10.024,-0.026,-16.125,2.845,14.596,-2.791,-0.023,5.015,6.989,18.811,-6.554,-0.017,-13.152,20.367,-10.159,-16.935,0.02,-20.739,76.792,69.122,-43.425,-0.038,-41.751,32.313,52.899,-24.45,-0.043,-13.893,27.565,45.213,-21.642,-0.062,-23.602,39.915,45.462,-28.572
682,E0450,45458575_1450,3/31/2023 13:55,19.2,2,,TRUE,,GD,No Defect,Pass,Pass,Green,400_LA (new),Not Done,Pass,Green,Pass,green,none,,1,2020,TRUE,Fail,0,0,0.069,0.182,0.95,0.455,0.243,0.317,0.282,0.214,0.287,0.298,0.209,0.208,-0.021,0.368,0.28,0.304,0.423,0.069,-61.347,-61.363,-61.432,158.999,0.182,440.641,-26.245,94.214,35.83,0.95,387.58,119.272,82.016,-53.961,0.455,960.677,-42.219,-124.394,73.855,0.243,573.955,-25.038,-69.411,33.725,0.317,669.388,-11.311,-23.639,13.111,0.282,351.869,-35.385,-139.252,55.2,0.214,363.028,43.176,29.067,-30.006,0.287,-42.268,15.349,30.786,-13.058,0.298,-6.614,-1.692,-27.278,2.025,0.209,495.9,-8.215,-51.716,9.178,0.208,356.449,1.078,-47.126,-0.861,-0.021,216.712,-17.53,-65.027,21.232,0.368,61.978,-18.959,-56.951,23.849,0.28,-7.948,-0.978,10.476,1.271,0.304,-5.878,-4.34,30.314,4.854,0.423,5.261,47.361,25.822,-31.853
683,E0510,45983182_59643,1/5/2024 7:21,19.2,2,,TRUE,,GD,No Defect,Pass,Pass,(None),500_LON,Not Done,Pass,(None),Pass,(None),none,0,2,2020,TRUE,Pass,0,0,-0.123,0.028,0.164,0.075,0.001,0.062,0.131,-0.016,0.035,0.047,0.017,-0.01,0.045,0.05,0.021,0,0.038,-0.123,36.718,-13.823,-84.772,15.897,0.028,553.273,57.069,-22.876,-36.316,0.164,-1.513,1.782,18.217,-1.59,0.075,22.103,23.526,6.603,-18.985,0.001,3.55,16.053,38.184,-13.832,0.062,24.42,-13.588,-10.606,15.796,0.131,17.229,-16.466,78.218,19.868,-0.016,37.607,-15.329,-11.592,18.085,0.035,7.012,-6.808,-11.763,7.344,0.047,16.443,-9.649,-10.376,10.731,0.017,-3.329,26.833,55.978,-21.143,-0.01,21.793,5.517,-16.522,-5.238,0.045,24.716,10.133,-3.565,-9.159,0.05,8.933,8.829,18.993,-8.067,0.021,26.978,3.27,5.316,-3.147,0,12.632,9.3,43.016,-8.509,0.038,50.997,-0.145,-0.925,0.183
684,E0527,46058324_7406,2/9/2024 14:10,20.8,2,,TRUE,,GD,(None),Not Done,Not Done,(None),500_LON,Not Done,Pass,(None),Not Done,(None),,,0,0,FALSE,Pass,0,0,1.855,0.27,0.12,0.051,-0.026,0.041,-0.112,0.004,0.026,0.023,0.047,0.019,0.021,0.032,0.016,0.012,0.028,1.855,-59.769,59.639,-16.821,-36.197,0.27,10.803,-0.49,-154.24,0.763,0.12,-0.314,0.884,-97.515,-0.757,0.051,-17.722,33.656,2.589,-25.143,-0.026,-4.346,32.293,0.952,-24.43,0.041,14.492,-36.933,-80.357,58.628,-0.112,88.691,95.108,-53.092,-48.804,0.004,7.217,17.665,12.964,-15.01,0.026,0.371,1.76,1.89,-1.704,0.023,-3.92,4.644,18.794,-4.415,0.047,12.108,26.164,-10.69,-20.701,0.019,16.216,-1.489,-14.013,1.531,0.021,-3.418,10.89,18.849,-9.802,0.032,-9.443,9.351,20.15,-8.522,0.016,-13.612,9.531,23.802,-8.688,0.012,1.455,61.166,21.441,-37.945,0.028,28.368,-16.048,-45.18,19.15
685,E0541,45971203_1450,2/13/2024 12:59,22.1,2,,TRUE,,GD,No Defect,Pass,Pass,(None),110_LVL (new),Not Done,Pass,(None),Pass,(None),none,0,3,2020,TRUE,Pass,0,0,0.319,0,-0.111,-0.004,-0.072,0.028,0.088,0.061,0.026,0.009,-0.013,-0.004,0.032,-0.041,-0.017,-0.117,0.038,0.319,60.192,-40.267,-17.875,67.947,0,33.605,9.392,-24.513,-8.586,-0.111,26.891,8.203,-8.618,-7.684,-0.004,18.033,4.69,0.25,-4.484,-0.072,105.884,21.761,-64.024,-17.931,0.028,38.165,-25.23,-38.896,33.782,0.088,-31.731,-53.083,20.709,113.327,0.061,115.7,-0.456,-44.151,0.52,0.026,60.566,10.801,16.253,-9.724,0.009,63.885,-7.915,4.95,8.605,-0.013,32.758,4.191,4.75,-4.035,-0.004,-13.445,-21.89,7.151,28.019,0.032,76.989,3.7,7.123,-3.537,-0.041,1.078,-2.553,-8.452,2.578,-0.017,14.319,14.602,29.128,-12.757,-0.117,-82.887,-37.842,29.486,60.691,0.038,101.306,11.055,15.873,-9.92
686,E0541,45611514_1450,6/19/2023 19:33,26.3,2,,TRUE,,GD,No Defect,Pass,Pass,Green,300_FW,Not Done,Pass,Green,Pass,green,none,,3,2020,TRUE,Pass,0,0,-0.365,-0.125,0.011,0.014,0.042,0.083,0.026,-0.014,0.059,0.035,0.059,-0.024,0.002,0.003,0.005,-0.01,0,-0.365,151.614,62.812,12.556,-38.804,-0.125,185.102,13.211,20.726,-11.78,0.011,233.91,-3.902,-7.613,4.072,0.014,284.462,-28.037,-21.224,38.98,0.042,201.427,1.101,39.476,-1.047,0.083,342.013,-18.894,-87.886,23.398,0.026,260.1,-18.455,-32.266,22.664,-0.014,252.926,-2.654,-24.726,2.712,0.059,225.71,-7.736,-30.578,8.449,0.035,-65.311,2.129,-3.953,-2.051,0.059,321.164,-32.413,-161.632,48.044,-0.024,358.679,5.96,-15.804,-5.647,0.002,309.572,-11.239,-38.72,12.664,0.003,318.175,-14.59,-19.893,17.087,0.005,276.699,-1.2,-11.368,1.22,-0.01,-53.485,-16.334,-4.857,19.511,0,-60.16,13.683,0.967,-12.036
687,E0542,46016860_1450,1/25/2024 16:00,24.3,2,,TRUE,,GD,No Defect,Pass,Pass,(None),110_LVL (new),Not Done,Pass,(None),Pass,(None),none,0,3,2020,TRUE,Pass,0,0,-0.093,-0.108,-0.025,0.121,0.01,0.102,0.009,-0.029,0.114,0.055,0.008,-0.001,-0.025,-0.02,-0.034,-0.022,0.001,-0.093,-22.573,54.777,40.505,-35.451,-0.108,-3.012,7.128,50.953,-6.755,-0.025,28.083,-7.602,10.174,8.201,0.121,75.641,-14.102,-90.001,16.557,0.01,106.22,55.096,23.113,-35.517,0.102,55.264,14.447,-50.046,-12.534,0.009,-8.928,24.314,42.906,-19.551,-0.029,66.705,48.023,31.217,-32.462,0.114,60.618,22.35,8.558,-18.174,0.055,78.485,-7.178,7.737,7.793,0.008,35.68,-6.92,16.754,7.444,-0.001,-66.212,-23.625,64.174,30.932,-0.025,45.954,28.172,37.108,-21.999,-0.02,36.394,-4.709,2.224,4.92,-0.034,8.255,26.761,43.297,-21.138,-0.022,-62.144,-19.799,48.223,24.659,0.001,97.479,-6.978,-37.476,7.503
688,E0584,45437505_1450,3/17/2023 18:47,26,2,,TRUE,,GD,No Defect,Pass,Pass,Green,200_LA (old),Not Done,Pass,Green,Pass,green,none,,3,2020,TRUE,Fail,0,0,-1.197,-0.027,-0.795,0.135,0.108,1.989,0.242,0.14,0.11,0.02,0.118,0.081,0.235,0.163,0.175,0.167,0.189,-1.197,-47.688,-39.894,-295.568,64.381,-0.027,14.426,-64.595,5.295,182.367,-0.795,96.45,-62.14,36.137,162.031,0.135,366.52,11.086,-8.638,-9.858,0.108,250.199,-3.391,38.113,3.621,1.989,1565.44,345.464,-56.781,-77.105,0.242,909.329,20.184,-3.225,-16.593,0.14,153.411,40.796,29.497,-28.875,0.11,59.454,-37.012,-3.24,58.935,0.02,-42.87,85.783,33.446,-46.163,0.118,275.911,11.436,-29.884,-10.156,0.081,308.773,-27.137,-23.053,37.355,0.235,115.574,14.886,-27.166,-12.753,0.163,55.171,-1.049,-11.072,1.225,0.175,47.802,1.719,-5.606,-1.518,0.167,509.658,17.677,-53.072,-14.88,0.189,37.067,-3.361,-2.7,3.673
689,E0591,45482086_355,4/14/2023 14:54,23.9,2,,TRUE,,GD,No Defect,Not Done,Pass,Green,110_LVL (new),Not Done,Pass,Green,Pass,green,none,,2,2020,TRUE,Pass,0,0,-0.23,0.252,0.367,0.252,0.045,0.036,0.064,0.011,0.109,0.099,0.059,0.027,-0.135,0.086,0.036,0.147,0.109,-0.23,18.504,-47.941,60.407,91.649,0.252,188.919,57.405,82.023,-36.309,0.367,345.001,38.486,68.102,-27.525,0.252,634.366,-51.121,-187.212,105.101,0.045,391.108,5.328,-84.289,-5.016,0.036,625.963,-48.196,-202.292,93.104,0.064,-25.348,-3.584,-20.044,3.783,0.011,253.431,-7.864,17.119,8.546,0.109,-49.374,0.257,9.693,-0.148,0.099,-13.562,-4.628,-41.744,4.956,0.059,341.951,-17.445,-21.847,21.203,0.027,309.798,10.3,16.524,-9.314,-0.135,250.139,17.033,7.805,-14.67,0.086,29.763,-31.114,-92.191,45.293,0.036,-35.058,11.139,33.481,-9.99,0.147,-52.538,-4.148,-13.913,4.481,0.109,1.097,-9.343,9.099,10.426
690,E0604,45925721_1450,11/28/2023 19:41,25.6,2,,TRUE,,GD,No Defect,Pass,Pass,(None),400_LA (new),Not Done,Pass,(None),Pass,(None),none,0,3,2020,TRUE,Pass,0,0,0.429,0.322,0.349,0.087,-0.153,0.06,0.114,-0.029,0.09,0.087,0.021,0.015,-0.078,0.119,0.019,0.014,-0.035,0.429,-21.632,-12.071,6.112,14.216,0.322,120.696,-8.776,-30.78,9.974,0.349,-2.386,-35.352,-797.345,55.225,0.087,2.833,-30.272,-146.481,43.54,-0.153,-59.489,-67.839,-55.685,210.465,0.06,-36.892,-1.178,-0.78,1.253,0.114,-13.517,38.546,-81.815,-27.74,-0.029,-54.848,-8.417,-17.743,9.159,0.09,-27.488,1.932,17.76,-1.807,0.087,-22.449,-6.619,5.105,7.182,0.021,-41.774,-11.003,35.971,12.388,0.015,-15.737,4.214,8.388,-4.029,-0.078,-58.391,0.816,-19.38,-0.886,0.119,20.419,10.082,23.191,-9.051,0.019,-12.914,0.74,-2.192,-0.715,0.014,-47.736,47.246,29.706,-32.077,-0.035,-27.364,53.365,31.721,-34.819
691,E0614,46061882_1450,2/13/2024 18:47,24,2,,TRUE,,GD,No Defect,Pass,Pass,(None),110_LVL (new),Not Done,Pass,(None),Pass,(None),none,0,3,2020,TRUE,Pass,0,0,-1.826,-0.297,-0.082,0.243,0.131,0.133,0.136,0.215,inf,0.18,0.141,0.145,0.097,0.181,0.119,0.119,0.155,-1.826,319.898,-10.495,-94.459,9.685,-0.297,-19.628,51.443,2.343,-34.164,-0.082,-2.587,23.688,31.133,-19.218,0.243,42.111,-5.761,4.877,6.372,0.131,13.685,87.612,40.124,-46.629,0.133,19.407,-13.73,7.023,16.069,0.136,-3.215,14.942,36.656,-12.881,0.215,37.392,12.384,-24.103,-10.828,inf,inf,inf,#NAME?,inf,0.18,37.681,2.472,20.522,-2.236,0.141,26.777,33.303,34.409,-24.878,0.145,25.491,-18.442,-22.987,22.791,0.097,-5.205,16.696,1.209,-14.224,0.181,37.333,-5.571,-6.452,6.091,0.119,-12.674,13.324,26.933,-11.653,0.119,29.191,-20.909,27.953,26.588,0.155,87.158,-6.8,-15.895,7.463
692,e0627,45667152_1450,7/19/2023 14:05,29.5,2,,TRUE,,GD,No Defect,Not Done,Pass,Green,300_FW,Not Done,Pass,Green,Pass,green,none,,3,2020,TRUE,Pass,0,0,0.387,-0.273,-0.282,-0.104,-0.119,-0.138,-0.027,-100,-0.062,-0.084,-0.035,-0.051,-0.047,-0.061,-0.045,-0.094,-0.099,0.387,396.455,428.653,72.856,-81.011,-0.273,178.78,1.946,12.74,-2.177,-0.282,233.176,-6.194,-1.835,6.302,-0.104,302.424,-6.655,7.965,7.018,-0.119,237.933,10.933,19.477,-9.962,-0.138,251.041,5.378,18.686,-5.234,-0.027,-49.983,-3.066,-14.711,3.135,-100,-100,-100,100,-100,-0.062,273.452,1.033,-3.597,-1.083,-0.084,240.738,3.488,-17.847,-3.451,-0.035,278.928,-13.94,-35.332,16.157,-0.051,350.917,-11.029,-27.067,12.339,-0.047,347.841,5.466,-36.108,-5.228,-0.061,336.818,-0.335,-12.026,0.275,-0.045,334.963,-7.532,-28.534,8.098,-0.094,-49.796,-14.121,0.232,16.333,-0.099,-62.304,-11.633,-7.353,13.053
693,E0632P,45672413_1450,7/21/2023 20:58,30,2,,TRUE,,GD,No Defect,Pass,Pass,Green,400_LA (new),Not Done,Pass,Green,Pass,green,none,,1,2020,TRUE,Fail,0,0,inf,-0.996,-0.341,-0.285,-0.29,-0.278,-0.279,-100,-0.307,-0.226,-0.247,-0.2,-0.327,-0.307,-0.285,-0.341,-0.374,inf,inf,inf,#NAME?,inf,-0.996,28.82,-27.697,65.659,36.929,-0.341,69.611,88.455,64.664,-47.118,-0.285,344.123,48.263,37.255,-32.744,-0.29,402.488,8.882,-0.531,-8.424,-0.278,341.259,26.438,14.775,-21.13,-0.279,227.431,4.148,-10.592,-4.25,-100,-100,-100,100,-100,-0.307,316.306,8.125,12.054,-7.799,-0.226,261.263,16.144,9.397,-14.094,-0.247,323.268,30.134,-42.981,-23.346,-0.2,303.944,-2.04,-30.997,1.879,-0.327,214.503,20.189,17.499,-17.07,-0.307,199.087,37.538,48.418,-27.517,-0.285,307.983,1.178,-2.356,-1.447,-0.341,60.341,-5.049,36.609,4.959,-0.374,231.119,49.182,-26.944,-33.219
694,E0642P,45490590_1450,4/18/2023 11:59,25.3,2,,TRUE,,GD,No Defect,Not Done,Pass,Green,300_FW,Not Done,Pass,Grey,Pass,green,none,,0,0,TRUE,Fail,0,0,-1.312,-0.592,-0.858,-0.361,-0.205,-0.345,-0.343,-0.289,-0.328,-0.349,-0.219,-0.114,-0.311,-0.343,-0.277,-0.21,-0.398,-1.312,149.828,374.348,71.661,-79.195,-0.592,87.67,31.408,-59.512,-24.351,-0.858,147.736,-24.386,-33.358,31.115,-0.361,58.202,85.414,54.427,-46.261,-0.205,11.898,-0.438,16.357,0.235,-0.345,74.889,-3.342,10.638,3.101,-0.343,406.896,89.343,22.541,-47.367,-0.289,35.443,-24.743,-12.063,32.494,-0.328,86.581,-5.37,11.26,5.328,-0.349,64.694,-16.999,-12.358,20.061,-0.219,105.397,-8.778,-29.961,9.382,-0.114,99.791,83.169,-115.827,-45.468,-0.311,89.838,-8.864,21.324,9.386,-0.343,57.294,-0.957,4.623,0.62,-0.277,70.177,-6.336,-4.868,6.469,-0.21,116.894,36.087,-2.027,-26.672,-0.398,36.627,-14.922,-30.549,17.071
695,E0665,45971204_1450,12/22/2023 17:12,22.5,2,,TRUE,,GD,(None),Not Done,Not Done,(None),110_LVL (new),Not Done,Pass,(None),Not Done,(None),,,0,0,FALSE,Fail,0,0,0.151,-0.035,-0.157,0.075,-0.008,-0.041,0.001,-0.029,0.026,0.027,0.013,-0.023,-0.053,-0.022,-0.043,-2.012,0.04,0.151,30.373,53.174,-116.889,-34.616,-0.035,29.366,8.367,-56.376,-7.754,-0.157,8.054,12.477,-55.799,-11.233,0.075,16.101,17.99,0.004,-15.184,-0.008,33.041,24.33,1.52,-19.576,-0.041,41.011,-10.842,-53.599,12.114,0.001,-10.164,46.658,25.695,-31.813,-0.029,51.232,-4.497,-31.78,4.679,0.026,26.221,-3.631,6.093,3.795,0.027,38.827,-12.568,-6.568,14.406,0.013,27.98,-2.908,-28.368,3.009,-0.023,-73.632,-40.385,65.972,67.704,-0.053,-3.558,-6.85,-5.859,7.297,-0.022,-1.414,13.801,24.768,-12.147,-0.043,-14.868,20.758,36.738,-17.226,-2.012,-19.623,-47.64,-30.371,87.141,0.04,91.361,-26.064,-37.644,35.305
696,E0665,45675714_1450,7/25/2023 15:55,24.5,2,,TRUE,,UN,5,Pass,Not Done,Black,2019,Not Done,Pass,Grey,Not Done,neon,,,2,0,FALSE,Pass,0,0,0.528,0.233,0.323,0.312,0.211,0.098,0.037,0.041,0.078,0.029,0.043,0.035,0,0.035,0.016,0.11,-0.01,0.528,532.18,-16.419,75.104,20.276,0.233,957.356,-12.05,11.347,13.967,0.323,480.48,25.037,52.69,-19.765,0.312,1785.273,136.442,-86.77,-57.574,0.211,1183.224,214.165,6.244,-68.103,0.098,700.28,-0.904,-53.013,1.011,0.037,842.188,-32.36,-97.965,47.896,0.041,442.131,-5.848,-17.452,6.255,0.078,387.099,31.208,-31.495,-23.725,0.029,-37.125,9.499,-17.843,-8.648,0.043,790.987,11.817,-30.304,-10.529,0.035,3291.275,13.871,-82.773,-12.15,0,380.061,45.904,4.242,-31.462,0.035,958.811,-2.865,-75.054,2.985,0.016,-33.36,19.108,33.08,-16.029,0.11,87.413,103.552,-14.073,-50.819,-0.01,-24.456,39.745,-10.496,-28.448
697,E0671,45681068_1450,7/27/2023 12:29,24.2,2,,TRUE,,GD,No Defect,Pass,Pass,10,2018,Not Done,Pass,Orange,Pass,green,none,,2,0,TRUE,Pass,0,0,inf,-0.005,-0.048,-0.012,-0.019,0.088,0.074,0.002,-0.001,-0.014,0.005,0.016,-0.012,-0.044,0.005,0.132,-0.076,inf,inf,inf,#NAME?,inf,-0.005,163.529,28.475,42.528,-22.168,-0.048,185.235,6.266,23.817,-5.942,-0.012,192.725,48.392,-25.695,-32.619,-0.019,142.434,-33.504,-78.442,50.356,0.088,196.037,-2.425,-0.421,2.575,0.074,391.821,4.461,-33.723,-4.2,0.002,118.446,-7.321,37.208,7.902,-0.001,122.953,3.931,14.989,-3.783,-0.014,121.907,-4.98,-1.228,5.226,0.005,172.852,-13.039,-0.764,14.999,0.016,209.047,6.119,18.046,-5.752,-0.012,145.011,-9.038,-14.324,9.923,-0.044,130.892,3.257,7.128,-3.197,0.005,131.007,0.677,1.892,-0.668,0.132,273.622,306.422,-40.107,-75.362,-0.076,-75.985,7.089,-40.627,-6.691
698,E0672,45610024_1450,6/19/2023 15:07,24.5,2,,TRUE,,GD,No Defect,Pass,Pass,Green,300_FW,Not Done,Pass,Green,Pass,green,none,,4,2020,TRUE,Pass,0,0,-1.022,-0.25,-0.147,-0.16,-0.102,0.03,-0.002,-0.065,0.014,0,-0.038,-0.063,0,-0.028,-0.032,-0.057,-0.037,-1.022,129.849,-12.483,-44.672,13.095,-0.25,135.045,0.13,-23.217,-0.379,-0.147,158.528,12.737,21.541,-11.428,-0.16,159.449,56.392,38.929,-36.16,-0.102,128.029,11.981,27.362,-10.79,0.03,177.866,0.391,-15.493,-0.359,-0.002,192.125,-12.503,-2.157,14.287,-0.065,149.226,-17.031,-13.502,20.448,0.014,160.166,1.128,-26.722,-1.102,0,147.763,-14.68,-27.251,17.206,-0.038,182.632,15.34,-10.451,-13.333,-0.063,289.522,-10.846,-32.492,12.095,0,243.599,24.304,10.476,-19.552,-0.028,204.225,-8.771,-23.767,9.584,-0.032,200.167,-3.116,-12.506,3.183,-0.057,-52.995,-13.226,-43.912,15.176,-0.037,-68.345,-43.571,-17.793,77.15
699,E0674,45786183_1450,9/20/2023 14:21,25.8,2,,TRUE,,GD,No Defect,Pass,Pass,(None),400_LA (new),Not Done,Pass,(None),Pass,green,none,0,5,2020,TRUE,Pass,0,0,0.238,0.001,-0.12,0.02,0.032,-0.03,0.019,-0.007,0.095,0.096,0.008,-0.033,0.074,-0.025,-0.011,-0.027,0.03,0.238,30.82,40.662,-29.348,-28.738,0.001,23.574,16.136,30.531,-13.893,-0.12,12.545,27.286,-20.373,-21.531,0.02,48.916,-19.354,-49.562,24.024,0.032,191.769,-58.138,-191.516,138.959,-0.03,49.054,4.047,-17.176,-3.918,0.019,-33.367,-9.022,-19.993,9.938,-0.007,157.938,-31.997,-19.253,47.042,0.095,102.054,-9.333,3.552,10.398,0.096,110.387,2.538,-5.744,-2.382,0.008,42.966,-20.72,-12.597,26.146,-0.033,45.052,5.018,-14.456,-4.81,0.074,241.402,-9.686,4.545,10.807,-0.025,75.954,-5.065,-24.699,5.309,-0.011,59.888,2.608,7.59,-2.553,-0.027,-10.823,-35.858,-8.698,55.861,0.03,90.726,-25.025,17.851,33.418
700,E0675,45762242_1450,9/5/2023 20:51,28.2,2,,TRUE,,GD,No Defect,Pass,Pass,(None),400_LA (new),Not Done,Pass,Green,Pass,green,none,,2,2020,TRUE,Pass,0,0,1.172,-0.031,-0.122,0.04,-0.026,-0.052,-0.009,-0.011,0.021,0.028,-0.008,-0.053,-0.059,0.008,-0.028,-0.125,-0.022,1.172,36.257,114.815,-21.955,-52.903,-0.031,-26.822,10.382,-103.267,-9.433,-0.122,262.463,39.2,38.157,-28.249,0.04,554.85,71.834,-6.609,-41.781,-0.026,805.154,26.056,-4.855,-20.691,-0.052,493.869,-15.411,1.582,18.158,-0.009,330.577,-8.286,21.284,9.025,-0.011,687.096,12.24,-7.288,-10.915,0.021,820.941,-12.668,-33.924,14.529,0.028,686.462,-9.09,-23.861,10.029,-0.008,533.251,6.18,-16.903,-5.828,-0.053,504.06,3.83,-16.32,-3.74,-0.059,590.953,3.439,-0.332,-3.381,0.008,706.379,13.204,14.262,-11.657,-0.028,690.341,1.89,-1.435,-1.882,-0.125,354.189,15.915,-24.234,-13.838,-0.022,-23.407,-35.922,16.026,56.027
701,E0676,45707280_1450,8/9/2023 16:49,24.5,2,,TRUE,,GD,No Defect,Pass,Pass,Green,300_FW,Not Done,Pass,Green,Pass,green,none,,3,2020,TRUE,Pass,0,0,0.332,-0.845,0.488,-0.214,-0.119,-0.102,-0.161,-0.154,-0.165,-0.18,-0.155,-0.158,-0.107,-0.13,-0.115,-0.223,-0.155,0.332,-12.115,-9.052,-13.91,10.318,-0.845,146.748,48.019,70.38,-33.012,0.488,158.646,8.161,87.958,-7.095,-0.214,381.322,30.133,20.658,-23.319,-0.119,315.472,-40.577,16.768,68.084,-0.102,398.64,10.279,-3.025,-9.413,-0.161,176.171,-10.253,19.231,11.245,-0.154,288.983,47.543,1.938,-32.327,-0.165,277.839,-20.08,-9.254,24.919,-0.18,224.13,8.266,28.204,-7.801,-0.155,347.294,-2.277,-2.915,2.172,-0.158,353.162,-0.026,-15.294,-0.132,-0.107,368.736,-13.872,-31.283,15.982,-0.13,329.272,6.469,4.031,-6.198,-0.115,290.591,2.586,1.324,-2.632,-0.223,335.529,-41.305,-0.868,69.993,-0.155,-58.848,-1.779,-6.878,1.653
702,E0680,45790798_1450,9/21/2023 14:38,23.8,2,,TRUE,,GD,No Defect,Pass,Pass,(None),300_FW,Not Done,Pass,(None),Pass,green,none,0,3,2020,TRUE,Pass,0,0,-0.339,0.232,-0.324,-0.109,-0.044,0.164,0.037,-0.113,-0.066,0.054,-0.021,0.009,0,-0.075,-0.01,0.083,-0.073,-0.339,140.79,246.494,15.78,-71.237,0.232,124.6,26.277,-29.741,-20.625,-0.324,67.519,-9.424,-39.512,10.047,-0.109,88.57,125.571,12.199,-55.716,-0.044,1.931,12.115,30.384,-10.846,0.164,97.598,235.617,14.535,-70.155,0.037,263.722,-2.099,-38.917,2.182,-0.113,17.712,53.358,-28.976,-34.867,-0.066,12.733,57.536,31.297,-36.565,0.054,-7.244,125.311,-343.218,-55.593,-0.021,51.078,-0.4,9.546,0.38,0.009,151.582,54.717,-16.849,-35.36,0,46.731,-15.151,-30.816,17.857,-0.075,28.575,-0.061,-5.899,-0.014,-0.01,36.97,-3.904,-10.689,4.052,0.083,128.141,79.779,-83.155,-44.33,-0.073,27.322,-39.056,-100.417,63.966
703,E0685,45804383_1450,10/3/2023 10:19,23.1,2,,TRUE,,GD,No Defect,Not Done,Pass,(None),110_LVL (new),Not Done,Pass,(None),Pass,green,none,0,5,2020,TRUE,Pass,0,0,0.836,-0.268,-0.295,-0.072,-0.057,0.01,0.132,-0.036,0.003,-0.035,-0.047,-0.068,-0.036,-0.1,-0.061,-0.031,-0.053,0.836,45.115,-17.979,3.526,22.939,-0.268,107.229,1.888,32.121,-2.116,-0.295,198.207,-1.009,0.767,0.722,-0.072,296.347,4.122,-79.54,-4.029,-0.057,312.558,22.397,8.148,-18.346,0.01,327.017,-4.558,-41.788,4.787,0.132,75.902,-48.68,-12.041,95.112,-0.036,413.139,-13.72,-16.75,15.86,0.003,329.672,5.158,-0.77,-4.903,-0.035,312.802,9.608,9.277,-8.798,-0.047,271.748,7.233,7.224,-6.79,-0.068,255.731,-4.343,10.227,4.47,-0.036,397.663,-0.783,6.015,0.753,-0.1,251.344,-10.079,-18.702,11.097,-0.061,254.224,13.671,22.125,-12.081,-0.031,-23.626,-48.591,-47.994,94.459,-0.053,-40.736,9.361,-42.902,-8.608
704,E0686,45816637_1450,10/4/2023 11:35,24.5,2,,TRUE,,GD,No Defect,Pass,Pass,(None),300_FW,Pass,Pass,(None),Pass,green,none,0,10,2019,TRUE,Fail,0,0,0.746,0.123,0.309,-0.113,0.03,0.187,0.065,0.014,0.1,0.021,0.128,0.33,0.157,-0.007,0.045,0.242,0.11,0.746,414.739,4.746,50.459,-3.818,0.123,534.02,-2.381,33.068,2.565,0.309,304.83,12.179,46.658,-10.581,-0.113,599.553,316.147,24.782,-75.997,0.03,544.276,64.371,-25.963,-39.144,0.187,494.105,5.033,-108.331,-4.613,0.065,724.723,-12.786,-109.807,14.734,0.014,564.063,-27.209,-68.969,37.4,0.1,281.079,13.24,18.083,-11.603,0.021,-46.73,-15.871,-32.178,18.89,0.128,415.464,20.445,-140.053,-16.868,0.33,68.626,-0.903,42.813,1.245,0.157,945.857,-22.961,-46.243,30.009,-0.007,371.51,-5.182,-75.907,5.458,0.045,-2.802,-29.088,-72.118,41.083,0.242,63.91,-34.5,-100.629,53.041,0.11,-42.048,-16.724,-63.763,20.215
705,E0687,45916823_1450,11/27/2023 12:11,22.4,2,,TRUE,,GD,No Defect,Pass,Pass,(None),300_FW,Not Done,Pass,(None),Pass,green,none,0,1,2020,TRUE,Pass,0,0,-0.257,-0.148,-0.238,0.016,-0.053,0.03,0.024,0.04,0.072,0.049,-0.013,-0.019,0.072,-0.013,0.001,0.003,0.004,-0.257,195.356,18.24,-24.132,-15.644,-0.148,234.288,-23.655,-117.023,30.789,-0.238,218.406,-4.426,-16.211,4.382,0.016,226.033,10.264,14.711,-9.294,-0.053,182.513,85.024,28.295,-45.981,0.03,150.521,21.085,46.552,-17.388,0.024,256.218,-8.798,-7.925,9.673,0.04,225.255,-19.915,-6.007,24.917,0.072,224.668,7.332,-1.142,-6.764,0.049,235.437,-6.46,-27.78,6.959,-0.013,198.505,-2.642,22.416,2.7,-0.019,268.823,6.351,-3.071,-5.989,0.072,278.415,-15.569,-6.697,18.526,-0.013,286.574,0.146,-3.739,-0.159,0.001,262.673,-2.132,-12.206,2.18,0.003,241.27,9.858,10.724,-8.971,0.004,-58.67,-7.235,-11.425,7.803
706,E0688,45672415_1450,7/21/2023 19:03,28.9,2,,TRUE,,GD,No Defect,Pass,Pass,Green,400_LA (new),Not Done,Pass,Green,Pass,green,none,,3,2020,TRUE,Fail,0,0,inf,0.372,0.441,0.087,0.252,0.415,0.899,-100,0.43,0.291,0.171,0.136,0.385,0.272,0.269,0.165,0.37,inf,inf,inf,#NAME?,inf,0.372,6.058,-38.081,-63.231,62.101,0.441,-15.354,-11.88,24.397,13.981,0.087,478.917,18.298,37.772,-15.395,0.252,1346.667,61.671,8.468,-37.99,0.415,512.74,-10.211,-70.63,11.834,0.899,25.415,-10.655,70.959,12.932,-100,-100,-100,100,-100,0.43,827.243,-14.288,-105.519,17.17,0.291,697.16,3.377,6.98,-2.985,0.171,579.627,-10.576,-62.032,12.017,0.136,594.914,-4.577,-48.356,4.939,0.385,1210.327,1.593,-4.751,-1.19,0.272,499.719,-5.558,-14.039,6.174,0.269,710.521,-4.607,-23.798,5.111,0.165,-71.361,-7.505,-5.926,8.292,0.37,-18.402,20.429,4.573,-16.656
707,E0689,45641310_1450,7/6/2023 20:53,27.6,2,,TRUE,,GD,No Defect,Pass,Pass,Green,400_LA (new),Not Done,Pass,Green,Pass,green,none,,1,2020,TRUE,Pass,0,0,0.847,-0.249,-0.065,-0.095,-0.107,0,0.003,-0.076,0.076,0.078,-0.03,-0.048,-0.022,0.012,-0.003,-0.083,-0.017,0.847,27.457,81.256,16.579,-44.362,-0.249,347.95,3.306,-79.275,-3.442,-0.065,245.141,11.596,3.227,-10.449,-0.095,515.752,56.624,6.785,-36.213,-0.107,564.147,-9.984,-16.593,10.973,0,389.937,17.577,21.303,-14.95,0.003,231.598,-22.985,-2.259,29.848,-0.076,474.158,-4.134,-4.083,4.233,0.076,646.955,0.211,-18.559,-0.134,0.078,504.38,6.176,-0.343,-5.744,-0.03,356.003,49.091,5.723,-32.947,-0.048,447.474,-3.294,-58.376,3.357,-0.022,659.51,-9.16,-34.156,10.06,0.012,575.163,2.87,2.506,-2.779,-0.003,709.563,-10.245,-42.637,11.411,-0.083,260.744,8.341,-14.628,-7.776,-0.017,-20.918,18.525,8.451,-15.644
708,E0690,45685087_1450,7/28/2023 11:22,25.2,2,,TRUE,,GD,No Defect,Pass,Pass,Purple,2018,Not Done,Pass,(None),Pass,green,none,,2,0,TRUE,Pass,0,0,-0.017,0.134,0.32,-0.01,-0.074,0.062,0.066,-0.052,0.021,-0.029,0.018,0.007,0,0.058,0.044,0.081,0.017,-0.017,702.133,3.096,79.953,-3.02,0.134,816.188,43.258,57.266,-30.103,0.32,595.636,15.375,52.741,-13.049,-0.01,2214.87,-21.906,-165.978,28.038,-0.074,707.539,-42.251,-121.551,73.035,0.062,795.831,8.728,-87.235,-7.97,0.066,120.556,-9.684,-73.855,10.796,-0.052,532.061,-21.73,-80.442,27.696,0.021,406.216,9.252,-29.499,-8.449,-0.029,-16.152,-20.705,-141.818,26.075,0.018,1003.377,-13.74,-147.181,15.949,0.007,496.277,-17.299,-23.083,20.926,0,581.296,-21.932,-247.237,28.093,0.058,165.541,-52.483,-422.66,110.571,0.044,75.432,-24.353,-130.859,32.251,0.081,1250.98,30.55,-200.703,-23.339,0.017,-10.291,4.403,-42.381,-4.201
709,e0691,45671296_1450,7/20/2023 19:12,29.1,2,,TRUE,,GD,No Defect,Not Done,Pass,Green,300_FW,Not Done,Pass,Grey,Pass,green,none,,0,0,TRUE,Pass,0,0,-1.417,-0.386,-0.491,-0.254,-0.091,0.032,0.011,-100,-0.01,-0.059,0.013,-0.073,-0.039,-0.075,-0.024,-0.016,-0.089,-1.417,623.074,162.274,71.822,-62.412,-0.386,132.974,107.606,-123.805,-52.018,-0.491,205.269,97.2,-159.291,-49.539,-0.254,72.303,14.267,11.474,-12.708,-0.091,-7.905,6.558,20.809,-6.239,0.032,120.955,-22.538,-47.16,29.136,0.011,160.243,-0.026,-17.141,0.037,-100,-100,-100,100,-100,-0.01,77.737,15.27,3.694,-13.256,-0.059,55.342,2.932,-8.409,-2.906,0.013,126.905,-6.371,-120.872,6.818,-0.073,99.225,-10.733,-1.492,11.942,-0.039,69.371,-4.323,-16.294,4.477,-0.075,57.238,10.851,8.557,-9.857,-0.024,85.865,-8.026,-28.356,8.7,-0.016,161.454,71.638,25.034,-41.747,-0.089,31.858,-41.234,-57.915,70.014
710,E0692,45725389_1450,8/17/2023 16:42,29.5,2,,TRUE,,GD,No Defect,Pass,Pass,Green,400_LA (new),Not Done,Pass,Green,Pass,green,none,,1,2020,TRUE,Pass,0,0,-0.347,-0.076,-0.126,-0.1,0.024,0.07,-0.152,-0.049,0.076,0.044,-0.165,-0.055,0.034,0.015,-0.028,-0.155,-0.05,-0.347,293.178,-50.114,0.562,99.763,-0.076,316.767,4.627,-25.795,-4.494,-0.126,310.49,19.954,-29.052,-16.74,-0.1,363.366,-72.985,45.764,269.795,0.024,584.932,-15.66,-79.175,18.596,0.07,424.751,32.138,-16.331,-24.269,-0.152,323.35,-21.908,-299.098,27.859,-0.049,538.192,-27.055,-48.49,37.023,0.076,554.4,-13.102,2.167,15.166,0.044,527.425,-1.613,-11.074,1.684,-0.165,444.634,23.783,56.584,-19.347,-0.055,373.766,-25.856,-29.776,34.799,0.034,579.584,17.956,-8.811,-15.194,0.015,556.273,-3.344,1.31,3.475,-0.028,476.176,5.276,6.479,-5.038,-0.155,116.548,-57.892,23.174,137.118,-0.05,-29.26,44.109,10.754,-30.643
711,E0693,45790773_1450,9/20/2023 19:00,27.3,2,,TRUE,,GD,No Defect,Pass,Pass,(None),400_LA (new),Not Done,Pass,(None),Pass,green,none,0,12,2019,TRUE,Pass,0,0,-1.142,-0.187,0.438,0.2,-0.039,0.131,0.067,-0.014,0.107,0.074,0.09,0.003,-0.006,0.135,0.028,0.048,0.052,-1.142,230.907,9.421,95.21,-9.654,-0.187,981.935,39.631,79.124,-28.516,0.438,495.768,78.991,70.387,-43.887,0.2,2562.48,237.93,-72.453,-70.349,-0.039,1761.488,112.914,-98.854,-53.051,0.131,1489.618,10.497,-173.775,-9.381,0.067,26.815,-2.989,-27.986,3.15,-0.014,822.248,-33.838,-181.79,51.122,0.107,-0.041,13.481,-2.51,-11.785,0.074,42.396,-12.336,-115.785,14.157,0.09,1305.983,-43.174,-115.319,76.134,0.003,833.309,4.194,16.426,-4.022,-0.006,678.589,-6.037,-58.691,6.419,0.135,4062.142,-28.101,-402.358,39.272,0.028,144.376,-17.512,-105.652,21.264,0.048,179.307,576.774,42.718,-85.217,0.052,39.051,12.868,-7.333,-11.354
712,E0694,45542401_1450,5/16/2023 14:46,25.5,2,,TRUE,,GD,No Defect,Pass,Pass,Green,300_FW,Not Done,Pass,Green,Pass,green,none,,3,2020,TRUE,Pass,0,0,-0.074,0.05,0.044,0.02,0.056,0.113,-0.128,0.025,0.036,0.052,0.034,0.02,0.024,0.024,0.028,0.012,0.03,-0.074,156.122,116.69,67.716,-53.885,0.05,266.138,17.433,-2.873,-14.802,0.044,224.69,17.583,31.18,-14.916,0.02,286.309,10.931,10.512,-9.836,0.056,283.61,30.917,32.323,-23.573,0.113,232.066,4.74,17.341,-4.418,-0.128,662.783,125.402,-79.769,-55.692,0.025,253.271,-2.341,-13.867,2.423,0.036,286.976,2.198,-2.922,-2.116,0.052,236.048,4.578,18.57,-4.328,0.034,258.245,8.636,9.976,-7.918,0.02,338.701,4.257,-6.474,-4.064,0.024,308.961,-3.788,-19.461,3.962,0.024,327.321,-9.328,-30.069,10.314,0.028,280.283,1.096,-4.31,-1.056,0.012,-49.874,-15.432,3.835,18.262,0.03,-61.721,-16.462,-20.955,19.741
713,E0695,45499987_1450,4/27/2023 16:31,23.5,2,,TRUE,,GD,No Defect,Not Done,Pass,Green,110_LVL (new),Not Done,Pass,Green,Pass,green,none,,1,2020,TRUE,Fail,0,0,inf,-0.252,-0.513,0.014,0.024,0.01,0.098,0.115,0.038,-0.023,0.032,0.08,0.039,-0.067,0.007,-100,-0.024,inf,inf,inf,#NAME?,inf,-0.252,67.033,6.424,-47.706,-6.273,-0.513,90.355,-7.277,-84.398,7.295,0.014,110.848,308.503,-25.15,-75.517,0.024,29.922,142.677,52.481,-58.783,0.01,85.855,0.517,9.876,-0.504,0.098,-79.204,-27.403,-100.245,37.882,0.115,96.746,-20.07,-47.886,25.253,0.038,85.868,14.102,28.036,-12.325,-0.023,99.588,-15.5,-13.218,18.316,0.032,46.619,12.993,28.051,-11.471,0.08,53.967,7.209,19.562,-6.649,0.039,100.601,11.307,-4.477,-10.123,-0.067,36.072,1.295,8.594,-1.345,0.007,63.446,5.991,17.287,-5.646,-100,-100,-100,100,-100,-0.024,75.445,18.624,7.663,-15.72
714,E0696,45751533_1450,8/30/2023 16:05,24.6,2,,TRUE,,GD,No Defect,Pass,Pass,(None),300_FW,Not Done,Pass,Green,Pass,green,none,,1,2020,TRUE,Pass,0,0,-1.133,-0.598,-0.236,-0.014,-0.016,0.043,0.053,0.025,-0.034,-0.036,0.022,0.043,0.13,-0.027,0.013,0.078,-0.063,-1.133,1492.054,213.217,-49.788,-68.435,-0.598,264.735,260.641,54.875,-72.438,-0.236,176.482,223.221,16.361,-69.135,-0.014,182.444,316.176,-200.594,-75.975,-0.016,36.575,-30.878,-27.598,44.649,0.043,144.802,-2.164,-34.605,2.255,0.053,338.617,-6.766,-74.943,7.314,0.025,30.301,53.136,47.596,-34.682,-0.034,65.819,43.23,20.998,-30.206,-0.036,74.77,-19.222,-45.974,23.751,0.022,143.199,-9.392,-3.946,10.39,0.043,137.64,16.287,-13.399,-13.969,0.13,182.472,13.585,-56.779,-11.845,-0.027,105.405,-8.028,-22.82,8.699,0.013,124.041,-8.202,-30.541,8.949,0.078,190.543,76.492,-104.099,-43.296,-0.063,69.522,-27.998,-45.145,38.798
715,E0698,45833823_1450,10/12/2023 9:43,23.9,2,,TRUE,,GD,No Defect,Pass,Pass,(None),300_FW,Not Done,Pass,(None),Pass,green,none,0,3,2020,TRUE,Pass,0,0,0.62,0.249,0.353,0.356,-0.274,0.165,0.103,0.019,0.057,0.058,0.106,0.053,0.037,0.139,0.075,0.113,0.057,0.62,587.013,119.447,73.143,-54.148,0.249,879.665,23.118,51.971,-18.575,0.353,511.093,10.421,40.424,-9.118,0.356,1672.187,-5.874,-72.957,6.619,-0.274,1951.269,297.972,20.195,-74.941,0.165,761.204,60.195,-221.728,-37.473,0.103,906.113,12.234,-75.199,-10.809,0.019,367.338,-16.019,-80.58,19.097,0.057,335.437,22.157,14.565,-18.091,0.058,-37.917,-2.393,-41.512,2.511,0.106,781.635,-16.797,-89.24,20.315,0.053,377.321,25.771,38.716,-20.448,0.037,253.617,11.485,-13.977,-10.268,0.139,49.098,-1.008,-15.621,1.158,0.075,-37.484,21.175,36.694,-17.412,0.113,62.041,35.136,63.573,-25.917,0.057,-30.297,37.84,34.146,-27.411
716,E0699,45864129_1450,10/25/2023 14:03,24.9,2,,TRUE,,GD,No Defect,Not Done,Pass,(None),300_FW,Not Done,Pass,(None),Pass,green,none,0,1,2020,TRUE,Pass,0,0,0.098,-0.024,0.101,-0.115,-0.05,0.031,-0.027,-0.034,0.024,0.057,-0.008,-0.028,-0.04,-0.012,-0.028,-0.052,-0.025,0.098,-21.696,40.376,49.07,-28.693,-0.024,0.252,19.283,37.682,-16.186,0.101,0.711,1.605,37.446,-1.48,-0.115,14.267,-3.152,-18.203,3.136,-0.05,2.64,27.413,9.938,-21.554,0.031,-8.628,4.105,-5.589,-3.913,-0.027,-23.567,-12.413,9.01,14.141,-0.034,-13.936,-8.33,-45.822,9.049,0.024,-23.785,0.855,0.222,-0.824,0.057,-35.762,4.421,12.869,-4.179,-0.008,-25.808,-0.991,12.815,0.992,-0.028,46.303,-12.536,-39.31,14.301,-0.04,509.683,21.38,2.619,-17.647,-0.012,-13.827,-6.109,-15.738,6.494,-0.028,-19.288,1.417,0.431,-1.424,-0.052,5.925,-9.006,-17.74,9.84,-0.025,-21.057,-27.063,-3.552,37.071
717,E0700,45652338_1450,7/13/2023 16:01,28.6,2,,TRUE,,GD,No Defect,Pass,Pass,Green,400_LA (new),Not Done,Pass,Green,Pass,green,none,,1,2020,TRUE,Fail,0,0,0.485,0.496,0.623,0.48,0.342,0.411,0.374,0.269,0.433,0.371,0.367,0.312,0.08,0.385,0.301,0.349,0.363,0.485,657.667,-62.12,58.221,165.275,0.496,1064.086,-10.95,20.18,12.853,0.623,708.689,24.212,23.265,-18.991,0.48,2378.168,191.56,-166.681,-65.537,0.342,1021.287,4.496,-35.49,-3.976,0.411,1101.345,-14.374,-231.353,17.267,0.374,922.421,3.171,-86.448,-2.711,0.269,756.532,52.081,-93.105,-34.069,0.433,-10.502,10.186,-15.547,-8.851,0.371,13.378,-15.124,-110.749,18.256,0.367,1055.055,-9.681,-82.115,11.125,0.312,551.794,-20.818,-31.042,26.685,0.08,727.379,-11.365,-113.161,12.913,0.385,202.952,-41.69,-236.1,72.158,0.301,69.156,-7.457,-39.041,8.383,0.349,67.794,31.205,-33.666,-23.517,0.363,40.998,-16.328,-105.257,19.948
718,E0701,45641329_1450,7/7/2023 18:48,26.7,2,,TRUE,,GD,No Defect,Pass,Pass,Green,400_LA (new),Not Done,Pass,Green,Pass,green,none,,1,2020,TRUE,Fail,0,0,-0.438,-1.597,-0.909,0.132,0.079,0.112,0.048,-0.04,0.095,0.115,0.02,0.014,-0.214,0.062,-0.005,-0.063,-0.006,-0.438,-47.791,9.574,9.032,-9.137,-1.597,-57.511,-56.364,76.63,125.512,-0.909,153.685,74.329,78.696,-43.159,0.132,975.545,43.494,38.112,-30.218,0.079,1296.626,-42.67,-39.903,74.567,0.112,861.555,-17.993,-63.153,22.077,0.048,343.903,54.994,20.342,-35.45,-0.04,796.64,11.676,8.913,-10.49,0.095,894.684,3.883,-7.131,-3.646,0.115,776.644,12.222,15.95,-10.788,0.02,490.862,73.116,15.431,-42.224,0.014,622.05,-1.573,-28.166,1.612,-0.214,660.278,2.762,19.019,-2.896,0.062,597.998,42.017,53.019,-29.542,-0.005,785.668,4.726,4.557,-4.518,-0.063,180.418,-29.418,54.307,41.591,-0.006,-9.706,30.748,35.2,-23.521
719,E0702,45680815_1450,7/26/2023 13:06,29.1,2,,TRUE,,GD,No Defect,Pass,Pass,Green,400_LA (new),Not Done,Pass,Green,Pass,green,none,,1,2020,TRUE,Pass,0,0,-0.666,-0.204,0.369,0.137,-0.01,0.092,0.027,0.004,0.076,0.147,0.015,0.01,-0.034,0.12,0.028,-0.033,-0.005,-0.666,77,-30.807,45.875,43.562,-0.204,376.493,-26.952,73.289,36.616,0.369,222.576,51.617,77.838,-33.801,0.137,705.072,43.94,-2.071,-30.431,-0.01,741.595,-41.129,-104.536,69.847,0.092,600.612,45.195,36.02,-31.063,0.027,322.601,11.372,-8.831,-10.186,0.004,465.737,20.538,5.194,-17.036,0.076,663.706,-24.391,-3.686,32.36,0.147,595.021,10.792,9.619,-9.608,0.015,433.09,37.315,44.104,-27.164,0.01,509.942,-5.638,-2.996,5.986,-0.034,415.985,-22.234,-25.562,28.547,0.12,689.372,13.656,23.776,-11.909,0.028,621.465,5.616,2.66,-5.291,-0.033,-63.437,-4.382,33.557,4.549,-0.005,-30.393,26.571,-3.943,-20.997
720,E0705,45734438_1450,8/25/2023 17:43,25.3,2,,TRUE,,GD,No Defect,Not Done,Pass,(None),110_LVL (new),Not Done,Pass,Green,Pass,green,none,,3,2020,TRUE,Pass,0,0,inf,-0.251,-0.271,-0.169,-0.05,-0.02,0.05,0.012,0.02,-0.049,-0.051,-0.028,-0.019,-0.1,-0.033,-0.049,-0.058,inf,inf,inf,#NAME?,inf,-0.251,117.061,49.658,-4.793,-33.349,-0.271,132.3,13.657,10.68,-12.254,-0.169,246.897,319.338,-17.231,-76.193,-0.05,148.96,14.447,-18.282,-12.667,-0.02,217.923,-2.852,-9.459,2.915,0.05,246.7,9.122,14.121,-8.314,0.012,136.318,97.557,48.964,-49.376,0.02,160.633,6.035,-0.957,-5.673,-0.049,162.898,8.038,17.043,-7.486,-0.051,154.329,-3.906,29.215,4.012,-0.028,137.068,55.981,29.443,-35.908,-0.019,203.448,-8.466,-21.562,9.229,-0.1,90.972,12.355,18.912,-11.086,-0.033,115.831,17.751,32.007,-15.103,-0.049,-28.198,-68.783,48.784,220.184,-0.058,217.145,-24.15,-41.785,31.764
721,E0707,45421105_1450,3/9/2023 21:31,24,2,,TRUE,,GD,No Defect,Pass,Pass,Green,200_LA (old),Not Done,Pass,Green,Pass,green,none,,1,2020,TRUE,Pass,0,0,-1.077,-0.272,-0.258,0,0.02,0,-0.234,0.007,-0.029,0.014,-0.033,-0.017,-0.014,-0.041,0.004,-0.092,-0.014,-1.077,198.503,-76.895,-12.306,328.144,-0.272,142.553,18.295,16.479,-15.695,-0.258,142.77,1.576,44.982,-1.805,0,601.144,-4.079,-44.591,4.253,0.02,378.416,-6.619,35.681,7.11,0,99.341,-19.011,1.165,23.473,-0.234,570.365,19.862,5.662,-16.766,0.007,480.945,12.841,-5.799,-11.373,-0.029,243.429,-23.686,5.945,31,0.014,14.452,-20.743,-10.474,26.189,-0.033,278.17,13.296,31.586,-11.765,-0.017,517.458,4.714,-32.346,-4.519,-0.014,243.95,14.488,-1.571,-12.667,-0.041,226.213,-2.762,-19.465,2.799,0.004,148.378,11.814,17.372,-10.562,-0.092,901.11,33.809,-50.148,-25.336,-0.014,-55.317,-2.62,-9.717,2.676
722,E0776,45889910_1450,11/14/2023 13:57,22.1,2,,TRUE,,GD,No Defect,Pass,Pass,(None),110_LVL (new),Not Done,Pass,(None),Pass,green,none,0,8,2021,TRUE,Fail,0,0,0.259,-0.327,-0.023,0.112,0.117,0.125,0.164,0.263,0.182,0.163,0.107,0.152,0.208,0.201,0.183,-1.927,0.235,0.259,310.297,390.426,-9.719,-79.557,-0.327,143.473,153.303,-32.15,-60.651,-0.023,116.545,11.806,6.81,-10.58,0.112,163.643,9.047,-22.576,-8.194,0.117,128.958,43.769,46.49,-30.363,0.125,211.061,26.262,13.703,-20.7,0.164,207.322,63.975,55.55,-38.915,0.263,185.185,9.509,-13.025,-8.443,0.182,143.731,17.268,-3.246,-14.57,0.163,212.86,3.501,13.857,-3.225,0.107,157.809,18.26,28.548,-15.35,0.152,112.282,36.779,36.419,-26.778,0.208,192.953,-9.084,-1.498,10.22,0.201,134.461,3.247,11.874,-2.951,0.183,142.105,21.226,39.773,-17.358,-1.927,16.201,-35.838,-79.357,52.852,0.235,240.112,-20.597,-35.628,26.236
723,e0782,46057530_1450,2/9/2024 16:14,19.9,2,,TRUE,,GD,No Defect,Pass,Pass,(None),400_LA (new),Not Done,Pass,(None),Pass,(None),none,0,8,2021,TRUE,Pass,0,0,-0.025,-0.134,-0.064,-0.057,-0.1,0.02,0.013,0.014,0.088,0.04,0.009,0.014,-0.028,0.01,-0.015,-0.069,0.018,-0.025,14.882,-31.547,-64.314,46.049,-0.134,-0.799,-2.379,25.373,2.3,-0.064,-6.696,5.617,-38.429,-5.378,-0.057,18.664,-21.077,-37.721,26.633,-0.1,-2.673,61.051,46.595,-37.97,0.02,-14.234,42.932,27.661,-30.023,0.013,-28.245,-6.689,-32.998,7.183,0.014,32.161,-3.398,-6.894,3.533,0.088,16.944,10.145,0.286,-9.131,0.04,17.213,-0.737,19.004,0.782,0.009,8.108,-2.659,11.541,2.741,0.014,23.183,-9.774,-27.491,10.848,-0.028,22.451,13.423,12.575,-11.859,0.01,23.795,4.629,-1.042,-4.415,-0.015,14.812,6.086,9,-5.751,-0.069,-32.166,9.499,58,-8.737,0.018,46.135,-26.587,-40.421,36.24
724,E0803,45795259_59643,9/22/2023 12:32,23.4,2,,TRUE,,GD,No Defect,Pass,Pass,(None),500_LON,Not Done,Pass,(None),Pass,green,none,0,9,2021,TRUE,Fail,0,0,1.573,0.691,0.87,0.459,0.352,0.466,0.47,0.573,0.601,0.562,0.38,0.403,0.702,0.623,0.492,0.484,0.677,1.573,-25.482,26.847,86.285,-19.925,0.691,159.778,-60.76,28.732,156.606,0.87,187.036,-36.157,55.77,57.997,0.459,481.628,3.953,-19.192,-3.361,0.352,373.164,-10.591,24.664,12.24,0.466,537.56,-13.867,34.079,16.64,0.47,526.807,9.04,-48.062,-7.859,0.573,501.494,12.684,-21.585,-10.748,0.601,443.272,-16.671,-13.507,20.728,0.562,647.278,-2.911,-31.103,3.578,0.38,375.682,7.721,-32.301,-6.815,0.403,560.811,68.594,-358.611,-40.447,0.702,506.847,-17.642,-58.337,22.273,0.623,481.818,-5.936,-20.695,6.973,0.492,671.229,-18.7,-75.944,23.607,0.484,555.29,-7.223,-77.442,8.307,0.677,506.462,-12.155,-10.936,14.608
725,E0836,45977131_59643,12/30/2023 11:33,20.2,2,,TRUE,,GD,No Defect,Pass,Pass,(None),500_LON,Not Done,Pass,(None),Pass,(None),none,0,9,2021,TRUE,Fail,0,0,0.054,0.05,0.237,-0.008,-0.025,0.021,0.153,0.038,0.047,0.006,-0.022,-0.001,0.034,0.056,0.023,-0.02,1.766,0.054,-30.955,-55.593,58.496,125.31,0.05,-83.97,-6.927,34.732,7.496,0.237,4.538,-60.046,18.112,150.882,-0.008,27.855,12.357,0.815,-11.005,-0.025,38.579,39.282,0.988,-28.221,0.021,17.392,12.396,16.953,-11.01,0.153,-20.489,-63.993,71.439,178.151,0.038,81.066,2.785,-41.884,-2.673,0.047,9.042,13.436,-15.584,-11.803,0.006,32.062,-12.125,-72.112,13.805,-0.022,-5.951,30.034,45.363,-23.114,-0.001,30.064,-18.836,-38.977,23.205,0.034,13.727,17.041,10.669,-14.531,0.056,16.665,3.398,5.835,-3.232,0.023,25.486,0.248,-0.67,-0.224,-0.02,7.346,9.395,8.669,-8.606,1.766,-85.948,-43.501,7.561,80.12
726,E0884,45971858_1450,12/22/2023 14:18,24.5,2,,TRUE,,GD,Critical Defect,Not Done,Pass,(None),300_FW,Not Done,Pass,(None),Fail,(None),_ImpactDamage_Crack,CRACK ON FLANGE DUE TO IMPACT DAMAGE,10,2021,TRUE,Pass,0,0,0.556,-0.05,0.136,-0.08,-0.03,0.254,-0.012,0.097,-0.029,0.068,0.021,0.019,0.045,-0.071,0.001,0.001,-0.014,0.556,-46.539,156.077,-23.81,-60.732,-0.05,-5.306,60.53,-45.435,-37.738,0.136,-1.995,-23.949,-2.625,31.67,-0.08,-26.527,-6.617,-6.714,7,-0.03,-22.54,9.413,43.723,-8.631,0.254,-11.731,-23.293,-57.239,30.697,-0.012,33.28,-12.475,-33.019,14.24,0.097,-15.6,32.173,-7.597,-24.268,-0.029,-32.048,13.227,20.874,-11.707,0.068,-51.453,-36.116,6.214,56.641,0.021,-30.528,-9.562,17.753,10.596,0.019,-1.659,15.767,11.693,-13.604,0.045,-21.658,-4.588,3.17,4.855,-0.071,-42.176,-5.369,-1.868,5.599,0.001,-31.061,-1.319,-0.494,1.338,0.001,13.939,2.752,34.82,-2.678,-0.014,-32.783,-9.321,-47.568,10.263
727,E0919,45964995_1450,12/19/2023 17:30,29.4,2,,TRUE,,GD,No Defect,Pass,Pass,(None),400_LA (new),Not Done,Pass,(None),Pass,(None),none,0,6,2021,TRUE,Pass,0,0,-0.354,-0.175,0.357,0.135,0.017,0.073,0.33,0.236,0.162,0.108,0.005,-0.004,-0.025,0.105,0.046,-0.016,0.019,-0.354,-40.133,-36.315,11.68,56.466,-0.175,25.395,32.548,80.145,-24.688,0.357,25.163,57.536,82.262,-36.296,0.135,128.682,53.105,39.822,-34.597,0.017,129.293,7.819,29.396,-7.237,0.073,118.188,2.017,-28.929,-1.905,0.33,8.071,11.531,58.022,-10.043,0.236,80.614,-68.394,64.913,217.146,0.162,108.6,2.858,23.302,-2.621,0.108,127.955,1.211,15.692,-1.09,0.005,54.899,-19.373,25.426,24.034,-0.004,64.349,-11.92,20.783,13.529,-0.025,36.875,10.243,22.413,-9.314,0.105,62.048,59.189,62.38,-37.115,0.046,51.959,35.53,52.171,-26.182,-0.016,-2.213,-5.919,10.311,6.274,0.019,192.179,14.805,6.083,-12.879
728,E0973,45432813_59643,3/16/2023 10:58,20.5,2,,TRUE,,UN,(None),Not Done,Not Done,(None),500_LON,Not Done,Pass,Grey,Not Done,neon,,,0,0,FALSE,Fail,0,0,-2.017,-1.759,0.231,-1.447,-1.449,0.166,-0.113,-0.978,0.309,-0.061,0.069,0.012,-0.498,-0.278,0.107,-0.225,-0.267,-2.017,-61.162,-66.565,-203.788,193.055,-1.759,-56.747,57.673,76.534,-37.693,0.231,10.494,61.945,82.957,-38.108,-1.447,119.865,-22.857,-58.944,27.753,-1.449,171.215,67.718,42.8,-41.24,0.166,82.744,3.261,-18.868,-2.997,-0.113,20.622,23.128,51.074,-18.876,-0.978,395.535,17.678,12.426,-15.853,0.309,125.022,18.021,22.96,-15.007,-0.061,75.981,-8.188,-2.965,8.852,0.069,90.038,-27.421,-12.911,37.876,0.012,-83.31,4.709,65.97,-4.486,-0.498,175.375,-16.033,-46.589,18.501,-0.278,126.743,-3.953,-13.078,3.827,0.107,-9.45,57.338,65.485,-36.375,-0.225,72.737,42.202,15.37,-29.836,-0.267,128.36,-2.196,-17.092,1.973
729,E0983,45982207_1450,1/5/2024 17:24,24.5,2,,TRUE,,GD,No Defect,Pass,Pass,(None),110_LVL (new),Not Done,Pass,(None),Pass,(None),none,0,11,2021,TRUE,Fail,0,0,0.653,0.388,0.372,0.076,-0.079,0.001,0.068,-0.097,-2.365,0.054,0.013,-0.019,-0.284,0.122,0,-0.026,-0.047,0.653,158.099,61.318,73.838,-37.606,0.388,80.597,6.318,-1.397,-5.578,0.372,-5.62,-3.884,-24.869,4.428,0.076,15.156,-37.159,-18.083,59.253,-0.079,-50.249,-43.378,-145.102,76.47,0.001,-19.766,-10.49,-1.376,11.72,0.068,-28.441,-8.027,-18.309,8.801,-0.097,-34.261,13.497,14.711,-11.977,-2.365,-85.674,-46.417,-28.753,82.212,0.054,-5.631,2.985,8.674,-2.846,0.013,-14.476,-0.141,8.631,0.155,-0.019,443.354,3.316,-23.506,-3.228,-0.284,-51.971,52.427,-9.232,-34.581,0.122,52.162,30.794,41.185,-23.451,0,-31.941,18.963,33.62,-15.94,-0.026,-88.822,-29.839,33.165,42.492,-0.047,-25.621,-7.333,9.992,7.863
730,e0990,45980112_1450,1/3/2024 13:38,24.6,2,,TRUE,,GD,No Defect,Pass,Pass,(None),300_FW,Not Done,Pass,(None),Pass,(None),none,0,11,2021,TRUE,Pass,0,0,0.684,0.258,0.361,-0.055,0,0.02,0.045,-0.014,0.014,0.029,-0.005,0.046,-0.15,0.049,0.048,-0.022,-0.015,0.684,-75.456,75.311,47.044,-42.569,0.258,24.155,-23.518,-512.207,31.087,0.361,-2.01,0.72,-106.131,-0.357,-0.055,-39.064,-36.481,-41.04,57.347,0,-59.714,-7.461,-1.339,8.063,0.02,-45.953,-16.307,-42.299,19.508,0.045,-18.89,20.868,3.015,-17.227,-0.014,-55.96,25.999,-2.978,-20.645,0.014,-52.144,1.191,14.916,-1.163,0.029,-47.365,10.149,22.911,-9.188,-0.005,-50.204,-2.971,-8.449,3.057,0.046,-36.695,-14.682,-85.495,17.263,-0.15,-45.429,-46.22,22.319,85.664,0.049,-26.735,-13.54,-43.644,15.718,0.048,-32.404,-8.581,-27.045,9.438,-0.022,-73.344,0.344,39.383,-0.365,-0.015,-62.758,-20.983,-3.595,26.536
731,E1006,45431997_1450,3/15/2023 11:46,24.8,2,,TRUE,,GD,No Defect,Pass,Pass,Green,300_FW,Not Done,Pass,Yellow,Pass,green,none,,11,2021,TRUE,Pass,0,0,0.001,0.025,0.193,-0.155,0.063,0.093,0.028,0.06,0.022,-0.029,0.03,0.014,0.09,-0.044,0.01,-0.056,0,0.001,-5.83,-12.327,59.436,14.062,0.025,-8.086,15.945,43.752,-13.731,0.193,-0.199,-18.611,11.935,23.103,-0.155,-21.851,1.664,-7.982,-1.79,0.063,1.948,31.244,17.871,-23.758,0.093,-7.19,6.323,-0.858,-5.859,0.028,8.223,-6.058,-15.876,6.479,0.06,-19.991,-58.828,-40.106,143.029,0.022,-22.33,-15.14,-27.879,17.866,-0.029,-35.274,1.206,25.609,-1.22,0.03,-16.505,-15.513,-69.826,18.397,0.014,0.159,-20.869,-17.556,26.39,0.09,77.596,29.366,14.033,-22.631,-0.044,-26.909,-9.945,-24.258,10.995,0.01,-5.836,-22.283,-91.226,28.684,-0.056,1219.556,213.465,26.88,-68.116,0,-36.195,30.419,26.794,-23.324
732,E1103,46040503_1450,1/31/2024 13:38,26,2,,TRUE,,GD,No Defect,Pass,Pass,(None),300_FW,Not Done,Pass,(None),Pass,(None),none,0,12,2021,TRUE,Fail,0,0,0.868,0.687,0.783,0.309,0.114,0.422,0.432,0.153,0.461,0.395,0.307,0.268,0.268,0.475,0.345,0.28,0.334,0.868,204.29,98.173,75.727,-49.101,0.687,113.015,4.233,-16.582,-3.402,0.783,16.482,-39.051,-291.441,65.358,0.309,-2.591,6.494,-55.911,-5.808,0.114,-67.239,-23.371,-28.104,30.648,0.422,-25.17,-29.363,-31.473,42.167,0.432,46.047,59.378,-0.828,-36.985,0.153,-44.196,-8.573,22.691,9.545,0.461,-45.592,15.111,-7.095,-12.727,0.395,-27.968,3.941,-4.746,-3.411,0.307,-47.602,14.46,29.348,-12.365,0.268,-10.823,10.691,-22.369,-9.417,0.268,-58.905,-18.22,-7.378,22.606,0.475,23.807,25.623,27.531,-20.019,0.345,2.667,-6.603,-16.715,7.44,0.28,-56.159,10.289,7.276,-9.075,0.334,-46.341,-6.251,-44.345,7.024
733,E1145,45870897_1450,10/30/2023 13:31,26,2,,TRUE,,GD,No Defect,Pass,Pass,(None),300_FW,Pass,Pass,(None),Pass,green,none,0,2,2022,TRUE,Pass,0,0,0.168,0.846,0.904,0.114,0.241,0.297,0.276,0.16,0.317,0.29,-0.167,0.222,0.295,0.319,0.25,0.267,0.294,0.168,176.545,-37.443,39.889,60.124,0.846,146.294,-25.569,46.284,35.49,0.904,19.612,-18.158,-184.323,23.292,0.114,-11.502,22.969,-2.963,-18.586,0.241,-49.341,-28.147,11.019,39.508,0.297,-21.099,-13.838,-11.787,16.405,0.276,28.049,7.983,17.301,-7.137,0.16,-30.318,-38.197,-13.776,62.062,0.317,-36.808,16.461,6.156,-13.862,0.29,-24.963,1.39,8.054,-1.085,-0.167,-77.704,-24.304,61.952,31.887,0.222,-25.981,68.834,5.368,-40.639,0.295,-11.054,-0.903,-10.235,1.209,0.319,-3.243,-8.591,-19.297,9.747,0.25,-21.991,-4.74,-12.727,5.238,0.267,-28.788,-19.118,-23.87,23.967,0.294,-41.889,20.183,2.925,-16.548
734,E1151,45965491_1450,12/19/2023 20:35,25.4,2,,TRUE,,GD,No Defect,Pass,Pass,(None),400_LA (new),Not Done,Pass,(None),Pass,(None),none,0,2,2022,TRUE,Pass,0,0,0.851,0.412,0.474,-0.075,-0.05,-0.11,0.082,0.02,0.104,0.118,-0.123,0.09,-0.005,0.107,0.028,0.011,0.031,0.851,176.584,31.884,60.344,-23.53,0.412,58.583,4.774,-0.105,-4.163,0.474,80.268,-55.511,-607.299,125.839,-0.075,-47.681,9.904,9.414,-9.08,-0.05,-62.475,-23.165,-20.903,30.084,-0.11,-77.713,-78.477,59.538,364.115,0.082,-55.771,-15.76,-25.676,18.805,0.02,-64.377,-27.462,0.34,37.887,0.104,-60.974,9.025,39.554,-8.182,0.118,-65.459,-9.336,-39.56,10.428,-0.123,-70.526,-8.816,81.144,9.533,0.09,-23.912,4.711,35.443,-4.413,-0.005,-64.185,-1.489,-6.628,1.507,0.107,-37.566,-8.538,-18.726,9.453,0.028,-60.459,-1.945,-5.938,2.012,0.011,-72.536,-5.094,23.93,5.379,0.031,-63.008,1.354,-40.432,-1.305
735,E1159,45877643_1450,11/1/2023 12:11,23.1,2,,TRUE,,GD,No Defect,Pass,Pass,(None),300_FW,Pass,Pass,(None),Pass,green,none,0,2,2022,TRUE,Pass,0,0,1.093,0.685,0.685,0.044,0.181,0.313,0.296,0.2,0.306,0.333,-0.111,0.249,0.273,0.296,0.274,0.278,0.251,1.093,233.282,-14.115,81.689,17.707,0.685,106.563,68.528,63.877,-40.256,0.685,17.842,-27.007,-220.323,37.938,0.044,-15.824,-15.408,-29.761,18.266,0.181,-52.507,-26.357,-94.316,36.037,0.313,-34.382,-48.726,-53.63,95.641,0.296,3.882,4.944,-98.26,-4.43,0.2,-47.718,34.496,12.427,-25.5,0.306,-50.325,-5.259,13.454,5.874,0.333,-29.477,-6.318,-9.385,7.1,-0.111,-79.727,-34.58,71.455,52.689,0.249,-22.539,33.97,-25.426,-25.171,0.273,-30.493,-7.47,-17.669,8.368,0.296,-16.498,-8.195,-19.163,9.249,0.274,-13.826,-7.422,-22.167,8.313,0.278,-42.967,-11.311,-46.353,13.068,0.251,-34.724,-27.266,-68.666,37.832
736,E1191,45779544_1450,9/19/2023 15:16,22.5,2,,TRUE,,UN,(None),Not Done,Not Done,(None),110_LVL (new),Not Done,Pass,(None),Not Done,neon,,,0,0,FALSE,Fail,0,0,-0.892,1.069,0.748,0.367,0.154,0.454,0.381,0.365,0.53,0.414,0.121,0.315,0.285,0.512,0.349,0.338,0.474,-0.892,-44.994,-52.444,73.158,108.401,1.069,15.894,-50.612,53.436,104.642,0.748,17.124,-6.473,-258.272,7.721,0.367,-11.167,-44.07,2.213,79.452,0.154,-40.312,-18.26,-78.092,22.528,0.454,-21.82,-6.782,5.045,7.763,0.381,-17.904,-18.354,22.555,22.947,0.365,706.511,-21.504,-205.706,27.859,0.53,-29.848,19.795,0.392,-16.081,0.414,-13.766,-8.111,-5.814,9.278,0.121,-37.215,-41.296,81.632,70.552,0.315,-27.216,21.679,52.635,-17.558,0.285,-57.089,-5.664,-38.289,6.306,0.512,25.603,16.49,25.753,-13.717,0.349,-25.426,2.866,8.044,-2.447,0.338,-47.85,9.611,31.385,-8.46,0.474,-23.075,-18.254,-46.957,22.909
737,e1223,45945396_1450,12/11/2023 10:55,22.9,2,,TRUE,,GD,No Defect,Pass,Pass,(None),300_FW,Not Done,Pass,(None),Pass,(None),none,0,3,2022,TRUE,Pass,0,0,0.689,0.275,0.291,-0.08,0.053,0.002,0.035,-0.027,0.033,0.021,0.042,0.047,0.019,0.013,0.038,0.01,-0.005,0.689,132.511,110.922,72.711,-52.262,0.275,17.892,-9.588,32.042,10.909,0.291,3.638,17.935,-260.285,-14.961,-0.08,-42.48,-42.437,-77.493,73.583,0.053,-61.554,103.272,34.994,-50.778,0.002,-41.143,-14.257,-14.372,16.629,0.035,-8.076,4.884,-14.909,-4.623,-0.027,-59.124,-21.635,-22.626,27.575,0.033,-46.621,23.007,-12.164,-18.677,0.021,-38.064,-6.961,4.126,7.504,0.042,-48.15,-8.747,-21.472,9.631,0.047,-23.304,-14.818,-70.711,17.452,0.019,-30.366,-24.396,-76.159,32.294,0.013,-21.432,-17.299,-49.741,20.933,0.038,-25.24,-15.932,-52.997,18.996,0.01,-63.424,18.302,2.491,-15.462,-0.005,-44.845,-18.015,-67.365,21.967
738,E1237,45801881_59643,9/26/2023 13:12,25.1,2,,TRUE,,UN,No Defect,Pass,Pass,(None),500_LON,Pass,Pass,(None),Pass,(None),none,0,3,2022,TRUE,Fail,0,0,nan,0.872,1.149,0.341,0.211,0.349,0.333,0.385,0.394,0.39,0.227,0.22,0.43,0.46,0.381,0.349,0.507,nan,nan,nan,nan,nan,0.872,-16.485,0.232,-36.161,0.639,1.149,308.019,11.098,-454.608,-8.955,0.341,341.879,29.043,-2.708,-22.242,0.211,423.385,20.159,-9.241,-16.602,0.349,524.417,-27.398,-29.65,38.219,0.333,-32.151,-17.495,20.748,21.609,0.385,536.81,-31.449,-153.962,46.439,0.394,402.372,2.233,4.341,-1.799,0.39,586.693,-5.693,-51.265,6.45,0.227,240.456,38.786,-25.043,-27.783,0.22,461.161,-3.299,-75.132,3.64,0.43,460.824,-1.999,-19.992,2.479,0.46,360.946,6.533,14.698,-5.701,0.381,513.629,-11.573,-39.634,13.517,0.349,-28.604,-28.792,-48.933,40.923,0.507,443.61,-15.593,-18.882,19.075
739,E1251,45959246_1450,12/14/2023 21:39,26.1,2,,TRUE,,GD,No Defect,Pass,Pass,(None),400_LA (new),Not Done,Pass,(None),Pass,(None),none,0,3,2022,TRUE,Fail,0,0,1.914,0.614,0.828,0.254,0.169,0.328,0.219,0.281,0.385,0.346,0.238,0.2,0.302,0.409,0.258,0.216,0.342,1.914,-29.699,-12.1,29.692,15.942,0.614,199.065,27.709,7.139,-21.217,0.828,57.728,6.451,-230.158,-5.282,0.254,32.491,26.238,-24.768,-20.584,0.169,17.146,-27.875,-95.689,38.881,0.328,26.027,6.766,-40.072,-6.029,0.219,75.853,-2.826,-24.222,3.134,0.281,5.708,15.807,28.63,-13.406,0.385,15.56,11.461,29.816,-9.937,0.346,54.647,-20.343,-7.003,25.972,0.238,6.778,66.053,13.122,-39.635,0.2,27.01,-18.675,-37.914,23.21,0.302,11.65,27.92,-16.748,-21.591,0.409,92.401,26.963,31.324,-20.915,0.258,32.624,-1.299,-2.026,1.578,0.216,-43.56,13.691,20.834,-11.852,0.342,19.848,-29.588,-67.756,42.506
740,E1256,45930481_1450,11/30/2023 17:36,22.9,2,,TRUE,,GD,No Defect,Pass,Pass,(None),400_LA (new),Not Done,Pass,(None),Pass,(None),none,0,3,2022,TRUE,Pass,0,0,0.244,0.549,0.389,0.096,-0.061,-0.009,0.117,-0.025,0.1,0.07,0.03,0.07,-0.059,0.107,0.023,-0.004,-0.018,0.244,-49.238,-67.493,46.696,208.377,0.549,75.151,178.283,83.273,-63.868,0.389,25.268,3.146,-455.294,-2.672,0.096,10.217,31.511,-44.967,-23.887,-0.061,-47.957,-6.046,5.972,6.37,-0.009,-34.865,50.776,60.469,-33.683,0.117,-26.691,-36.517,-0.871,57.707,-0.025,-32.951,-10.382,-3.381,11.557,0.1,-20.27,17.129,31.551,-14.539,0.07,-8.791,7.9,21.541,-7.257,0.03,-22.475,-27.314,11.65,37.62,0.07,-2.512,-8.05,-18.22,8.831,-0.059,-30.372,19.994,22.084,-16.712,0.107,52.072,15.601,25.091,-13.403,0.023,-0.383,-2.962,-6.987,3.076,-0.004,-50.614,116.356,19.809,-53.782,-0.018,-14.407,23.365,19.995,-18.955
741,E1260,45867896_1450,11/2/2023 13:28,21.8,2,,TRUE,,GD,No Defect,Not Done,Pass,(None),110_LVL (new),Not Done,Pass,(None),Pass,green,none,0,3,2022,TRUE,Fail,0,0,1.798,0.734,1.171,0.46,0.171,0.555,0.419,0.353,0.632,0.496,0.325,0.312,0.4,0.656,0.421,0.406,0.602,1.798,-47.011,-41.296,57.458,73.409,0.734,324.838,30.071,42.935,-22.554,1.171,26.851,-4.487,-247.322,5.923,0.46,1.212,69.476,-13.326,-40.723,0.171,-57.95,16.27,33.638,-13.846,0.555,-24.916,31.974,38.066,-23.807,0.419,6.432,57.892,18.611,-36.4,0.353,-33.192,-46.338,-20.077,87.01,0.632,-22.456,-19.534,-10.411,25.061,0.496,-21.294,13.613,26.638,-11.546,0.325,-6.325,-11.649,-4.11,13.552,0.312,-21.788,-10.967,-13.98,12.668,0.4,-46.536,56.551,31.233,-35.867,0.656,32.343,-3.633,-4.947,4.45,0.421,-25.864,6.193,13.885,-5.436,0.406,-55.143,-35.916,-16.114,56.679,0.602,-20.552,-15.2,-47.034,18.634
742,E1261,45982152_1450,1/8/2024 10:48,21,2,,TRUE,,B3,No Defect,Not Done,Pass,(None),110_LVL (new),Not Done,Pass,(None),Pass,(None),none,0,3,2022,TRUE,Fail,0,0,1.909,0.769,0.98,0.301,0.275,0.581,0.422,0.467,0.716,0.576,0.38,0.364,0.618,0.617,0.472,0.465,0.659,1.909,72.057,-44.896,79.849,84.939,0.769,81.672,13.398,55.267,-11.136,0.98,5.558,1.654,-58.425,-0.663,0.301,-11.883,73.446,12.837,-42.172,0.275,-0.6,-10.917,5.121,12.564,0.581,-2.965,29.458,-1.423,-22.306,0.422,177.865,225.042,-53.749,-69.105,0.467,18.1,-10.086,-6.586,11.736,0.716,-24.307,2.5,-2.601,-1.74,0.576,-11.45,27.605,40.217,-21.182,0.38,-10.587,18.691,-12.4,-15.427,0.364,-11.889,32.017,-96.596,-23.976,0.618,10.669,-2.242,-10.183,2.925,0.617,-3.489,-10.675,-39.204,12.642,0.472,-32.821,2.706,11.361,-2.175,0.465,-34.161,-33.198,-4.927,50.392,0.659,15.469,-6.824,-87.41,8.031
743,E1263,45935425_1450,12/2/2023 12:14,23.7,2,,TRUE,,GD,No Defect,Pass,Pass,(None),300_FW,Not Done,Pass,(None),Pass,(None),none,0,3,2022,TRUE,Pass,0,0,0.423,0.226,0.378,-0.118,0.04,0.042,0.052,-0.042,0.052,0.073,0.075,0.053,0.064,0.06,0.045,0.005,-0.01,0.423,-65.251,-13.773,64.736,16.463,0.226,-25.038,-16.899,-1.465,20.608,0.378,-55.539,-25.251,-11.079,34.287,-0.118,-65.953,6.919,-6.496,-6.582,0.04,-79.364,-14.475,11.552,16.971,0.042,-62.64,-20.316,-12.892,25.549,0.052,-50.579,91.546,53.266,-47.766,-0.042,-71.61,74.502,-31.486,-42.719,0.052,-63.568,-4.467,25.336,4.731,0.073,-47.154,3.092,13.003,-2.928,0.075,-67.303,-2.726,34.711,2.879,0.053,-92.845,-0.411,4.868,0.467,0.064,-68.096,-41.935,-4.704,72.329,0.06,-55.01,-20.623,-40.547,26.057,0.045,-61.9,-10.002,-0.911,11.164,0.005,-87.285,-27.597,-7.007,38.123,-0.01,-71.282,-41.519,-21.761,70.977
744,E1268,45790179_1450,9/20/2023 14:07,26.9,2,,TRUE,,GD,No Defect,Pass,Pass,(None),400_LA (new),Not Done,Pass,(None),Pass,green,none,0,3,2022,TRUE,Fail,0,0,-100,0.794,0.285,0.614,0.09,0.463,0.447,0.289,0.56,0.453,0.304,0.321,0.259,0.727,0.426,0.289,0.42,-100,-100,-100,100,-100,0.794,-79.321,-39.935,1.88,67.808,0.285,-66.829,-41.315,-280.878,70.886,0.614,149.377,-66.374,32.841,199.219,0.09,-33.722,13.645,25.43,-11.927,0.463,16.069,5.629,8.403,-4.89,0.447,190.838,-1.995,-74.051,2.492,0.289,-10.989,16.011,-71.345,-13.552,0.56,-2.461,15.398,19.756,-12.858,0.453,14.71,18.536,37.447,-15.255,0.304,-19.74,8.618,39.329,-7.654,0.321,41.552,-2.428,-40.879,2.817,0.259,-59.648,65.682,36.592,-39.487,0.727,612.883,40.519,39.755,-28.318,0.426,35.401,7.405,14.787,-6.497,0.289,-39.794,67.798,46.018,-40.232,0.42,4.19,-30.467,-3.76,44.42
745,e1280,45796578_1450,9/27/2023 16:57,25.2,2,,TRUE,,GD,No Defect,Pass,Pass,(None),400_LA (new),Not Done,Pass,(None),Pass,green,none,0,3,2022,TRUE,Fail,0,0,1.436,0.558,0.833,0.261,0.262,0.353,0.34,0.3,0.467,0.407,0.289,0.27,0.162,0.449,0.322,0.268,0.363,1.436,19.754,-21.691,27.198,29.534,0.558,175.024,42.985,40.595,-29.672,0.833,47.095,-2.258,-711.594,3.162,0.261,14.723,2.991,-62.567,-2.65,0.262,-0.347,6.107,-6.473,-5.509,0.353,-12.251,12.833,-11.913,-11.06,0.34,53.288,25.642,0.209,-20.139,0.3,-15.784,140.693,26.43,-58.329,0.467,-6.829,-7.964,11.316,9.161,0.407,1.324,12.963,23.005,-11.115,0.289,-9.333,-2.607,17.483,2.974,0.27,25.205,-1.994,-33.235,2.31,0.162,52.59,86.448,30.225,-46.279,0.449,25.315,11.556,0.505,-9.956,0.322,9.884,-0.461,-5.859,0.786,0.268,-62.9,-3.972,36.984,4.415,0.363,-10.881,-12.086,-51.232,14.16
746,E1282,46048828_1450,2/5/2024 17:37,21.1,2,,TRUE,,GD,No Defect,Pass,Pass,(None),400_LA (new),Not Done,Pass,(None),Pass,(None),none,0,4,2022,TRUE,Pass,0,0,1.055,0.436,0.444,0.219,-0.108,0.083,0.13,0.018,0.105,0.149,0.07,0.08,-0.048,0.168,0.06,0.025,0.009,1.055,-69.74,41.665,44.825,-28.666,0.436,18.457,3.383,-91.444,-2.85,0.444,24.923,108.777,-275.057,-51.889,0.219,10.982,211.462,-222.566,-67.823,-0.108,-66.559,-0.31,-50.424,0.203,0.083,-44.901,-1.723,-1.493,1.838,0.13,-36.098,-5.978,-45.751,6.497,0.018,-61.421,-11.714,-1.996,13.288,0.105,-35.008,3.166,30.943,-2.968,0.149,-20.831,-17.9,-11.901,21.984,0.07,-44.508,22.042,43.981,-18.004,0.08,-24.625,0.324,-22.161,-0.243,-0.048,-52.513,-26.127,-76.095,35.302,0.168,29.589,-6.639,-2.629,7.291,0.06,-30.749,-2.903,-1.688,3.053,0.025,-72.048,43.112,27.356,-30.107,0.009,-37.75,33.96,-11.994,-25.344
747,E1384,46063833_1450,2/13/2024 16:11,26.3,2,,TRUE,,GD,No Defect,Not Done,Not Done,(None),300_FW,Not Done,Pass,(None),Pass,(None),none,0,3,2022,TRUE,Pass,0,0,0.563,-0.199,-0.042,-0.06,-0.105,0.052,0.069,0.001,0.062,0.029,0.308,0.009,0.024,0.018,0.031,-0.032,-0.02,0.563,39.829,280.935,45.901,-73.601,-0.199,-14.016,-31.303,-132.242,45.276,-0.042,-5.109,-6.337,-24.513,6.721,-0.06,-6.232,54.043,13.937,-35.122,-0.105,-22.751,48.421,38.187,-32.695,0.052,10.528,-1.465,-39.122,1.539,0.069,-21.446,25.274,36.104,-20.121,0.001,-9.253,49.383,36.491,-33.057,0.062,-3.639,-10.629,27.573,11.962,0.029,4.041,1.074,-1.492,-1.034,0.308,103.253,1.473,-479.475,-1.148,0.009,-6.696,-5.283,-18.906,5.587,0.024,13.141,-0.254,7.554,0.28,0.018,-1.21,-5.941,-6.822,6.336,0.031,-0.134,1.165,2.055,-1.121,-0.032,-23.055,4.158,29.163,-4.023,-0.02,27.383,23.962,10.85,-19.346
748,D0452,46041497_1450,2/2/2024 16:03,20.3,2,,TRUE,,GD,No Defect,Pass,Pass,(None),400_LA (new),Not Done,Pass,(None),Pass,(None),none,0,3,2019,TRUE,Fail,0,0,0.882,0.427,-0.441,-0.101,-0.042,0.011,0.854,0.043,0.022,0.076,0.03,-0.029,-0.014,0.002,0.004,-0.018,-0.033,0.882,9.442,-23.088,-23.371,31.165,0.427,19.021,177.265,-108.099,-63.779,-0.441,18.016,-3.144,-39.489,2.79,-0.101,-13.809,8.454,47.745,-7.887,-0.042,-12.257,19.377,27.237,-16.267,0.011,-7.927,12.036,8.549,-10.733,0.854,53.751,-20.599,4.887,27.018,0.043,-4.42,59.664,30.227,-37.341,0.022,-10.771,25.33,2.031,-20.194,0.076,0.248,0.325,1.27,-0.248,0.03,-1.151,4.628,29.902,-4.394,-0.029,7.942,4.766,3.119,-4.577,-0.014,-2.061,7.29,13.667,-6.808,0.002,-8.46,3.424,13.543,-3.309,0.004,-19.448,10.765,24.639,-9.715,-0.018,-50.887,29.047,38.324,-22.523,-0.033,3.136,15.683,-25.861,-13.585
749,D0479,45924613_1450,11/30/2023 16:48,22.7,2,,TRUE,,GD,No Defect,Pass,Pass,(None),110_LVL (new),Not Done,Pass,(None),Pass,(None),none,0,2,2019,TRUE,Pass,0,0,1.015,0.658,0.459,-0.148,-0.008,-0.054,0,-0.011,-0.005,0.005,0.008,0.001,-0.003,-0.036,-0.026,-0.028,-0.03,1.015,117.549,181.964,63.308,-64.174,0.658,32.52,15.848,-53.686,-13.112,0.459,3.308,80.791,-616.341,-44.433,-0.148,-34.083,-30.432,-33.347,43.531,-0.008,-47.284,34.076,-4.784,-25.421,-0.054,-39.382,12.333,17.347,-11.027,0,-20.601,31.376,6.089,-23.883,-0.011,-40.832,-2.873,3.052,2.946,-0.005,-39.747,-0.774,13.156,0.775,0.005,-23.596,6.024,2.958,-5.677,0.008,-28.994,-31.053,-40.421,45.051,0.001,-37.755,-18.111,10.099,22.118,-0.003,-20.785,-3.001,-3.052,3.091,-0.036,-27.955,-11.714,-28.594,13.227,-0.026,-45.902,-0.968,-0.482,0.951,-0.028,-63.791,-20.869,28.628,26.339,-0.03,-28.297,-0.043,-5.248,0.013
750,E0048,45943575_1450,12/7/2023 14:54,24.4,2,,TRUE,,GD,No Defect,Pass,Pass,(None),400_LA (new),Not Done,Pass,(None),Pass,(None),none,0,11,2019,TRUE,Pass,0,0,0.772,0.507,0.733,-0.036,0.075,-0.007,0.044,-0.014,0.054,0.058,0.054,0.005,0.005,0.048,0.001,-0.053,0.015,0.772,526.134,165.465,78.443,-62.04,0.507,135.334,53.016,5.809,-34.316,0.733,3.761,-20.867,-226.416,27.296,-0.036,-13.671,121.855,46.996,-54.942,0.075,-34.611,32.966,-16.748,-24.736,-0.007,-31.557,-25.129,39.307,33.553,0.044,-29.242,26.495,20.602,-20.911,-0.014,-22.008,-18.402,19.745,22.534,0.054,-16.789,2.653,35.153,-2.531,0.058,-6.792,-2.549,10.71,2.675,0.054,-24.349,7.172,-7.877,-6.641,0.005,-17.326,-3.55,-17.676,3.686,0.005,-7.172,1.781,-14.886,-1.745,0.048,20.358,1.638,-4.446,-1.565,0.001,-4.14,-2.176,-5.307,2.225,-0.053,-52.521,110.834,52.353,-52.595,0.015,-6.163,3.505,16.275,-3.372
751,E0538,46032393_1450,1/26/2024 17:20,26.1,2,,TRUE,,GD,No Defect,Pass,Pass,(None),400_LA (new),Not Done,Pass,(None),Pass,(None),none,0,2,2020,TRUE,Pass,0,0,-0.697,-0.55,0.07,-0.04,-0.048,-0.05,0.137,-0.101,0.086,0.002,-0.054,-0.075,-0.033,-0.003,-0.048,-0.067,-0.047,-0.697,-36.165,-7.454,44.745,7.301,-0.55,68.552,23.811,10.539,-19.676,0.07,47.601,44.926,50.189,-30.951,-0.04,4.302,-7.073,-27.876,7.568,-0.048,10.327,-7.556,-20.167,8.121,-0.05,112.217,-40.504,-26.046,67.995,0.137,-57.313,-33.235,-50.045,49.983,-0.101,0.955,-8.102,-24.909,8.706,0.086,100.903,46.663,-31.675,-31.757,0.002,350.072,-22.619,-56.503,29.233,-0.054,-1.369,-0.814,20.605,0.766,-0.075,-8.013,-13.648,-2.444,15.718,-0.033,41.256,-39.983,-53.229,66.565,-0.003,63.822,18.499,28.305,-15.614,-0.048,85.094,1.545,8.046,-1.569,-0.067,-52.908,55.015,38.53,-35.533,-0.047,64.341,-0.296,-19.957,0.25
