DB Index,Part Name,Batch Name,Log Date,Temp,PTI State,Comment,Ref,VIPR Code/Note,Part Class,Critical Defect,Dimensional,EC,Failure Type,LPI,Picked,SubGroup,Visual,iPTI,intSite,Fail Reason,NDT_Comment,MfgMonth,MfgYear (YY),Tracker Result,Result,MTS,Bias,%Error,Freq 1,Freq 2,Freq 3,Freq 4,Freq 5,Freq 6,Freq 7,Freq 8,Freq 9,Freq 10,Freq 11,Freq 12,Freq 13,Freq 14,Freq 15,Freq 16,Freq 17,Freq 18,Freq 19,Freq 20,Freq 21,Freq 22,Freq 23,Freq 24,Freq 25,Freq 26,Freq 27,Freq 28,Freq 1,Amp 1,ZW 1,D2 1,Q 1,Freq 2,Amp 2,ZW 2,D2 2,Q 2,Freq 3,Amp 3,ZW 3,D2 3,Q 3,Freq 4,Amp 4,ZW 4,D2 4,Q 4,Freq 5,Amp 5,ZW 5,D2 5,Q 5,Freq 6,Amp 6,ZW 6,D2 6,Q 6,Freq 7,Amp 7,ZW 7,D2 7,Q 7,Freq 8,Amp 8,ZW 8,D2 8,Q 8,Freq 9,Amp 9,ZW 9,D2 9,Q 9,Freq 10,Amp 10,ZW 10,D2 10,Q 10,Freq 11,Amp 11,ZW 11,D2 11,Q 11,Freq 12,Amp 12,ZW 12,D2 12,Q 12,Freq 13,Amp 13,ZW 13,D2 13,Q 13,Freq 14,Amp 14,ZW 14,D2 14,Q 14,Freq 15,Amp 15,ZW 15,D2 15,Q 15,Freq 16,Amp 16,ZW 16,D2 16,Q 16,Freq 17,Amp 17,ZW 17,D2 17,Q 17,Freq 18,Amp 18,ZW 18,D2 18,Q 18,Freq 19,Amp 19,ZW 19,D2 19,Q 19,Freq 20,Amp 20,ZW 20,D2 20,Q 20,Freq 21,Amp 21,ZW 21,D2 21,Q 21,Freq 22,Amp 22,ZW 22,D2 22,Q 22,Freq 23,Amp 23,ZW 23,D2 23,Q 23,Freq 24,Amp 24,ZW 24,D2 24,Q 24,Freq 25,Amp 25,ZW 25,D2 25,Q 25,Freq 26,Amp 26,ZW 26,D2 26,Q 26,Freq 27,Amp 27,ZW 27,D2 27,Q 27,Freq 28,Amp 28,ZW 28,D2 28,Q 28
0,2386,44478549_11846,9/24/2021 11:44,23.4,2,Failed Sort COL1-001 OB 10-1631_PIK_SORT rev10  09/24/21 07:40,TRUE,,GD,No Defect,Pass,Pass,Green,Pass,Pass,Green,Pass,(None),100_LVL (old),none,,3,2011,TRUE,Pass,0,0,,2.164,2.29,3.023,3.118,3.138,3.313,3.366,4.04,4.209,4.251,4.337,4.713,5.048,5.163,5.517,5.994,6.051,6.216,6.605,6.926,7.151,8.284,8.341,5.111,5.678,3.743,6.118,11.36,-0.844,-1.379,0.167,-1.355,-1.848,-0.442,-1.787,-1.484,0.187,-1.697,-1.143,-0.513,-0.899,-1.845,-0.619,-0.049,-0.592,-1.871,-1.493,-1.508,-0.716,-0.812,-2.102,-0.593,-1.994,-1.521,-1.186,-0.365,2.164,0.064,0.012,-59.769,0.179,2.29,0.044,0.005,-138.765,0.417,3.023,0.019,0.007,-64.506,0.442,3.118,0.042,0.009,-74.08,0.353,3.138,0.018,0.005,-206.788,0.682,3.313,0.016,0.007,-67.883,0.445,3.366,0.008,0.007,-57.478,0.476,4.04,0.016,0.009,-54.998,0.455,4.209,0.011,0.007,-124.197,0.607,4.251,0.011,0.008,-56.837,0.535,4.337,0.111,0.007,-78.52,0.582,4.713,0.008,0.007,-73.892,0.633,5.048,0.017,0.01,-62.456,0.509,5.163,0.079,0.007,-95.459,0.755,5.517,0.057,0.007,-100.159,0.788,5.994,0.007,0.008,-31.72,0.737,6.051,0.019,0.006,-73.291,0.997,6.216,0.061,0.008,-90.706,0.824,6.605,0.025,0.009,-61.731,0.775,6.926,0.006,0.007,-28.349,0.998,7.151,0.052,0.011,-38.907,0.678,8.284,0.004,0.006,-18.699,1.46,8.341,0.009
1,4309,44500617_1450,9/24/2021 11:30,23.4,2,Failed Sort COL1-001 OB 10-1631_PIK_SORT rev10  09/24/21 07:26,TRUE,,GD,No Defect,Pass,Pass,Green,Pass,Pass,Green,Pass,(None),100_LVL (old),none,,2,2012,TRUE,Pass,0,0,,2.16,2.289,3.016,3.118,3.151,3.314,3.367,4.033,4.2,4.249,4.339,4.698,5.04,5.164,5.511,5.982,6.049,6.223,6.609,6.96,7.134,8.262,8.342,5.108,5.68,3.744,6.118,11.321,-1.161,-1.541,-0.403,-1.355,-0.933,-0.339,-1.707,-1.857,-0.331,-1.842,-1.027,-1.57,-1.332,-1.82,-0.975,-0.633,-0.662,-1.545,-1.346,-0.329,-1.574,-1.758,-2.079,-0.774,-1.762,-1.352,-1.208,-1.42,2.16,0.057,0.013,-38.584,0.165,2.289,0.055,0.01,-52.863,0.221,3.016,0.018,0.011,-44.889,0.268,3.118,0.04,0.01,-51.721,0.316,3.151,0.013,0.005,-129.914,0.639,3.314,0.018,0.007,-85.564,0.463,3.367,0.012,0.008,-52.296,0.4,4.033,0.01,0.011,-41.39,0.38,4.2,0.014,0.007,-120.257,0.621,4.249,0.014,0.008,-64.201,0.52,4.339,0.178,0.007,-77.441,0.622,4.698,0.011,0.008,-54.775,0.589,5.04,0.031,0.009,-68.037,0.567,5.164,0.01,0.008,-46.533,0.654,5.511,0.063,0.008,-87.877,0.685,5.982,0.008,0.015,-17.351,0.388,6.049,0.005,0.007,-51.383,0.855,6.223,0.056,0.009,-62.244,0.72,6.609,0.021,0.008,-41.902,0.823,6.96,0.026,0.009,-71.803,0.802,7.134,0.053,0.013,-25.322,0.563,8.262,0.008,0.019,-11.143,0.428,8.342,0.008
2,8060,44539676_1450,10/15/2021 15:23,24.4,2,Failed Sort COL1-001 OB 10-1631_PIK_SORT rev10  10/15/21 11:20,TRUE,,UN,No Defect,Pass,Not Done,(None),Not Done,Pass,(None),Not Done,(None),100_LVL (old),,,0,0,FALSE,Pass,0,0,,2.188,2.301,3.018,3.131,3.171,3.315,3.405,4.082,4.202,4.293,4.37,4.738,5.077,5.208,5.541,6.002,6.075,6.267,6.641,6.954,7.188,8.306,8.402,5.135,5.701,3.755,6.153,11.428,0.793,-0.198,-0.281,-0.231,0.54,-0.27,0.551,0.714,-0.194,0.836,0.752,1.254,0.697,0.375,0.829,0.366,0.686,0.365,-0.183,-0.537,1.142,0.138,-0.171,0.669,0.229,-0.224,0.402,1.526,2.188,0.069,0.01,-43.372,0.219,2.301,0.072,0.008,-72.105,0.275,3.018,0.022,0.008,-48.996,0.365,3.131,0.041,0.006,-156.545,0.515,3.171,0.034,0.009,-52.433,0.358,3.315,0.023,0.007,-77.784,0.464,3.405,0.012,0.011,-44.414,0.32,4.082,0.012,0.01,-30.725,0.397,4.202,0.019,0.006,-146.248,0.673,4.293,0.013,0.01,-45.01,0.448,4.37,0.028,0.008,-64.199,0.526,4.738,0.018,0.007,-49.212,0.651,5.077,0.315,0.009,-65.93,0.574,5.208,0.015,0.01,-29.587,0.504,5.541,0.009,0.009,-48.513,0.6,6.002,0.011,0.011,-38.902,0.568,6.075,0.012,0.013,-20.717,0.46,6.267,0.011,0.01,-38.318,0.611,6.641,0.004,0.009,-29.287,0.715,6.954,0.019,0.006,-23.262,1.126,7.188,0.095,0.013,-19.349,0.56,8.306,0.017,0.009,-16.216,0.95,8.402,0.029
3,6551,44530128_1450,10/13/2021 16:08,25.3,2,Failed Sort COL1-001 OB 10-1631_PIK_SORT rev10  10/13/21 12:04,TRUE,,GD,No Defect,Pass,Pass,Green,Pass,Pass,Green,Pass,(None),100_LVL (old),_none,,12,15,TRUE,Pass,0,0,,2.153,2.29,3.009,3.112,3.143,3.305,3.361,4.024,4.183,4.242,4.34,4.699,5.027,5.148,5.497,5.961,6.018,6.217,6.594,6.889,7.125,8.26,8.349,5.081,5.667,3.743,6.101,11.287,-1.641,-1.425,-1.059,-1.929,-1.511,-1.266,-2.074,-2.299,-1.37,-2.28,-0.982,-1.54,-2.039,-2.618,-1.796,-1.68,-2.285,-1.831,-1.887,-2.805,-1.996,-1.86,-1.86,-2.179,-3.016,-1.482,-1.963,-2.351,2.153,0.078,0.014,-49.32,0.155,2.29,0.066,0.005,-141.673,0.464,3.009,0.023,0.01,-68.318,0.294,3.112,0.058,0.009,-54.796,0.335,3.143,0.02,0.005,-128.79,0.579,3.305,0.022,0.008,-84.207,0.436,3.361,0.012,0.008,-53.544,0.411,4.024,0.017,0.01,-38.266,0.413,4.183,0.014,0.006,-130.35,0.657,4.242,0.026,0.008,-64.246,0.517,4.34,0.021,0.008,-64.606,0.558,4.699,0.015,0.009,-72.294,0.551,5.027,0.037,0.009,-65.215,0.582,5.148,0.02,0.008,-52.957,0.664,5.497,0.009,0.008,-67.573,0.723,5.961,0.014,0.009,-46.12,0.637,6.018,0.012,0.011,-34.385,0.57,6.217,0.115,0.008,-86.788,0.809,6.594,0.031,0.008,-58.088,0.788,6.889,0.014,0.006,-45.032,1.125,7.125,0.113,0.014,-23.533,0.493,8.26,0.03,0.014,-17.745,0.573,8.349,0.037
4,4258,44511938_1450,10/12/2021 11:20,25.2,2,Failed Sort COL1-001 OB 10-1631_PIK_SORT rev10  10/12/21 07:16,TRUE,,GD,No Defect,Not Done,Pass,Green,Pass,Pass,Green,Pass,(None),100_LVL (old),none,,1,2012,TRUE,Pass,0,0,,2.175,2.298,2.998,3.118,3.156,3.314,3.396,4.072,4.199,4.287,4.373,4.727,5.065,5.201,5.525,5.983,6.058,6.252,6.627,6.918,7.163,8.293,8.38,5.11,5.698,3.748,6.137,11.36,-0.065,-0.491,-1.975,-1.374,-0.566,-0.339,0.036,0.195,-0.368,0.49,0.948,0.459,0.026,0.005,-0.127,-0.576,-0.234,-0.312,-0.685,-1.791,-0.109,-0.45,-0.88,-0.661,-0.052,-0.924,-0.334,-0.359,2.175,0.078,0.01,-53.41,0.209,2.298,0.095,0.008,-104.118,0.277,2.998,0.021,0.008,-77.127,0.36,3.118,0.034,0.007,-112.562,0.467,3.156,0.028,0.01,-45.641,0.309,3.314,0.021,0.007,-79.829,0.457,3.396,0.014,0.009,-52.776,0.381,4.072,0.013,0.009,-46.608,0.446,4.199,0.018,0.006,-156.506,0.679,4.287,0.017,0.008,-99.492,0.567,4.373,0.03,0.008,-71.141,0.539,4.727,0.021,0.009,-70.748,0.538,5.065,0.339,0.009,-80.467,0.547,5.201,0.019,0.008,-41.119,0.614,5.525,0.095,0.008,-87.831,0.692,5.983,0.013,0.009,-64.958,0.669,6.058,0.018,0.012,-28.708,0.518,6.252,0.016,0.008,-63.78,0.787,6.627,0.004,0.008,-33.741,0.835,6.918,0.018,0.006,-54.956,1.119,7.163,0.134,0.012,-30.674,0.598,8.293,0.028,0.009,-31.419,0.946,8.38,0.038
5,6393,44511946_1450,9/30/2021 14:26,25,2,Failed Sort COL1-001 OB 10-1631_PIK_SORT rev10  09/30/21 10:22,TRUE,,GD,No Defect,Not Done,Pass,Green,Pass,Pass,Green,Pass,(None),100_LVL (old),none,,9,2015,TRUE,Pass,0,0,,2.178,2.301,3.028,3.135,3.165,3.325,3.398,4.081,4.222,4.294,4.377,4.736,5.08,5.21,5.548,6.018,6.078,6.261,6.651,6.963,7.181,8.327,8.409,5.139,5.714,3.766,6.161,11.417,0.104,-0.244,0.595,0.174,0.144,0.794,0.154,0.701,0.973,0.915,1.144,1.072,0.846,0.494,1.212,1.138,0.797,0.082,0.172,-0.243,0.781,1.024,0.058,0.872,1.52,0.914,0.77,1.227,2.178,0.076,0.012,-69.65,0.179,2.301,0.067,0.006,-128.383,0.356,3.028,0.023,0.007,-67.09,0.437,3.135,0.045,0.006,-134.295,0.496,3.165,0.036,0.006,-96.383,0.575,3.325,0.019,0.008,-67.455,0.423,3.398,0.01,0.008,-57.414,0.442,4.081,0.019,0.008,-67.872,0.501,4.222,0.012,0.006,-123.098,0.653,4.294,0.018,0.007,-87.182,0.584,4.377,0.018,0.007,-76.544,0.606,4.736,0.014,0.01,-55.624,0.474,5.08,0.031,0.008,-67.732,0.61,5.21,0.018,0.007,-58.47,0.7,5.548,0.055,0.006,-71.288,0.859,6.018,0.016,0.01,-46.602,0.618,6.078,0.012,0.009,-47.439,0.683,6.261,0.013,0.008,-81.73,0.794,6.651,0.005,0.008,-47.848,0.788,6.963,0.019,0.006,-47.05,1.173,7.181,0.121,0.01,-42.714,0.705,8.327,0.028,0.014,-21.089,0.579,8.409,0.027
6,8057,44700699_1450,2/7/2022 13:33,22.4,2,QPLog 10-1631 (16) rev4,TRUE,,GD,No Defect,Pass,Pass,Green,Pass,Pass,Green,Pass,(None),100_LVL (old),none,,8,2017,TRUE,Pass,0,0,,2.183,2.305,3.018,3.13,3.169,3.334,3.413,4.089,4.239,4.306,4.376,4.738,5.092,5.227,5.547,6.032,6.109,6.277,6.663,6.962,7.185,8.332,8.415,5.16,5.718,3.765,6.179,11.409,0.456,0.198,-0.263,-0.289,0.415,1.703,1.051,1.082,1.986,1.625,1.105,1.233,1.501,1.301,1.182,1.826,2.408,0.81,0.63,-0.244,0.994,1.215,0.254,1.944,1.896,0.834,1.586,0.995,2.183,0.034,0.01,-70.162,0.217,2.305,0.052,0.01,-67.474,0.241,3.018,0.014,0.009,-49.475,0.318,3.13,0.022,0.006,-159.486,0.555,3.169,0.012,0.007,-70.053,0.423,3.334,0.013,0.007,-84.533,0.456,3.413,0.012,0.011,-24.063,0.309,4.089,0.003,0.003,-51.895,1.39,4.239,0.012,0.006,-163.6,0.67,4.306,0.022,0.008,-76.733,0.515,4.376,0.027,0.007,-70.717,0.624,4.738,0.018,0.008,-56.447,0.625,5.092,0.041,0.008,-73.097,0.655,5.227,0.006,0.006,-52.008,0.861,5.547,0.095,0.008,-74.574,0.715,6.032,0.011,0.007,-33.809,0.827,6.109,0.008,0.006,-113.685,1.068,6.277,0.008,0.007,-83.432,0.939,6.663,0.002,0.009,-27.15,0.758,6.962,0.007,0.002,-4.458,3.217,7.185,0.04,0.015,-20.852,0.491,8.332,0.006,0.006,-88.717,1.412,8.415,0.011
7,4798,44824167_1450,4/11/2022 17:21,24.2,2,QPLog 10-1631 (16) rev3,TRUE,,B3,Non-Critical Defect,Pass,Pass,Blue,Pass,Pass,Yellow,Fail,(None),100_LVL (old),_ImpactDamage,,12,2012,TRUE,Pass,0,0,,2.172,2.296,3.009,3.128,3.163,3.32,3.399,4.08,4.213,4.287,4.358,4.726,5.071,5.206,5.529,6.006,6.065,6.252,6.641,6.951,7.168,8.302,8.404,5.127,5.705,3.754,6.149,11.372,-0.279,-0.751,-1.02,-0.444,-0.004,0.245,0.213,0.615,0.417,0.502,0.055,0.41,0.356,0.266,0.094,0.558,0.14,-0.303,-0.163,-0.638,0.156,-0.055,-0.099,0.223,0.627,-0.392,0.237,-0.024,2.172,0.031,0.013,-42.452,0.165,2.296,0.038,0.011,-92.518,0.214,3.009,0.009,0.008,-53.435,0.366,3.128,0.024,0.006,-148.388,0.558,3.163,0.011,0.008,-49.898,0.409,3.32,0.01,0.007,-61.721,0.469,3.399,0.007,0.007,-40.279,0.457,4.08,0.004,0.008,-37.772,0.489,4.213,0.007,0.005,-106.085,0.802,4.287,0.011,0.007,-91.977,0.589,4.358,0.159,0.007,-80.036,0.654,4.726,0.009,0.009,-50.49,0.549,5.071,0.022,0.008,-53.664,0.615,5.206,0.009,0.007,-42.09,0.741,5.529,0.044,0.006,-117.24,0.969,6.006,0.007,0.008,-35.688,0.726,6.065,0.006,0.007,-38.336,0.857,6.252,0.006,0.006,-78.708,1.018,6.641,0.001,0.005,-75.867,1.313,6.951,0.006,0.003,-6.114,2.443,7.168,0.045,0.011,-25.034,0.624,8.302,0.005,0.007,-27.077,1.247,8.404,0.005
8,4798,44824167_1450,4/13/2022 13:47,23.9,3,QPLog 10-1631 (16) rev3,TRUE,,B2,Non-Critical Defect,Pass,Pass,Blue,Pass,Pass,Yellow,Fail,(None),100_LVL (old),_ImpactDamage,,12,2012,TRUE,Pass,0,0,,2.177,2.3,3.012,3.13,3.167,3.323,3.403,4.077,4.219,4.293,4.365,4.733,5.079,5.214,5.537,6.015,6.075,6.26,6.649,6.964,7.18,8.313,8.417,5.135,5.712,3.759,6.16,11.387,0.041,-0.322,-0.823,-0.318,0.294,0.554,0.471,0.478,0.815,0.826,0.459,0.909,0.807,0.665,0.563,1.023,0.668,0.068,0.108,-0.183,0.727,0.402,0.307,0.658,1.337,0.166,0.709,0.39,2.177,0.029,0.009,-62.117,0.255,2.3,0.035,0.01,-90.017,0.228,3.012,0.008,0.008,-52.203,0.391,3.13,0.02,0.006,-142.106,0.562,3.167,0.009,0.007,-64.261,0.455,3.323,0.008,0.009,-40.122,0.367,3.403,0.006,0.008,-31.996,0.407,4.077,0.003,0.002,-9.787,2.094,4.219,0.007,0.006,-119.286,0.707,4.293,0.01,0.008,-64.877,0.558,4.365,0.15,0.008,-75.221,0.566,4.733,0.008,0.009,-44.246,0.534,5.079,0.02,0.009,-42.011,0.558,5.214,0.062,0.007,-46.173,0.799,5.537,0.048,0.006,-107.999,0.903,6.015,0.006,0.008,-38.246,0.737,6.075,0.006,0.007,-48.306,0.901,6.26,0.005,0.007,-54.673,0.896,6.649,0.001,0.005,-64.02,1.217,6.964,0.006,0.002,-8.855,4.072,7.18,0.037,0.013,-20.33,0.571,8.313,0.001,0.006,-10.708,1.47,8.417,0.004
9,4587,44829892_1450,4/21/2022 12:45,25.5,2,QPLog 10-1631 (16) rev11,TRUE,,UN,(None),Not Done,Not Done,(None),Not Done,Pass,(None),Not Done,(None),300_FW,,,0,0,FALSE,Pass,0,0,,2.168,2.292,3.019,3.131,3.166,3.321,3.403,4.078,4.209,4.287,4.356,4.725,5.07,5.204,5.53,6.014,6.071,6.257,6.646,6.955,7.175,8.314,8.408,5.128,5.704,3.747,6.154,11.389,-0.607,-1.125,-0.21,-0.197,0.227,0.348,0.473,0.516,0.207,0.463,-0.08,0.299,0.324,0.191,0.152,0.964,0.436,-0.085,-0.007,-0.511,0.501,0.446,0.004,0.3,0.501,-1.063,0.437,0.442,2.168,0.064,0.01,-10.935,0.222,2.292,0.04,0.005,-5.987,0.438,3.019,0.026,0.006,-112.473,0.512,3.131,0.039,0.006,-176.275,0.545,3.166,0.037,0.006,-111.266,0.49,3.321,0.021,0.006,-92.189,0.538,3.403,0.01,0.009,-49.6,0.391,4.078,0.014,0.006,-97.637,0.672,4.209,0.012,0.006,-219.099,0.738,4.287,0.029,0.005,-158.305,0.787,4.356,0.02,0.005,-113.009,0.808,4.725,0.018,0.008,-62.239,0.562,5.07,0.035,0.008,-74.349,0.606,5.204,0.019,0.007,-79.598,0.754,5.53,0.013,0.006,-135.854,0.938,6.014,0.024,0.004,-143.56,1.558,6.071,0.021,0.005,-162.41,1.196,6.257,0.019,0.005,-151.134,1.19,6.646,0.005,0.008,-47.894,0.877,6.955,0.002,0.003,-9.346,2.531,7.175,0.026,0.008,-72.612,0.947,8.314,0.03,0.01,-36.271,0.825,8.408,0.063
10,6139,44845047_1450,4/26/2022 14:50,23.3,2,QPLog 10-1631 (16) rev5,TRUE,,GD,No Defect,Not Done,Not Done,Green,Not Done,Pass,Green,Not Done,(None),100_LVL (old),none,,4,2015,TRUE,Pass,0,0,,2.177,2.295,3.026,3.136,3.168,3.312,3.394,4.064,4.195,4.269,4.347,4.718,5.054,5.192,5.524,5.985,6.051,6.257,6.644,6.986,7.164,8.306,8.41,5.106,5.698,3.76,6.128,11.372,0.035,-0.826,0.395,0.232,0.377,-0.511,-0.064,-0.239,-0.626,-0.588,-0.58,-0.148,-0.578,-0.416,-0.167,-0.504,-0.555,-0.071,-0.05,0.581,-0.048,0.123,0.092,-0.848,-0.057,0.278,-0.746,-0.022,2.177,0.031,0.011,-40.485,0.192,2.295,0.027,0.014,-67.899,0.169,3.026,0.008,0.008,-38.648,0.377,3.136,0.024,0.007,-86.881,0.469,3.168,0.008,0.003,-196.381,0.96,3.312,0.011,0.007,-61.769,0.464,3.394,0.004,0.01,-25.964,0.337,4.064,0.006,0.007,-29.538,0.542,4.195,0.007,0.006,-99.997,0.646,4.269,0.006,0.008,-59.63,0.555,4.347,0.099,0.007,-60.799,0.609,4.718,0.005,0.01,-37.961,0.471,5.054,0.015,0.009,-41.871,0.549,5.192,0.073,0.008,-42.068,0.65,5.524,0.007,0.003,-110.499,2.157,5.985,0.005,0.008,-32.891,0.785,6.051,0.005,0.005,-26.403,1.297,6.257,0.033,0.008,-57.134,0.811,6.644,0.001,0.005,-87.623,1.301,6.986,0.011,0.009,-41.166,0.797,7.164,0.039,0.012,-22.299,0.621,8.306,0.006,0.004,-12.655,1.958,8.41,0.004
11,6141,44845052_1450,4/26/2022 12:36,24.7,2,QPLog 10-1631 (16) rev5,TRUE,,GD,No Defect,Not Done,Not Done,Green,Not Done,Pass,Green,Not Done,(None),100_LVL (old),none,,4,2015,TRUE,Fail,0,0,,2.161,2.28,3,3.112,3.144,3.285,3.379,4.042,4.157,4.24,4.312,4.684,5.017,5.167,5.487,5.938,6.011,6.223,6.609,6.94,7.121,8.254,8.369,5.085,5.663,3.728,6.107,11.302,-1.051,-2.438,-1.834,-1.898,-1.39,-3.309,-1.009,-1.379,-2.903,-2.357,-2.573,-2.596,-2.574,-1.653,-2.377,-2.851,-2.623,-1.574,-1.357,-1.007,-2.215,-2.113,-1.234,-2.002,-3.441,-3.094,-1.717,-1.955,2.161,0.027,0.011,-54.577,0.199,2.28,0.033,0.008,-78.965,0.275,3,0.008,0.008,-64.108,0.375,3.112,0.019,0.007,-95.423,0.477,3.144,0.008,0.005,-75.094,0.683,3.285,0.009,0.007,-53.994,0.463,3.379,0.005,0.008,-33.901,0.416,4.042,0.004,0.002,-49.858,2.21,4.157,0.007,0.006,-103.972,0.64,4.24,0.007,0.006,-58.918,0.731,4.312,0.15,0.006,-92.09,0.769,4.684,0.008,0.008,-58.421,0.564,5.017,0.022,0.008,-56.206,0.629,5.167,0.009,0.007,-31.44,0.716,5.487,0.003,0.006,-89.473,0.88,5.938,0.006,0.006,-54.583,1.032,6.011,0.007,0.008,-20.962,0.712,6.223,0.006,0.006,-73.086,1.006,6.609,0.001,0.005,-67.96,1.387,6.94,0.011,0.009,-43.281,0.745,7.121,0.032,0.016,-13.896,0.444,8.254,0.007,0.013,-10.604,0.635,8.369,0.005
12,4291,44877059_1450,5/11/2022 18:57,27.7,2,QPLog 10-1631 (16) rev8,TRUE,,UN,(None),Not Done,Not Done,(None),Not Done,Pass,(None),Not Done,(None),300_FW,,,0,0,FALSE,Pass,0,0,,2.176,2.3,3.005,3.125,3.147,3.312,3.379,4.047,4.198,4.256,4.334,4.699,5.043,5.176,5.503,5.982,6.041,6.235,6.618,6.935,7.14,8.275,8.374,5.105,5.687,3.744,6.124,11.318,-0.046,-0.26,-1.415,-0.776,-1.201,-0.579,-0.969,-1.122,-0.428,-1.376,-1.322,-1.51,-1.154,-1.232,-1.4,-0.641,-1.091,-1.018,-1.036,-1.186,-1.261,-1.227,-1.075,-0.901,-1.112,-1.398,-0.923,-1.509,2.176,0.088,0.012,-35.625,0.176,2.3,0.115,0.01,-47.347,0.221,3.005,0.031,0.005,-163.977,0.582,3.125,0.065,0.005,-199.671,0.58,3.147,0.024,0.001,-84.436,2.373,3.312,0.022,0.007,-92.162,0.46,3.379,0.012,0.011,-47.68,0.312,4.047,0.012,0.008,-64.624,0.509,4.198,0.014,0.006,-203.884,0.713,4.256,0.025,0.006,-162.686,0.74,4.334,0.025,0.005,-111.661,0.891,4.699,0.02,0.007,-132.468,0.715,5.043,0.036,0.008,-74.139,0.631,5.176,0.02,0.007,-75.125,0.732,5.503,0.015,0.005,-167.915,1.083,5.982,0.022,0.006,-142.755,0.935,6.041,0.016,0.005,-175.163,1.223,6.235,0.019,0.005,-170.281,1.179,6.618,0.004,0.009,-27.455,0.725,6.935,0.006,0.005,-72.371,1.467,7.14,0.02,0.009,-43.875,0.802,8.275,0.059,0.01,-46.26,0.822,8.374,0.052
13,9066,44855001_355,5/17/2022 14:15,24.3,2,,TRUE,,UN,(None),Not Done,Not Done,(None),Not Done,Pass,(None),Not Done,(None),100_LVL (old),,,0,0,FALSE,Pass,0,0,,2.19,2.304,3.016,3.137,3.185,3.319,3.428,4.11,4.214,4.304,4.385,4.746,5.097,5.23,5.532,6.018,6.08,6.279,6.658,6.985,7.191,8.336,8.426,5.136,5.712,3.76,6.172,11.421,0.948,0.078,-0.434,0.323,1.638,0.21,1.941,2.184,0.478,1.484,1.605,1.803,1.818,1.477,0.283,1.135,0.896,0.867,0.457,0.544,1.297,1.411,0.59,0.71,1.332,0.278,1.246,1.321,2.19,0.029,0.009,-44.961,0.236,2.304,0.022,0.01,-56.746,0.234,3.016,0.007,0.007,-39.171,0.432,3.137,0.018,0.006,-111.665,0.542,3.185,0.012,0.01,-30.945,0.33,3.319,0.01,0.007,-51.662,0.463,3.428,0.004,0.008,-19.316,0.413,4.11,0.005,0.009,-28,0.441,4.214,0.005,0.006,-106.377,0.689,4.304,0.004,0.005,-26.032,0.9,4.385,0.009,0.007,-47.28,0.592,4.746,0.007,0.008,-40.238,0.578,5.097,0.015,0.009,-36.187,0.587,5.23,0.007,0.004,-35.445,1.193,5.532,0.005,0.002,-24.675,3.592,6.018,0.004,0.002,-29.189,3.983,6.08,0.005,0.005,-46.503,1.146,6.279,0.004,0.006,-45.044,1.03,6.658,0,0.005,-73.533,1.306,6.985,0.002,0.009,-54.44,0.749,7.191,0.037,0.012,-20.485,0.581,8.336,0.005,0.005,-11.279,1.524,8.426,0.003
14,D0138,44868963_1450,5/5/2022 16:06,24.8,2,QPLog 10-1631 (16) rev8,TRUE,,GD,No Defect,Pass,Pass,Green,Pass,Pass,Green,Pass,(None),200_LA (old),none,,11,2018,TRUE,Pass,0,0,,2.195,2.323,3.026,3.144,3.175,3.316,3.413,4.09,4.206,4.283,4.372,4.731,5.09,5.224,5.541,6.018,6.072,6.272,6.671,6.996,7.184,8.327,8.442,5.127,5.701,3.761,6.171,11.394,1.306,2.169,0.473,1.02,0.89,-0.167,1.072,1.155,0.01,0.24,0.883,0.713,1.407,1.193,0.781,1.132,0.532,0.577,0.918,0.929,0.944,1.021,1.09,0.21,0.264,0.413,1.214,0.583,2.195,0.119,0.004,-35.737,0.626,2.323,0.105,0.003,-19.958,0.665,3.026,0.036,0.008,-73.765,0.366,3.144,0.077,0.006,-192.476,0.552,3.175,0.08,0.007,-93.419,0.44,3.316,0.048,0.007,-101.345,0.506,3.413,0.027,0.006,-100.084,0.585,4.09,0.024,0.005,-138.264,0.835,4.206,0.022,0.004,-212.087,0.939,4.283,0.019,0.005,-121.311,0.81,4.372,0.057,0.006,-104.682,0.783,4.731,0.038,0.007,-112.688,0.72,5.09,0.079,0.009,-78.883,0.597,5.224,0.045,0.004,-219.897,1.403,5.541,0.026,0.005,-194.609,1.14,6.018,0.055,0.006,-169.153,1.046,6.072,0.06,0.005,-151.843,1.113,6.272,0.036,0.005,-155.361,1.16,6.671,0.007,0.006,-53.831,1.038,6.996,0.008,0.011,-47.08,0.63,7.184,0.046,0.008,-56.751,0.874,8.327,0.021,0.01,-49.798,0.808,8.442,0.144
15,D0522,44884666_1450,5/16/2022 16:40,24.1,2,QPLog 10-1631 (16) rev8,TRUE,,GD,No Defect,Pass,Pass,Green,Pass,Pass,Green,Pass,(None),200_LA (old),none,,3,2019,TRUE,Pass,0,0,,2.199,2.311,3.018,3.134,3.172,3.315,3.412,4.091,4.198,4.302,4.371,4.744,5.093,5.211,5.548,5.999,6.073,6.263,6.648,6.973,7.207,8.344,8.416,5.121,5.702,3.761,6.159,11.384,1.532,0.898,-0.265,0.072,0.668,-0.202,0.952,1.178,-0.426,1.362,0.787,1.676,1.595,0.547,1.215,0.19,0.548,0.183,0.079,0.138,2.072,1.728,0.285,-0.069,0.319,0.348,0.655,0.296,2.199,0.146,0.009,-53.422,0.247,2.311,0.194,0.01,-72.847,0.239,3.018,0.032,0.009,-67.976,0.344,3.134,0.062,0.005,-214.708,0.597,3.172,0.069,0.007,-107.075,0.478,3.315,0.038,0.005,-117.779,0.611,3.412,0.019,0.007,-88.849,0.496,4.091,0.023,0.006,-113.045,0.688,4.198,0.018,0.007,-171.502,0.643,4.302,0.029,0.007,-133.687,0.649,4.371,0.055,0.006,-121.605,0.716,4.744,0.04,0.007,-116.57,0.721,5.093,0.071,0.008,-90.913,0.671,5.211,0.042,0.004,-132.139,1.213,5.548,0.013,0.004,-99.548,1.449,5.999,0.022,0.005,-251.651,1.316,6.073,0.069,0.007,-108.193,0.922,6.263,0.033,0.006,-135.675,1.093,6.648,0.008,0.007,-64.077,0.97,6.973,0.012,0.008,-81.806,0.928,7.207,0.062,0.008,-73.368,0.926,8.344,0.066,0.01,-22.194,0.85,8.416,0.192
16,2798,44897784_1450,5/23/2022 16:45,25.3,2,QPLog 10-1631 (16) rev10,TRUE,,UN,(None),Not Done,Not Done,(None),Not Done,Pass,(None),Not Done,(None),300_FW,,,0,0,FALSE,Pass,0,0,,2.185,2.301,3.033,3.14,3.164,3.335,3.397,4.073,4.227,4.302,4.394,4.744,5.079,5.21,5.54,6.01,6.087,6.266,6.649,6.964,7.176,8.32,8.406,5.14,5.713,3.769,6.156,11.417,0.62,-0.183,1.002,0.656,0.069,1.807,0.115,0.234,1.273,1.362,2.163,1.677,0.791,0.466,0.739,0.732,1.288,0.301,0.104,-0.195,0.523,0.707,-0.055,0.921,1.355,1.284,0.515,1.223,2.185,0.078,0.006,-48.896,0.337,2.301,0.107,0.007,-14.157,0.341,3.033,0.026,0.009,-58.977,0.351,3.14,0.062,0.006,-180.389,0.565,3.164,0.042,0.003,-168.365,0.909,3.335,0.029,0.007,-91.061,0.45,3.397,0.013,0.012,-41.655,0.29,4.073,0.015,0.007,-78.171,0.621,4.227,0.023,0.005,-203.063,0.821,4.302,0.015,0.006,-182.35,0.758,4.394,0.022,0.007,-92.406,0.632,4.744,0.019,0.009,-80.958,0.541,5.079,0.036,0.01,-57.061,0.524,5.21,0.024,0.006,-108.87,0.846,5.54,0.011,0.006,-149.894,0.978,6.01,0.034,0.006,-128.113,0.945,6.087,0.019,0.005,-162.176,1.133,6.266,0.023,0.006,-146.174,1.102,6.649,0.007,0.007,-68.961,0.91,6.964,0.003,0.005,-53.19,1.335,7.176,0.029,0.008,-73.251,0.941,8.32,0.004,0.007,-29.636,1.227,8.406,0.05
17,2798,44897784_1450,5/24/2022 19:45,25.2,2,QPLog 10-1631 (16) rev11,TRUE,,UN,(None),Not Done,Not Done,(None),Not Done,Pass,(None),Not Done,(None),300_FW,,,0,0,FALSE,Pass,0,0,,2.182,2.33,3.032,3.139,3.163,3.334,3.396,4.074,4.227,4.301,4.393,4.743,5.077,5.209,5.54,6.009,6.086,6.267,6.649,6.964,7.175,8.319,8.406,5.14,5.715,3.771,6.156,11.418,0.37,2.916,0.975,0.569,0.008,1.772,0.054,0.306,1.273,1.302,2.086,1.579,0.677,0.402,0.739,0.702,1.235,0.344,0.104,-0.207,0.483,0.672,-0.041,0.921,1.546,1.4,0.529,1.25,2.182,0.108,0.004,-8.563,0.531,2.33,0.094,0.014,-8.721,0.17,3.032,0.023,0.008,-59.494,0.398,3.139,0.056,0.006,-185.068,0.54,3.163,0.041,0.004,-129.349,0.818,3.334,0.027,0.007,-83.116,0.451,3.396,0.01,0.009,-41.638,0.391,4.074,0.02,0.007,-93.138,0.583,4.227,0.02,0.005,-212.908,0.806,4.301,0.011,0.006,-183.374,0.679,4.393,0.017,0.006,-99.434,0.739,4.743,0.017,0.01,-64.545,0.497,5.077,0.027,0.008,-74.757,0.611,5.209,0.022,0.006,-94.511,0.945,5.54,0.009,0.005,-110.769,1.188,6.009,0.033,0.006,-133.786,1.021,6.086,0.014,0.005,-171.621,1.215,6.267,0.021,0.006,-136.572,1.084,6.649,0.005,0.007,-59.262,0.934,6.964,0.002,0.005,-45.434,1.326,7.175,0.025,0.007,-84.504,1.008,8.319,0.004,0.008,-19.976,1.051,8.406,0.005
18,4282,44933250_1450,6/18/2022 12:05,25.9,2,,TRUE,,UN,(None),Not Done,Not Done,(None),Not Done,Pass,(None),Not Done,(None),300_FW,,,0,0,FALSE,Pass,0,0,,2.181,2.317,3.006,3.121,3.155,3.318,3.392,4.07,4.202,4.281,4.358,4.728,5.064,5.197,5.528,5.995,6.052,6.252,6.629,6.923,7.171,8.316,8.387,5.111,5.699,3.754,6.141,11.35,0.299,1.457,-1.274,-1.143,-0.593,0.107,-0.234,0.112,-0.189,0.099,0.074,0.551,-0.005,-0.193,0.067,-0.024,-0.524,-0.296,-0.607,-1.619,0.271,0.534,-0.639,-0.608,0.052,-0.353,-0.132,-0.622,2.181,0.099,0.007,-10.291,0.306,2.317,0.101,0.012,-15.379,0.198,3.006,0.031,0.006,-132.898,0.472,3.121,0.044,0.006,-167.117,0.53,3.155,0.041,0.006,-126.685,0.522,3.318,0.024,0.007,-85.431,0.459,3.392,0.012,0.006,-72.054,0.555,4.07,0.014,0.008,-76.696,0.535,4.202,0.012,0.006,-159.934,0.756,4.281,0.025,0.006,-127.63,0.709,4.358,0.023,0.006,-125.943,0.75,4.728,0.018,0.007,-93.848,0.674,5.064,0.033,0.008,-85.001,0.628,5.197,0.02,0.008,-69.246,0.692,5.528,0.013,0.005,-134.517,1.047,5.995,0.022,0.005,-196.233,1.157,6.052,0.027,0.006,-113.874,1.011,6.252,0.018,0.005,-138.862,1.137,6.629,0.004,0.008,-39.538,0.811,6.923,0.004,0.005,-79.642,1.387,7.171,0.022,0.008,-58.001,0.845,8.316,0.035,0.01,-59.016,0.859,8.387,0.05
19,4291,44877059_1450,5/23/2022 18:40,25.4,2,QPLog 10-1631 (16) rev11,TRUE,,UN,(None),Not Done,Not Done,(None),Not Done,Pass,(None),Not Done,(None),300_FW,,,0,0,FALSE,Pass,0,0,,2.17,2.297,3.006,3.124,3.143,3.311,3.38,4.049,4.199,4.257,4.335,4.699,5.044,5.177,5.504,5.983,6.041,6.236,6.618,6.937,7.141,8.275,8.374,5.116,5.69,3.746,6.124,11.318,-0.424,-0.661,-1.327,-0.836,-1.5,-0.614,-0.951,-1.028,-0.387,-1.356,-1.264,-1.506,-1.131,-1.168,-1.37,-0.609,-1.058,-1.008,-1.011,-1.132,-1.192,-1.227,-1.056,-0.344,-0.852,-1.225,-0.916,-1.5,2.17,0.037,0.008,-29.089,0.269,2.297,0.042,0.008,-49.076,0.291,3.006,0.011,0.006,-67.403,0.513,3.124,0.019,0.005,-93.917,0.583,3.143,0.001,0.002,-110.881,1.418,3.311,0.007,0.008,-42.516,0.4,3.38,0.005,0.008,-39.897,0.431,4.049,0.005,0.007,-66.664,0.607,4.199,0.004,0.004,-86.066,0.998,4.257,0.007,0.007,-58.313,0.637,4.335,0.131,0.006,-316.693,0.697,4.699,0.006,0.009,-38.66,0.552,5.044,0.009,0.009,-33.455,0.545,5.177,0.002,0.007,-45.227,0.757,5.504,0.07,0.005,-86.067,1.042,5.983,0.007,0.006,-75.114,1.039,6.041,0.004,0.005,-78.424,1.214,6.236,0.015,0.002,-1119.867,3.077,6.618,0.004,0.007,-33.071,0.991,6.937,0.003,0.005,-43.867,1.374,7.141,0.008,0.008,-35.598,0.951,8.275,0.013,0.009,-23.477,0.925,8.374,0.033
20,4292,44955031_1450,6/25/2022 12:23,27.3,2,,TRUE,,UN,(None),Not Done,Not Done,(None),Not Done,Pass,(None),Not Done,(None),300_FW,,,0,0,FALSE,Pass,0,0,,2.157,2.301,3.023,3.124,3.158,3.319,3.373,4.04,4.202,4.258,4.348,4.7,5.044,5.18,5.507,5.975,6.057,6.238,6.626,6.952,7.142,8.275,8.382,5.114,5.694,3.752,6.131,11.342,-1.359,-0.178,0.148,-0.834,-0.39,0.21,-1.33,-1.48,-0.188,-1.295,-0.484,-1.439,-1.108,-1.034,-1.178,-0.998,-0.248,-0.885,-0.742,-0.619,-1.148,-1.209,-0.816,-0.441,-0.447,-0.594,-0.589,-0.847,2.157,0.077,0.015,-28.603,0.148,2.301,0.122,0.011,-33.653,0.215,3.023,0.02,0.006,-115.917,0.503,3.124,0.055,0.006,-99.621,0.501,3.158,0.008,0.004,-145.904,0.867,3.319,0.021,0.007,-101.383,0.504,3.373,0.011,0.006,-83.506,0.569,4.04,0.011,0.009,-83.747,0.468,4.202,0.012,0.007,-108.377,0.565,4.258,0.015,0.007,-103.139,0.635,4.348,0.208,0.008,-93.693,0.576,4.7,0.017,0.007,-94.593,0.639,5.044,0.029,0.008,-73.724,0.664,5.18,0.016,0.007,-98.657,0.794,5.507,0.086,0.005,-169.835,1.025,5.975,0.016,0.006,-188.734,0.992,6.057,0.012,0.005,-155.985,1.118,6.238,0.02,0.005,-190.547,1.157,6.626,0.004,0.008,-25.332,0.788,6.952,0.005,0.005,-69.721,1.476,7.142,0.02,0.008,-66.588,0.941,8.275,0.006,0.009,-40.61,0.929,8.382,0.023
21,4310,44935434_1450,6/15/2022 15:35,26.1,2,,TRUE,,UN,(None),Not Done,Not Done,(None),Not Done,Pass,(None),Not Done,(None),200_LA (old),,,0,0,FALSE,Pass,0,0,,2.129,2.303,3.018,3.125,3.153,3.301,3.373,4.036,4.18,4.248,4.33,4.695,5.037,5.162,5.5,5.974,6.029,6.229,6.609,6.953,7.141,8.276,8.373,5.087,5.682,3.747,6.112,11.317,-3.304,0.049,-0.289,-0.747,-0.783,-1.713,-1.33,-1.667,-1.541,-1.871,-1.553,-1.813,-1.499,-1.916,-1.573,-1.043,-1.711,-1.309,-1.36,-0.565,-1.192,-1.17,-1.093,-1.894,-1.536,-1.127,-1.485,-1.545,2.129,0.069,0.004,-2.761,0.474,2.303,0.114,0.011,-15.623,0.207,3.018,0.039,0.008,-78.013,0.38,3.125,0.108,0.006,-125.847,0.483,3.153,0.035,0.003,-236.177,0.974,3.301,0.035,0.009,-63.152,0.348,3.373,0.024,0.007,-79.776,0.503,4.036,0.022,0.007,-105.106,0.579,4.18,0.021,0.006,-194.271,0.71,4.248,0.053,0.007,-127.749,0.59,4.33,0.051,0.006,-102.416,0.701,4.695,0.039,0.007,-119.405,0.697,5.037,0.069,0.008,-73.249,0.662,5.162,0.046,0.007,-83.977,0.781,5.5,0.026,0.005,-188.845,1.027,5.974,0.051,0.005,-203.904,1.307,6.029,0.058,0.006,-130.33,0.983,6.229,0.044,0.005,-190.919,1.195,6.609,0.007,0.009,-41.309,0.762,6.953,0.014,0.008,-86.023,0.827,7.141,0.056,0.008,-64.08,0.875,8.276,0.016,0.009,-41.761,0.949,8.373,0.175
22,4315,44940466_1450,6/17/2022 15:56,25.5,2,,TRUE,,UN,(None),Not Done,Not Done,(None),Not Done,Pass,(None),Not Done,(None),200_LA (old),,,0,0,FALSE,Pass,0,0,,2.178,2.311,3.019,3.13,3.141,3.314,3.378,4.043,4.195,4.258,4.34,4.704,5.051,5.177,5.514,5.977,6.048,6.238,6.622,6.938,7.157,8.292,8.385,5.107,5.69,3.752,6.128,11.347,0.104,0.821,-0.157,-0.331,-1.631,-0.339,-1.049,-1.3,-0.607,-1.255,-0.985,-1.13,-0.711,-1.161,-0.768,-0.878,-0.735,-0.885,-0.876,-1.096,-0.428,-0.463,-0.712,-0.823,-0.79,-0.594,-0.724,-0.718,2.178,0.113,0.006,-16.376,0.376,2.311,0.121,0.013,-18.817,0.173,3.019,0.039,0.008,-84.871,0.395,3.13,0.105,0.006,-177.04,0.535,3.141,0.076,0.002,-318.005,1.507,3.314,0.042,0.007,-110.255,0.487,3.378,0.025,0.007,-71.311,0.468,4.043,0.023,0.006,-82.239,0.699,4.195,0.025,0.006,-160.773,0.724,4.258,0.041,0.007,-160.898,0.602,4.34,0.075,0.005,-137.953,0.794,4.704,0.04,0.007,-111.892,0.687,5.051,0.074,0.009,-56.459,0.574,5.177,0.048,0.007,-89.393,0.772,5.514,0.031,0.005,-203.292,1.13,5.977,0.032,0.006,-217.002,1.048,6.048,0.052,0.006,-146.895,1.082,6.238,0.045,0.005,-174.023,1.181,6.622,0.007,0.007,-48.65,0.928,6.938,0.005,0.006,-47.06,1.253,7.157,0.054,0.008,-63.932,0.859,8.292,0.167,0.009,-60.667,0.913,8.385,0.155
23,5394,44945716_1450,6/24/2022 16:29,26.9,2,,TRUE,,GD,No Defect,Pass,Pass,Green,Pass,Pass,Green,Pass,(None),200_LA (old),none,,2,2014,TRUE,Pass,0,0,,2.19,2.309,3.023,3.138,3.159,3.322,3.393,4.068,4.214,4.273,4.349,4.714,5.063,5.198,5.525,6,6.061,6.253,6.643,6.959,7.159,8.297,8.415,5.126,5.703,3.76,6.146,11.366,0.94,0.685,0.131,0.473,-0.338,0.52,-0.155,-0.013,0.516,-0.386,-0.484,-0.456,-0.083,-0.119,-0.115,0.253,-0.033,-0.254,-0.117,-0.377,-0.295,-0.273,0.258,0.183,0.47,0.245,0.085,-0.194,2.19,0.116,0.007,-33.3,0.3,2.309,0.126,0.014,-22.645,0.163,3.023,0.039,0.007,-95.534,0.456,3.138,0.085,0.005,-191.869,0.579,3.159,0.04,0.006,-113.275,0.556,3.322,0.037,0.006,-108.5,0.55,3.393,0.02,0.008,-68.669,0.419,4.068,0.022,0.005,-124.571,0.757,4.214,0.021,0.007,-216.26,0.623,4.273,0.037,0.006,-151.409,0.708,4.349,0.068,0.006,-134.79,0.705,4.714,0.032,0.007,-118.566,0.717,5.063,0.065,0.009,-61.422,0.56,5.198,0.036,0.003,-148.19,2.046,5.525,0.021,0.005,-202.216,1.119,6,0.054,0.006,-138.714,0.935,6.061,0.031,0.004,-141.979,1.382,6.253,0.033,0.005,-173.186,1.196,6.643,0.007,0.008,-45.114,0.847,6.959,0.004,0.005,-38.492,1.471,7.159,0.047,0.009,-58.233,0.81,8.297,0.02,0.009,-47.867,0.924,8.415,0.132
24,5482,44860019_1450,5/24/2022 11:40,24.8,2,QPLog 10-1631 (16) rev11,TRUE,,UN,(None),Not Done,Not Done,(None),Not Done,Pass,(None),Not Done,(None),300_FW,,,0,0,FALSE,Pass,0,0,,2.183,2.305,2.995,3.116,3.154,3.319,3.391,4.065,4.207,4.28,4.362,4.719,5.059,5.196,5.514,5.99,6.068,6.247,6.605,6.931,7.157,8.286,8.359,5.119,5.699,3.739,6.13,11.348,0.449,0.215,-2.315,-1.598,-0.715,0.21,-0.295,-0.184,0.091,0.079,0.267,-0.117,-0.299,-0.221,-0.8,-0.239,0.309,-0.495,-1.507,-1.349,-0.428,-0.724,-1.553,-0.179,0.1,-1.878,-0.671,-0.693,2.183,0.04,0.014,-14.405,0.16,2.305,0.051,0.009,-37.119,0.256,2.995,0.013,0.007,-44.558,0.417,3.116,0.014,0.005,-97.235,0.579,3.154,0.015,0.007,-47.209,0.438,3.319,0.009,0.007,-52.518,0.502,3.391,0.005,0.013,-21.311,0.256,4.065,0.006,0.007,-49.12,0.572,4.207,0.006,0.006,-78.311,0.691,4.28,0.006,0.006,-74.907,0.713,4.362,0.141,0.009,-305.419,0.48,4.719,0.006,0.008,-39.752,0.61,5.059,0.01,0.009,-34.024,0.571,5.196,0.001,0.007,-24.156,0.715,5.514,0.076,0.006,-77.686,0.986,5.99,0.009,0.006,-66.401,0.989,6.068,0.006,0.002,-205.126,2.766,6.247,0.007,0.006,-70.13,1.064,6.605,0.004,0.008,-27.326,0.811,6.931,0.002,0.005,-26.117,1.478,7.157,0.009,0.007,-37.683,0.958,8.286,0.007,0.011,-12.077,0.741,8.359,0.019
25,5482,44860019_1450,5/23/2022 16:23,25.4,2,QPLog 10-1631 (16) rev10,TRUE,,UN,(None),Not Done,Not Done,(None),Not Done,Pass,(None),Not Done,(None),300_FW,,,0,0,FALSE,Pass,0,0,,2.19,2.308,2.997,3.116,3.154,3.32,3.392,4.065,4.207,4.28,4.362,4.718,5.059,5.197,5.514,5.99,6.068,6.247,6.604,6.93,7.157,8.284,8.358,5.119,5.7,3.743,6.13,11.349,0.955,0.57,-2.097,-1.585,-0.692,0.314,-0.214,-0.164,0.11,0.067,0.267,-0.145,-0.275,-0.15,-0.784,-0.224,0.309,-0.509,-1.52,-1.376,-0.411,-0.802,-1.569,-0.179,0.141,-1.537,-0.671,-0.668,2.19,0.044,0.01,-12.551,0.223,2.308,0.048,0.009,-22.478,0.245,2.997,0.016,0.006,-59.479,0.512,3.116,0.014,0.006,-91.327,0.55,3.154,0.017,0.007,-38.964,0.432,3.32,0.009,0.006,-50.631,0.54,3.392,0.006,0.008,-25.844,0.441,4.065,0.006,0.007,-51.441,0.605,4.207,0.007,0.005,-117.05,0.776,4.28,0.014,0.002,-1239.963,2.216,4.362,0.146,0.012,-284.958,0.36,4.718,0.007,0.008,-53.167,0.587,5.059,0.012,0.008,-42.816,0.672,5.197,0.001,0.006,-33.773,0.831,5.514,0.084,0.005,-84.299,1.05,5.99,0.01,0.006,-76.139,1.078,6.068,0.015,0.004,-189.11,1.404,6.247,0.02,0.004,-212.679,1.648,6.604,0.004,0.008,-29.57,0.859,6.93,0.002,0.005,-26.321,1.531,7.157,0.01,0.008,-32.055,0.869,8.284,0.007,0.012,-11.479,0.714,8.358,0.047
26,5482,44860019_1450,5/24/2022 19:04,25.2,2,QPLog 10-1631 (16) rev11,TRUE,,UN,(None),Not Done,Not Done,(None),Not Done,Pass,(None),Not Done,(None),300_FW,,,0,0,FALSE,Pass,0,0,,2.19,2.313,2.995,3.115,3.153,3.32,3.392,4.065,4.207,4.28,4.361,4.717,5.057,5.195,5.514,5.99,6.067,6.247,6.605,6.93,7.155,8.287,8.358,5.118,5.701,3.742,6.134,11.345,0.938,1.033,-2.245,-1.627,-0.735,0.245,-0.214,-0.167,0.07,0.058,0.228,-0.215,-0.381,-0.246,-0.794,-0.224,0.262,-0.492,-1.507,-1.376,-0.512,-0.677,-1.558,-0.231,0.237,-1.626,-0.487,-0.766,2.19,0.094,0.005,-15.81,0.436,2.313,0.092,0.007,-23.921,0.325,2.995,0.027,0.008,-115.772,0.395,3.115,0.041,0.005,-192.74,0.574,3.153,0.036,0.006,-107.952,0.507,3.32,0.021,0.006,-107.266,0.567,3.392,0.01,0.009,-48.944,0.381,4.065,0.013,0.006,-97.271,0.626,4.207,0.015,0.005,-197.449,0.777,4.28,0.015,0.007,-124.53,0.637,4.361,0.022,0.006,-116.028,0.673,4.717,0.018,0.007,-98.275,0.692,5.057,0.03,0.008,-75.599,0.666,5.195,0.016,0.007,-68.808,0.744,5.514,0.012,0.005,-150.368,1.132,5.99,0.027,0.006,-151.391,1.034,6.067,0.016,0.006,-138.588,1.057,6.247,0.018,0.005,-167.519,1.168,6.605,0.004,0.008,-41.046,0.855,6.93,0.003,0.004,-41.73,1.658,7.155,0.021,0.008,-61.912,0.88,8.287,0.004,0.008,-24.453,0.985,8.358,0.047
27,6149,44922381_1450,6/11/2022 14:35,24.6,2,QPLog 10-1631 (16) rev8,TRUE,,GD,No Defect,Pass,Pass,Green,Pass,Pass,Green,Pass,(None),200_LA (old),none,,4,2015,TRUE,Pass,0,0,,2.188,2.313,3.027,3.139,3.157,3.311,3.395,4.059,4.187,4.274,4.356,4.713,5.058,5.196,5.52,5.987,6.058,6.261,6.65,6.989,7.169,8.311,8.421,5.104,5.696,3.76,6.133,11.373,0.808,1.11,0.525,0.53,-0.449,-0.648,-0.044,-0.48,-1.101,-0.306,-0.08,-0.539,-0.345,-0.229,-0.434,-0.414,-0.201,0.124,0.14,0.671,0.17,0.35,0.436,-0.999,-0.27,0.327,-0.498,0.012,2.188,0.134,0.005,-25.224,0.435,2.313,0.149,0.014,-36.992,0.17,3.027,0.034,0.007,-73.085,0.446,3.139,0.095,0.006,-175.332,0.541,3.157,0.051,0.002,-243.953,1.428,3.311,0.046,0.006,-105.533,0.539,3.395,0.022,0.008,-66.131,0.431,4.059,0.025,0.006,-123.194,0.72,4.187,0.023,0.006,-199.686,0.719,4.274,0.038,0.007,-128.078,0.584,4.356,0.053,0.006,-120.558,0.767,4.713,0.037,0.008,-86.212,0.62,5.058,0.072,0.007,-87.267,0.681,5.196,0.047,0.006,-102.239,0.856,5.52,0.018,0.006,-165.546,0.972,5.987,0.045,0.004,-241.208,1.58,6.058,0.062,0.006,-135.349,1.069,6.261,0.046,0.005,-175.655,1.187,6.65,0.007,0.007,-44.886,0.948,6.989,0.007,0.008,-48.834,0.846,7.169,0.044,0.008,-84.195,0.942,8.311,0.147,0.011,-37.485,0.788,8.421,0.143
28,6230,44944458_355,6/18/2022 11:18,25.8,2,,TRUE,,UN,(None),Not Done,Not Done,(None),Not Done,Pass,(None),Not Done,(None),300_FW,,,0,0,FALSE,Pass,0,0,,2.181,2.313,3.037,3.138,3.156,3.348,3.39,4.07,4.253,4.295,4.39,4.73,5.095,5.229,5.552,6.015,6.123,6.256,6.656,7.041,7.204,8.34,8.412,5.172,5.706,3.775,6.177,11.453,0.343,1.049,1.428,0.396,-0.55,3.215,-0.331,0.109,2.852,0.938,1.932,0.657,1.709,1.412,1.423,0.997,3.145,-0.131,0.373,2.491,1.95,1.56,0.163,2.609,0.694,1.902,1.502,2.2,2.181,0.053,0.003,-27.844,0.662,2.313,0.133,0.009,-82.715,0.261,3.037,0.013,0.01,-54.402,0.316,3.138,0.061,0.005,-164.104,0.582,3.156,0.009,0.003,-102.887,0.99,3.348,0.021,0.006,-152.346,0.56,3.39,0.01,0.01,-61.682,0.354,4.07,0.011,0.009,-61.565,0.445,4.253,0.013,0.006,-171.653,0.726,4.295,0.014,0.006,-150.866,0.722,4.39,0.02,0.006,-109.306,0.687,4.73,0.011,0.006,-60.94,0.735,5.095,0.029,0.009,-58.514,0.552,5.229,0.011,0.004,-163.92,1.381,5.552,0.041,0.004,-26.726,1.571,6.015,0.006,0.004,-81.41,1.445,6.123,0.006,0.003,-150.566,2.089,6.256,0.018,0.005,-175.287,1.235,6.656,0.005,0.007,-59.974,0.971,7.041,0.004,0.007,-80.246,0.952,7.204,0.02,0.006,-102.634,1.112,8.34,0.003,0.009,-20.622,0.971,8.412,0.006
29,6407,44905238_1450,6/10/2022 16:55,26,2,QPLog 10-1631 (16) rev8,TRUE,,UN,(None),Not Done,Not Done,(None),Not Done,Pass,(None),Not Done,(None),300_FW,,,0,0,FALSE,Pass,0,0,,2.185,2.318,3.045,3.148,3.178,3.337,3.405,4.088,4.236,4.306,4.389,4.747,5.101,5.225,5.57,6.042,6.099,6.311,6.694,6.988,7.215,8.367,8.443,5.154,5.721,3.783,6.161,11.455,0.578,1.566,2.079,1.387,1.102,2.011,0.591,1.067,1.789,1.625,1.855,1.895,2.01,1.217,2.503,2.368,1.888,2.289,1.776,0.657,2.485,2.746,1.136,1.636,2.121,2.723,0.755,2.263,2.185,0.077,0.004,-42.821,0.539,2.318,0.124,0.009,-43.075,0.263,3.045,0.018,0.005,-88.578,0.559,3.148,0.071,0.005,-174.747,0.58,3.178,0.026,0.006,-144.473,0.571,3.337,0.023,0.007,-88.989,0.51,3.405,0.011,0.007,-61.5,0.493,4.088,0.014,0.006,-109.327,0.736,4.236,0.015,0.006,-208.621,0.707,4.306,0.016,0.005,-127.707,0.818,4.389,0.027,0.006,-116.434,0.698,4.747,0.016,0.006,-75.601,0.752,5.101,0.035,0.006,-101.405,0.81,5.225,0.019,0.005,-107.565,1.088,5.57,0.011,0.005,-147.006,1.152,6.042,0.031,0.006,-161.529,1.049,6.099,0.023,0.006,-131.874,0.984,6.311,0.018,0.005,-174.297,1.158,6.694,0.006,0.007,-52.993,1.019,6.988,0.003,0.005,-56.161,1.342,7.215,0.028,0.007,-88.428,1.035,8.367,0.004,0.01,-31.588,0.846,8.443,0.054
30,6407,44905238_1450,6/5/2022 14:40,25.7,2,QPLog 10-1631 (16) rev12,TRUE,,UN,(None),Not Done,Not Done,(None),Not Done,Pass,(None),Not Done,(None),300_FW,,,0,0,FALSE,Pass,0,0,,2.2,2.317,3.041,3.146,3.178,3.331,3.4,4.082,4.227,4.299,4.381,4.741,5.093,5.215,5.561,6.032,6.088,6.301,6.685,6.974,7.201,8.351,8.429,5.145,5.708,3.775,6.151,11.436,1.627,1.471,1.729,1.182,1.1,1.447,0.29,0.726,1.253,1.18,1.412,1.466,1.603,0.725,1.988,1.829,1.315,1.872,1.433,0.159,1.803,2.05,0.674,1.158,0.887,1.902,0.296,1.727,2.2,0.138,0.012,-23.363,0.186,2.317,0.103,0.022,-16.649,0.106,3.041,0.019,0.007,-68.865,0.426,3.146,0.074,0.006,-165.284,0.53,3.178,0.003,0.004,-144.583,0.721,3.331,0.025,0.007,-89.784,0.481,3.4,0.011,0.008,-45.178,0.424,4.082,0.015,0.005,-112.797,0.839,4.227,0.015,0.006,-158.38,0.68,4.299,0.016,0.007,-147.425,0.637,4.381,0.025,0.006,-101.35,0.721,4.741,0.016,0.006,-71.189,0.774,5.093,0.035,0.007,-76.587,0.698,5.215,0.02,0.005,-119.202,0.958,5.561,0.012,0.006,-99.218,0.989,6.032,0.029,0.006,-152.19,0.986,6.088,0.023,0.006,-146.755,1.034,6.301,0.016,0.005,-148.749,1.168,6.685,0.005,0.007,-51.901,0.938,6.974,0.002,0.005,-52.852,1.318,7.201,0.026,0.007,-77.336,0.974,8.351,0.004,0.013,-21.463,0.649,8.429,0.053
31,6529P,44914984_1450,6/3/2022 13:38,25.6,2,QPLog 10-1631 (16) rev10,TRUE,,GD,No Defect,Pass,Pass,Green,Pass,Pass,Green,Pass,(None),200_LA (old),none,,8,2015,TRUE,Pass,0,0,,2.191,2.321,3.04,3.152,3.175,3.344,3.407,4.09,4.252,4.306,4.386,4.742,5.104,5.236,5.562,6.048,6.115,6.281,6.679,7.011,7.2,8.345,8.446,5.175,5.714,3.782,6.185,11.455,0.979,1.922,1.622,1.765,0.841,2.768,0.693,1.175,2.793,1.605,1.681,1.507,2.174,1.775,2.027,2.657,2.719,0.971,1.224,1.428,1.724,1.771,1.235,2.742,1.478,2.614,1.842,2.27,2.191,0.127,0.009,-24.588,0.243,2.321,0.142,0.012,-36.725,0.191,3.04,0.024,0.003,-31.505,1.191,3.152,0.089,0.006,-178.774,0.531,3.175,0.035,0.002,-111.053,1.902,3.344,0.035,0.008,-100.161,0.415,3.407,0.02,0.009,-59.384,0.393,4.09,0.023,0.006,-89.734,0.727,4.252,0.02,0.007,-191.747,0.63,4.306,0.035,0.005,-155.533,0.807,4.386,0.051,0.007,-95.002,0.61,4.742,0.029,0.007,-109.114,0.649,5.104,0.067,0.005,-108.88,0.97,5.236,0.031,0.003,-143.174,1.536,5.562,0.019,0.005,-94.026,1.12,6.048,0.059,0.006,-101.805,1.01,6.115,0.02,0.005,-175.181,1.254,6.281,0.03,0.006,-139.601,1.055,6.679,0.007,0.006,-55.494,1.072,7.011,0.004,0.002,-10.612,4.352,7.2,0.043,0.008,-73.312,0.957,8.345,0.017,0.01,-32.003,0.856,8.446,0.134
32,8036,44890077_1450,5/22/2022 15:03,24.8,2,QPLog 10-1631 (16) rev10,TRUE,,UN,(None),Not Done,Not Done,(None),Not Done,Pass,(None),Not Done,(None),300_FW,,,0,0,FALSE,Pass,0,0,,2.199,2.307,3.023,3.14,3.172,3.315,3.412,4.084,4.204,4.284,4.355,4.723,5.076,5.214,5.538,6.013,6.074,6.273,6.659,6.967,7.179,8.314,8.424,5.126,5.71,3.757,6.166,11.398,1.553,0.479,0.184,0.632,0.673,-0.27,1.01,0.815,-0.068,0.321,-0.118,0.163,0.654,0.652,0.631,0.897,0.619,0.606,0.471,-0.078,0.709,0.446,0.536,0.183,1.08,-0.024,0.971,0.701,2.199,0.087,0.016,-40.107,0.135,2.307,0.103,0.009,-56.53,0.263,3.023,0.017,0.01,-68.419,0.29,3.14,0.044,0.006,-184.106,0.553,3.172,0.031,0.009,-73.178,0.357,3.315,0.026,0.006,-124.3,0.556,3.412,0.01,0.008,-58.614,0.41,4.084,0.013,0.006,-130.358,0.634,4.204,0.014,0.006,-202.943,0.727,4.284,0.017,0.006,-185.302,0.677,4.355,0.029,0.006,-126.408,0.729,4.723,0.02,0.007,-84.614,0.66,5.076,0.035,0.009,-69.211,0.587,5.214,0.017,0.008,-65.771,0.693,5.538,0.013,0.005,-166.845,1.108,6.013,0.028,0.006,-150.367,1.067,6.074,0.024,0.004,-129.835,1.357,6.273,0.015,0.006,-130.509,1.122,6.659,0.005,0.007,-51.314,0.902,6.967,0.005,0.005,-75.534,1.471,7.179,0.026,0.008,-67.577,0.889,8.314,0.005,0.011,-26.343,0.782,8.424,0.049
33,8036,44890077_1450,5/22/2022 16:34,25.2,2,QPLog 10-1631 (16) rev10,TRUE,,UN,(None),Not Done,Not Done,(None),Not Done,Pass,(None),Not Done,(None),300_FW,,,0,0,FALSE,Pass,0,0,,2.198,2.307,3.022,3.14,3.173,3.316,3.413,4.085,4.205,4.284,4.355,4.723,5.076,5.213,5.539,6.013,6.075,6.273,6.659,6.968,7.179,8.313,8.425,5.126,5.71,3.759,6.166,11.398,1.48,0.487,0.051,0.632,0.696,-0.133,1.05,0.866,-0.01,0.321,-0.137,0.163,0.626,0.613,0.674,0.917,0.653,0.606,0.496,-0.051,0.68,0.428,0.554,0.158,1.144,0.206,0.986,0.699,2.198,0.095,0.014,-45.159,0.161,2.307,0.116,0.009,-77.324,0.265,3.022,0.018,0.011,-43.745,0.285,3.14,0.046,0.005,-202.202,0.594,3.173,0.032,0.008,-82.948,0.396,3.316,0.026,0.006,-127.472,0.544,3.413,0.01,0.009,-48.876,0.365,4.085,0.013,0.006,-110.368,0.662,4.205,0.014,0.005,-206.302,0.774,4.284,0.018,0.006,-190.178,0.718,4.355,0.028,0.006,-119.632,0.711,4.723,0.019,0.008,-84.432,0.614,5.076,0.034,0.009,-60.838,0.576,5.213,0.017,0.006,-89.233,0.902,5.539,0.013,0.005,-164.541,1.089,6.013,0.029,0.005,-165.593,1.097,6.075,0.023,0.004,-132.49,1.35,6.273,0.015,0.006,-121.856,1.064,6.659,0.005,0.008,-50.775,0.86,6.968,0.005,0.005,-74.438,1.451,7.179,0.028,0.008,-75.776,0.953,8.313,0.004,0.011,-23.436,0.754,8.425,0.056
34,8036,44890077_1450,5/23/2022 11:00,24.5,2,QPLog 10-1631 (16) rev10,TRUE,,UN,(None),Not Done,Not Done,(None),Not Done,Pass,(None),Not Done,(None),300_FW,,,0,0,FALSE,Pass,0,0,,2.198,2.307,3.024,3.14,3.172,3.314,3.412,4.083,4.204,4.284,4.354,4.722,5.075,5.212,5.537,6.013,6.074,6.272,6.659,6.966,7.178,8.311,8.423,5.125,5.71,3.757,6.165,11.396,1.515,0.462,0.237,0.627,0.673,-0.305,1.01,0.779,-0.089,0.281,-0.195,0.092,0.576,0.551,0.556,0.882,0.619,0.591,0.471,-0.105,0.641,0.35,0.499,0.131,1.144,-0.054,0.94,0.644,2.198,0.082,0.009,-42.636,0.244,2.307,0.099,0.009,-48.87,0.244,3.024,0.018,0.01,-66.742,0.308,3.14,0.044,0.006,-182.412,0.548,3.172,0.031,0.008,-74.446,0.389,3.314,0.026,0.006,-128.725,0.578,3.412,0.009,0.009,-46.541,0.369,4.083,0.013,0.006,-119.012,0.68,4.204,0.014,0.006,-207.579,0.763,4.284,0.017,0.006,-188.829,0.732,4.354,0.028,0.006,-125.116,0.728,4.722,0.02,0.008,-89.396,0.619,5.075,0.035,0.008,-73.472,0.605,5.212,0.016,0.008,-65.415,0.66,5.537,0.012,0.006,-135.911,0.987,6.013,0.029,0.006,-138.492,0.989,6.074,0.025,0.004,-127.201,1.356,6.272,0.016,0.006,-140.17,1.122,6.659,0.005,0.007,-51.005,0.892,6.966,0.005,0.005,-75.806,1.464,7.178,0.027,0.008,-77.453,0.933,8.311,0.004,0.009,-30.658,0.961,8.423,0.051
35,9015,44922359_1450,6/11/2022 15:20,24.8,2,QPLog 10-1631 (16) rev8,TRUE,,GD,No Defect,Pass,Pass,Green,Pass,Pass,Green,Pass,(None),200_LA (old),none,,8,2018,TRUE,Pass,0,0,,2.192,2.321,3.031,3.155,3.185,3.324,3.426,4.1,4.222,4.314,4.38,4.744,5.108,5.239,5.572,6.044,6.093,6.293,6.697,6.986,7.206,8.352,8.475,5.148,5.717,3.78,6.187,11.447,1.1,1.915,0.834,1.953,1.591,0.726,1.829,1.681,0.973,2.13,1.309,1.692,2.431,1.912,2.624,2.445,1.591,1.495,1.874,0.563,2.023,2.096,2.142,1.316,1.8,2.336,1.974,2.041,2.192,0.095,0.006,-33.658,0.371,2.321,0.134,0.013,-29.336,0.18,3.031,0.017,0.003,-41.04,1.056,3.155,0.051,0.006,-151.68,0.516,3.185,0.031,0.005,-147.688,0.687,3.324,0.031,0.007,-97.461,0.487,3.426,0.024,0.013,-52.616,0.271,4.1,0.009,0.002,-104.184,1.949,4.222,0.015,0.005,-184.282,0.876,4.314,0.035,0.005,-133.442,0.795,4.38,0.067,0.003,-109.885,1.308,4.744,0.042,0.008,-109.076,0.598,5.108,0.087,0.007,-72.559,0.754,5.239,0.025,0.008,-88.106,0.618,5.572,0.031,0.004,-155.175,1.409,6.044,0.052,0.006,-138.37,0.995,6.093,0.062,0.007,-140.203,0.905,6.293,0.033,0.006,-111.328,1.042,6.697,0.007,0.007,-58.253,1.01,6.986,0.003,0.006,-38.511,1.269,7.206,0.036,0.007,-76.794,1,8.352,0.012,0.01,-37.451,0.827,8.475,0.141
36,9065,000_000,6/22/2022 9:57,27.2,2,,TRUE,,UN,(None),Not Done,Not Done,(None),Not Done,Pass,(None),Not Done,(None),300_FW,,,0,0,FALSE,Pass,0,0,,2.194,2.308,3.022,3.139,3.18,3.322,3.421,4.104,4.215,4.307,4.386,4.747,5.097,5.234,5.551,6.026,6.091,6.283,6.666,6.965,7.199,8.346,8.427,5.142,5.711,3.761,6.177,11.441,1.228,0.553,0.042,0.541,1.274,0.52,1.547,1.894,0.558,1.706,1.701,1.887,1.826,1.687,1.4,1.569,1.457,1.044,0.728,-0.14,1.687,1.842,0.634,1.024,1.208,0.356,1.474,1.872,2.194,0.082,0.007,-70.573,0.323,2.308,0.101,0.008,-102.705,0.281,3.022,0.018,0.006,-105.77,0.487,3.139,0.029,0.006,-179.842,0.541,3.18,0.026,0.007,-76.881,0.426,3.322,0.02,0.006,-113.019,0.563,3.421,0.007,0.01,-37.822,0.358,4.104,0.012,0.008,-83.392,0.541,4.215,0.011,0.005,-185.735,0.822,4.307,0.008,0.006,-142.537,0.782,4.386,0.017,0.006,-118.539,0.69,4.747,0.016,0.007,-91.356,0.68,5.097,0.027,0.008,-73.19,0.613,5.234,0.015,0.005,-98.328,0.957,5.551,0.006,0.006,-79.364,0.987,6.026,0.024,0.005,-173.451,1.138,6.091,0.021,0.006,-140.722,1.08,6.283,0.014,0.005,-137.041,1.193,6.666,0.005,0.006,-68.62,1.045,6.965,0.002,0.004,-14.392,1.865,7.199,0.02,0.007,-78.356,1.004,8.346,0.03,0.012,-41.707,0.702,8.427,0.04
37,B0276,44907132_1450,6/5/2022 9:43,26.1,2,QPLog 10-1631 (16) rev12,TRUE,,UN,(None),Not Done,Not Done,(None),Not Done,Pass,(None),Not Done,(None),300_FW,,,0,0,FALSE,Pass,0,0,,2.201,2.308,3.024,3.148,3.192,3.316,3.431,4.107,4.21,4.298,4.346,4.733,5.072,5.24,5.536,5.998,6.075,6.289,6.695,7.008,7.161,8.302,8.457,5.127,5.704,3.761,6.18,11.397,1.673,0.57,0.236,1.378,2.113,-0.099,2.111,2.031,0.288,1.14,-0.657,0.867,0.443,1.961,0.504,0.131,0.641,1.337,1.813,1.32,-0.197,-0.059,1.571,0.216,0.565,0.439,1.628,0.673,2.201,0.067,0.016,-58.315,0.138,2.308,0.066,0.009,-90.168,0.257,3.024,0.014,0.009,-45.575,0.344,3.148,0.028,0.005,-190.646,0.582,3.192,0.022,0.006,-122.151,0.551,3.316,0.017,0.006,-118.462,0.574,3.431,0.006,0.011,-47.157,0.312,4.107,0.007,0.008,-64.096,0.517,4.21,0.011,0.005,-203.576,0.787,4.298,0.015,0.006,-140.035,0.732,4.346,0.028,0.007,-106.2,0.664,4.733,0.01,0.004,-103.08,1.223,5.072,0.025,0.009,-66.582,0.568,5.24,0.011,0.006,-74.695,0.913,5.536,0.062,0.006,-133.663,0.95,5.998,0.021,0.006,-138.337,1.007,6.075,0.007,0.004,-198.588,1.36,6.289,0.008,0.005,-128.336,1.154,6.695,0.004,0.008,-29.857,0.806,7.008,0.003,0.009,-36.829,0.755,7.161,0.155,0.008,-63.395,0.848,8.302,0.042,0.009,-31.541,0.924,8.457,0.023
38,D0088,44933374_1450,6/18/2022 12:17,25.9,2,,TRUE,,UN,(None),Not Done,Not Done,(None),Not Done,Pass,(None),Not Done,(None),300_FW,,,0,0,FALSE,Pass,0,0,,2.193,2.305,3.035,3.149,3.18,3.312,3.416,4.085,4.2,4.281,4.349,4.718,5.06,5.218,5.525,5.993,6.066,6.28,6.686,7.013,7.153,8.287,8.456,5.117,5.688,3.764,6.166,11.374,1.138,0.231,1.265,1.425,1.233,-0.511,1.23,0.882,-0.328,0.099,-0.445,-0.202,-0.252,0.867,-0.157,-0.109,0.212,0.941,1.482,1.506,-0.608,-0.705,1.554,-0.269,-0.961,0.678,0.971,0.034,2.193,0.089,0.006,-67.489,0.367,2.305,0.095,0.012,-40.013,0.185,3.035,0.017,0.008,-74.879,0.398,3.149,0.05,0.006,-167.253,0.543,3.18,0.027,0.005,-150.789,0.679,3.312,0.023,0.008,-70.746,0.436,3.416,0.008,0.009,-54.536,0.376,4.085,0.011,0.007,-75.311,0.545,4.2,0.013,0.006,-173.248,0.746,4.281,0.015,0.006,-132.6,0.754,4.349,0.027,0.007,-107.908,0.637,4.718,0.022,0.007,-102.233,0.659,5.06,0.031,0.009,-67.867,0.559,5.218,0.019,0.007,-88.573,0.708,5.525,0.012,0.005,-141.793,1.097,5.993,0.031,0.006,-120.026,0.971,6.066,0.011,0.004,-196.232,1.628,6.28,0.014,0.006,-121.163,1.111,6.686,0.004,0.008,-37.624,0.88,7.013,0.004,0.009,-42.312,0.765,7.153,0.022,0.008,-73.112,0.904,8.287,0.007,0.009,-42.087,0.953,8.456,0.003
39,4102P,44927313_1450,7/18/2022 10:32,24.6,2,,TRUE,,GD,No Defect,Not Done,Pass,Green,Not Done,Pass,Green,Pass,(None),100_LVL (old),none,,11,2001,TRUE,Pass,0,0,,2.181,2.297,3.035,3.139,3.172,3.312,3.396,4.069,4.196,4.278,4.364,4.733,5.06,5.189,5.532,5.988,6.046,6.257,6.641,6.967,7.156,8.296,8.403,5.105,5.7,3.764,6.14,11.368,0.314,-0.582,1.211,0.541,0.62,-0.511,0.013,0.023,-0.546,-0.043,0.401,0.894,-0.248,-0.55,0.263,-0.359,-0.801,-0.057,-0.166,-0.083,-0.476,-0.291,-0.137,-0.901,0.155,0.743,-0.195,-0.127,2.181,0.065,0.01,-61.385,0.229,2.297,0.051,0.008,-97.855,0.274,3.035,0.02,0.008,-62.83,0.385,3.139,0.041,0.007,-115.709,0.464,3.172,0.017,0.002,-223.329,1.338,3.312,0.017,0.007,-89.495,0.508,3.396,0.008,0.007,-57.842,0.507,4.069,0.013,0.008,-73.078,0.527,4.196,0.009,0.006,-167.194,0.685,4.278,0.013,0.007,-81.633,0.596,4.364,0.011,0.006,-76.613,0.687,4.733,0.01,0.008,-50.984,0.603,5.06,0.023,0.01,-52.806,0.53,5.189,0.014,0.007,-65.45,0.745,5.532,0.073,0.005,-153.76,1.193,5.988,0.009,0.005,-83.544,1.218,6.046,0.008,0.004,-62.232,1.372,6.257,0.007,0.006,-72.455,1.004,6.641,0.034,0.007,-116.921,1.01,6.967,0.002,0.002,-23.791,2.868,7.156,0.077,0.01,-35.865,0.698,8.296,0.013,0.009,-26.635,0.903,8.403,0.014
40,4102P,44927313_1450,7/18/2022 10:09,24.6,2,,TRUE,,GD,No Defect,Not Done,Pass,Green,Not Done,Pass,Green,Pass,(None),100_LVL (old),none,,11,2001,TRUE,Pass,0,0,,2.18,2.295,3.021,3.128,3.162,3.31,3.393,4.07,4.194,4.276,4.345,4.725,5.061,5.191,5.526,5.989,6.051,6.248,6.635,6.967,7.168,8.309,8.391,5.119,5.697,3.752,6.142,11.377,0.217,-0.859,-0.027,-0.504,-0.074,-0.751,-0.173,0.092,-0.685,-0.204,-0.676,0.318,-0.147,-0.473,-0.086,-0.304,-0.579,-0.467,-0.411,-0.097,0.152,0.253,-0.516,-0.183,-0.153,-0.585,-0.11,0.111,2.18,0.063,0.012,-61.605,0.177,2.295,0.05,0.011,-102.862,0.214,3.021,0.016,0.011,-45.62,0.278,3.128,0.034,0.006,-142.751,0.508,3.162,0.028,0.007,-72.446,0.426,3.31,0.017,0.007,-98.81,0.468,3.393,0.008,0.008,-53.272,0.443,4.07,0.012,0.008,-56.643,0.481,4.194,0.009,0.006,-149.381,0.715,4.276,0.013,0.007,-76.088,0.634,4.345,0.014,0.007,-73.441,0.663,4.725,0.009,0.008,-59.833,0.573,5.061,0.022,0.01,-52.844,0.511,5.191,0.013,0.007,-52.019,0.697,5.526,0.004,0.003,-98.385,2.077,5.989,0.008,0.006,-88.817,0.94,6.051,0.008,0.003,-46.205,2.128,6.248,0.006,0.01,-51.284,0.617,6.635,0.004,0.007,-55.124,0.913,6.967,0.027,0.008,-66.391,0.835,7.168,0.07,0.011,-29.463,0.626,8.309,0.014,0.007,-65.514,1.142,8.391,0.013
41,4730,44963354_1450,6/30/2022 14:14,26.5,2,,TRUE,,GD,No Defect,Pass,Pass,Green,Not Done,Pass,Green,Pass,(None),200_LA (old),none,,11,2012,TRUE,Pass,0,0,,2.181,2.313,3.023,3.132,3.159,3.322,3.391,4.065,4.212,4.277,4.357,4.722,5.07,5.196,5.528,5.999,6.062,6.247,6.637,6.95,7.17,8.311,8.402,5.125,5.699,3.758,6.145,11.368,0.293,1.067,0.131,-0.14,-0.281,0.485,-0.293,-0.187,0.399,-0.143,-0.022,0.079,0.333,-0.205,0.019,0.2,-0.012,-0.523,-0.337,-0.661,0.219,0.329,-0.184,0.117,0.011,0.059,0.043,-0.124,2.181,0.13,0.011,-34.891,0.196,2.313,0.132,0.013,-25.715,0.181,3.023,0.038,0.007,-100.669,0.447,3.132,0.086,0.005,-190.692,0.59,3.159,0.042,0.003,-184.544,1.185,3.322,0.032,0.009,-71.788,0.374,3.391,0.024,0.008,-62.738,0.402,4.065,0.022,0.005,-131.634,0.765,4.212,0.02,0.008,-132.184,0.56,4.277,0.038,0.007,-129.314,0.643,4.357,0.062,0.006,-118.056,0.752,4.722,0.032,0.008,-77.381,0.623,5.07,0.068,0.009,-56.401,0.565,5.196,0.045,0.006,-112.566,0.924,5.528,0.026,0.005,-188.348,1.119,5.999,0.03,0.006,-203.889,0.934,6.062,0.046,0.006,-167.11,1.097,6.247,0.039,0.005,-169.888,1.171,6.637,0.006,0.01,-33.683,0.687,6.95,0.004,0.003,-10.682,2.341,7.17,0.047,0.009,-55.91,0.826,8.311,0.138,0.01,-49.118,0.821,8.402,0.168
42,6144,44969859_1450,7/6/2022 16:18,25.4,2,,TRUE,,GD,No Defect,Pass,Pass,Green,Not Done,Pass,Green,Pass,(None),200_LA (old),none,,4,2015,TRUE,Pass,0,0,,2.192,2.314,3.026,3.141,3.165,3.311,3.398,4.064,4.19,4.269,4.341,4.715,5.062,5.196,5.524,5.986,6.049,6.256,6.644,6.986,7.17,8.312,8.421,5.116,5.697,3.763,6.138,11.359,1.069,1.186,0.473,0.683,0.166,-0.614,0.135,-0.22,-0.905,-0.629,-0.927,-0.413,-0.136,-0.229,-0.174,-0.434,-0.658,-0.129,-0.056,0.583,0.218,0.392,0.441,-0.36,-0.146,0.58,-0.279,-0.37,2.192,0.167,0.004,-57.857,0.584,2.314,0.221,0.012,-43.855,0.2,3.026,0.042,0.008,-76.382,0.396,3.141,0.112,0.005,-211.396,0.587,3.165,0.061,0.004,-188.44,0.791,3.311,0.046,0.006,-110.072,0.539,3.398,0.026,0.007,-92.568,0.511,4.064,0.027,0.005,-125.861,0.808,4.19,0.023,0.006,-168.937,0.666,4.269,0.034,0.005,-165.423,0.78,4.341,0.066,0.006,-101.442,0.761,4.715,0.037,0.007,-109.341,0.646,5.062,0.082,0.008,-67.741,0.602,5.196,0.053,0.005,-121.324,1.034,5.524,0.025,0.006,-147.536,0.971,5.986,0.039,0.005,-207.829,1.097,6.049,0.075,0.006,-124.68,0.978,6.256,0.043,0.005,-168.411,1.188,6.644,0.007,0.008,-47.133,0.8,6.986,0.008,0.008,-50.973,0.906,7.17,0.044,0.007,-62.526,0.987,8.312,0.019,0.009,-37.756,0.888,8.421,0.021
43,6221,44978242_1450,7/8/2022 19:23,28.7,2,,TRUE,,GD,No Defect,Pass,Pass,Green,Pass,Pass,Green,Pass,(None),300_FW,none,,0,0,TRUE,Pass,0,0,,2.18,2.309,3.009,3.125,3.154,3.337,3.391,4.072,4.238,4.288,4.374,4.722,5.079,5.214,5.534,6.007,6.102,6.247,6.632,6.953,7.174,8.316,8.392,5.157,5.704,3.755,6.156,11.374,0.255,0.63,-1.091,-0.771,-0.661,2.082,-0.273,0.181,1.907,0.544,0.96,0.094,0.807,0.674,0.387,0.598,2.027,-0.495,-0.509,-0.565,0.451,0.532,-0.502,1.794,0.484,-0.278,0.543,0.043,2.18,0.093,0.008,-74.688,0.259,2.309,0.11,0.008,-104.373,0.281,3.009,0.021,0.007,-113.525,0.456,3.125,0.046,0.005,-217.619,0.6,3.154,0.033,0.006,-163.03,0.557,3.337,0.017,0.008,-91.248,0.413,3.391,0.012,0.006,-74.119,0.525,4.072,0.011,0.007,-112.585,0.591,4.238,0.012,0.006,-168.443,0.687,4.288,0.017,0.006,-149.385,0.725,4.374,0.021,0.007,-86.004,0.638,4.722,0.016,0.007,-79.124,0.661,5.079,0.026,0.009,-51.179,0.547,5.214,0.014,0.004,-148.23,1.284,5.534,0.013,0.005,-149.649,1.069,6.007,0.014,0.005,-137.372,1.127,6.102,0.006,0.005,-176.914,1.305,6.247,0.016,0.006,-133.172,1.106,6.632,0.003,0.01,-29.754,0.657,6.953,0.002,0.01,-44.589,0.732,7.174,0.013,0.007,-74.085,1.025,8.316,0.034,0.011,-38.057,0.773,8.392,0.041
44,8077,44963672_1450,7/18/2022 10:51,24.6,2,,TRUE,,GD,No Defect,Not Done,Pass,Green,Not Done,Pass,Green,Pass,(None),100_LVL (old),none,,8,2017,TRUE,Pass,0,0,,2.179,2.295,3.032,3.139,3.163,3.313,3.4,4.072,4.205,4.28,4.348,4.723,5.067,5.199,5.54,6,6.068,6.257,6.653,6.954,7.176,8.314,8.416,5.121,5.704,3.758,6.157,11.411,0.173,-0.875,0.949,0.507,-0.054,-0.408,0.236,0.181,-0.029,0.038,-0.522,0.205,0.136,-0.057,0.749,0.253,0.305,-0.093,0.275,-0.539,0.518,0.453,0.263,-0.079,0.565,0.037,0.564,1.057,2.179,0.053,0.01,-57.348,0.214,2.295,0.047,0.008,-98.991,0.281,3.032,0.016,0.007,-74.673,0.407,3.139,0.035,0.006,-129.495,0.484,3.163,0.017,0.005,-121.626,0.691,3.313,0.013,0.007,-73.523,0.456,3.4,0.008,0.007,-63.154,0.49,4.072,0.01,0.007,-70.475,0.558,4.205,0.01,0.006,-162.101,0.718,4.28,0.013,0.007,-94.344,0.61,4.348,0.016,0.006,-92.352,0.67,4.723,0.01,0.008,-54.323,0.581,5.067,0.025,0.009,-58.985,0.587,5.199,0.012,0.006,-73.089,0.851,5.54,0.065,0.005,-148.192,1.044,6,0.008,0.007,-90.195,0.835,6.068,0.008,0.008,-54.696,0.767,6.257,0.009,0.006,-112.959,1.112,6.653,0.032,0.006,-122.802,1.071,6.954,0.001,0.004,-43.739,1.723,7.176,0.078,0.01,-35.887,0.686,8.314,0.017,0.007,-94.219,1.256,8.416,0.016
45,1051,44966932_1450,8/23/2022 12:08,24,2,,TRUE,,GD,No Defect,Not Done,Pass,Green,Not Done,Pass,Green,Pass,(None),100_LVL (old),none,,2,2000,TRUE,Pass,0,0,,2.17,2.301,3,3.119,3.148,3.333,3.361,4.053,4.236,4.273,4.377,4.728,5.056,5.195,5.511,5.986,6.067,6.24,6.608,6.929,7.165,8.291,8.357,5.133,5.702,3.754,6.136,11.351,-0.474,-0.256,-1.808,-1.326,-1.121,1.601,-2.054,-0.801,1.828,-0.366,1.143,0.522,-0.436,-0.289,-0.94,-0.434,0.249,-0.798,-1.378,-1.4,0,-0.513,-1.601,0.566,0.312,-0.313,-0.371,-0.602,2.17,0.033,0.008,-58.81,0.257,2.301,0.031,0.005,-139.071,0.502,3,0.006,0.007,-27.447,0.411,3.119,0.018,0.007,-94.992,0.474,3.148,0.01,0.002,-157.905,1.32,3.333,0.009,0.007,-75.877,0.487,3.361,0.005,0.008,-35.741,0.409,4.053,0.009,0.008,-47.25,0.526,4.236,0.011,0.006,-98.271,0.692,4.273,0.005,0.006,-77.484,0.768,4.377,0.119,0.006,-100.71,0.72,4.728,0.008,0.007,-53.259,0.642,5.056,0.019,0.008,-54.091,0.616,5.195,0.007,0.006,-76.141,0.885,5.511,0.006,0.004,-108.147,1.421,5.986,0.003,0.004,-34.53,1.371,6.067,0.005,0.005,-87.098,1.124,6.24,0.01,0.005,-125.574,1.235,6.608,0.001,0.006,-72.336,1.19,6.929,0.001,0.008,-26.283,0.91,7.165,0.065,0.007,-72.384,0.995,8.291,0.009,0.008,-35.948,0.996,8.357,0.011
46,2546,44966017_1450,8/1/2022 13:16,25.2,2,,TRUE,,GD,No Defect,Not Done,Pass,Green,Not Done,Pass,Green,Pass,(None),100_LVL (old),none,,3,2005,TRUE,Pass,0,0,,2.162,2.295,3.03,3.123,3.169,3.322,3.367,4.035,4.206,4.259,4.365,4.709,5.037,5.166,5.505,5.96,6.042,6.232,6.622,6.965,7.128,8.266,8.37,5.109,5.69,3.756,6.116,11.341,-1.02,-0.826,0.808,-0.902,0.394,0.52,-1.725,-1.753,0.031,-1.194,0.459,-0.821,-1.503,-1.696,-1.302,-1.742,-1.049,-1.176,-0.86,-0.143,-1.852,-1.577,-1.188,-0.702,-0.811,-0.15,-1.288,-0.886,2.162,0.035,0.012,-39.13,0.174,2.295,0.038,0.006,-119.096,0.369,3.03,0.007,0.006,-62.953,0.512,3.123,0.024,0.009,-44.076,0.354,3.169,0.003,0.002,-203.192,1.882,3.322,0.011,0.007,-64.424,0.491,3.367,0.004,0.01,-33.156,0.347,4.035,0.01,0.007,-54.809,0.582,4.206,0.008,0.006,-126.787,0.7,4.259,0.005,0.006,-81.241,0.666,4.365,0.078,0.006,-133.931,0.694,4.709,0.008,0.007,-56.424,0.646,5.037,0.017,0.007,-74.388,0.709,5.166,0.015,0.006,-92.303,0.871,5.505,0.02,0.004,-188.248,1.252,5.96,0.005,0.005,-76.783,1.251,6.042,0.007,0.005,-123.311,1.309,6.232,0.106,0.005,-272.789,1.304,6.622,0.001,0.005,-86.152,1.277,6.965,0.021,0.005,-133.403,1.323,7.128,0.072,0.007,-64.3,0.996,8.266,0.014,0.01,-26.517,0.829,8.37,0.008
47,4237,45033209_27519,8/15/2022 10:46,24.3,2,,TRUE,,GD,No Defect,Not Done,Pass,Green,Not Done,Pass,Green,Pass,(None),100_LVL (old),none,,10,2011,TRUE,Pass,0,0,,2.171,2.289,3.014,3.128,3.157,3.308,3.388,4.061,4.193,4.266,4.337,4.708,5.046,5.187,5.511,5.983,6.047,6.247,6.636,6.966,7.146,8.282,8.389,5.105,5.695,3.745,6.138,11.349,-0.386,-1.525,-0.6,-0.504,-0.475,-0.991,-0.471,-0.361,-0.745,-0.791,-1.177,-0.878,-1.017,-0.643,-0.95,-0.609,-0.791,-0.508,-0.367,-0.132,-0.943,-0.909,-0.575,-0.939,-0.338,-1.262,-0.283,-0.658,2.171,0.031,0.01,-46.645,0.211,2.289,0.03,0.011,-84.268,0.213,3.014,0.005,0.007,-35.092,0.446,3.128,0.02,0.006,-87.785,0.497,3.157,0.011,0.005,-80.464,0.676,3.308,0.008,0.008,-40.028,0.432,3.388,0.003,0.008,-33.814,0.452,4.061,0.008,0.007,-46.191,0.607,4.193,0.006,0.006,-99.613,0.686,4.266,0.007,0.006,-80.081,0.667,4.337,0.09,0.006,-90.396,0.737,4.708,0.007,0.009,-46.498,0.537,5.046,0.016,0.008,-45.789,0.633,5.187,0.012,0.008,-49.44,0.664,5.511,0.007,0.005,-130.562,1.173,5.983,0.008,0.007,-44.408,0.878,6.047,0.007,0.006,-52.026,0.943,6.247,0.007,0.006,-115.191,1.134,6.636,0.001,0.005,-87.026,1.208,6.966,0.002,0.007,-39.006,0.986,7.146,0.063,0.009,-44.655,0.833,8.282,0.012,0.01,-20.055,0.807,8.389,0.007
48,4268,45042397_1450,8/15/2022 20:26,31.7,2,,TRUE,,GD,No Defect,Pass,Pass,Green,Not Done,Pass,Green,Pass,(None),200_LA (old),none,,1,2012,TRUE,Pass,0,0,,2.185,2.313,3.014,3.126,3.158,3.313,3.395,4.072,4.193,4.282,4.369,4.734,5.062,5.207,5.523,5.986,6.061,6.263,6.638,6.918,7.177,8.314,8.399,5.121,5.69,3.759,6.148,11.364,0.607,1.111,-0.579,-0.627,-0.365,-0.442,-0.005,0.178,-0.724,0.18,0.671,0.951,-0.107,0.317,-0.258,-0.434,-0.049,0.198,-0.288,-1.782,0.595,0.48,-0.269,-0.071,-0.818,0.129,0.166,-0.235,2.185,0.126,0.011,-20.158,0.192,2.313,0.129,0.019,-21.995,0.124,3.014,0.056,0.006,-145.37,0.522,3.126,0.072,0.006,-186.436,0.535,3.158,0.076,0.006,-132.557,0.557,3.313,0.046,0.006,-116.142,0.55,3.395,0.021,0.011,-42.374,0.32,4.072,0.021,0.007,-84.32,0.554,4.193,0.027,0.005,-249.244,0.78,4.282,0.034,0.006,-133.729,0.714,4.369,0.052,0.005,-144.483,0.808,4.734,0.039,0.007,-106.003,0.658,5.062,0.073,0.008,-72.079,0.657,5.207,0.048,0.007,-79.004,0.729,5.523,0.018,0.006,-152.375,0.929,5.986,0.05,0.005,-222.014,1.148,6.061,0.06,0.006,-135.431,0.982,6.263,0.046,0.005,-185.97,1.191,6.638,0.008,0.007,-43.924,0.966,6.918,0.004,0.005,-52.42,1.412,7.177,0.04,0.011,-34.572,0.662,8.314,0.034,0.005,-107.498,1.804,8.399,0.158
49,9083,45020021_11846,8/11/2022 14:47,25.6,2,,TRUE,,GD,No Defect,Not Done,Pass,Green,Not Done,Pass,Green,Pass,(None),100_LVL (old),none,,9,2018,TRUE,Pass,0,0,,2.173,2.293,3.025,3.135,3.163,3.319,3.397,4.079,4.213,4.294,4.375,4.735,5.084,5.211,5.547,6.014,6.078,6.259,6.649,6.96,7.183,8.322,8.404,5.135,5.704,3.759,6.159,11.416,-0.248,-1.045,0.387,0.193,-0.051,0.21,0.115,0.585,0.448,0.918,1.065,1.009,1.089,0.519,1.185,0.962,0.826,0.03,0.126,-0.322,0.89,0.814,-0.11,0.671,0.497,0.195,0.687,1.194,2.173,0.031,0.009,-39.692,0.249,2.293,0.034,0.01,-84.913,0.237,3.025,0.006,0.008,-51.409,0.361,3.135,0.022,0.006,-100.755,0.517,3.163,0.012,0.009,-48.187,0.334,3.319,0.008,0.009,-39.716,0.377,3.397,0.004,0.009,-32.794,0.383,4.079,0.009,0.007,-60.163,0.606,4.213,0.007,0.006,-105.566,0.658,4.294,0.006,0.006,-82.837,0.761,4.375,0.082,0.006,-85.203,0.686,4.735,0.007,0.008,-44.127,0.589,5.084,0.018,0.008,-48.834,0.643,5.211,0.12,0.006,-115.61,0.941,5.547,0.016,0.005,-130.419,1.048,6.014,0.009,0.005,-109.492,1.284,6.078,0.007,0.006,-70.897,1.04,6.259,0.063,0.005,-181.85,1.24,6.649,0.001,0.006,-83.825,1.169,6.96,0.006,0.003,-23.037,2.399,7.183,0.066,0.008,-52.815,0.875,8.322,0.01,0.008,-21.199,1.095,8.404,0.007
50,B0068,44947404_1450,8/4/2022 9:57,24.3,2,,TRUE,,GD,No Defect,Not Done,Pass,Green,Not Done,Pass,Green,Pass,(None),100_LVL (old),none,,6,2019,TRUE,Pass,0,0,,2.189,2.297,3.032,3.152,3.186,3.309,3.423,4.099,4.199,4.293,4.351,4.715,5.064,5.228,5.531,5.988,6.067,6.283,6.707,7.02,7.153,8.29,8.467,5.117,5.703,3.764,6.175,11.393,0.852,-0.635,0.949,1.742,1.714,-0.82,1.63,1.626,-0.408,0.846,-0.349,-0.413,0.003,1.353,0.201,-0.349,0.242,1.058,2.247,1.761,-0.612,-0.548,1.887,-0.282,0.477,0.704,1.383,0.569,2.189,0.026,0.01,-36.239,0.213,2.297,0.018,0.007,-50.969,0.325,3.032,0.006,0.007,-54.534,0.411,3.152,0.015,0.006,-89.718,0.527,3.186,0.01,0.005,-59.771,0.596,3.309,0.008,0.008,-50.186,0.419,3.423,0.003,0.007,-24.079,0.469,4.099,0.005,0.006,-75.347,0.698,4.199,0.005,0.005,-100.732,0.77,4.293,0.007,0.005,-87.134,0.952,4.351,0.107,0.006,-94.821,0.72,4.715,0.007,0.007,-51.961,0.666,5.064,0.019,0.008,-48.812,0.65,5.228,0.106,0.006,-71.473,0.866,5.531,0.012,0.006,-137.929,0.989,5.988,0.01,0.007,-64.586,0.895,6.067,0.005,0.004,-113.163,1.384,6.283,0.007,0.005,-109.998,1.303,6.707,0.001,0.004,-92.698,1.563,7.02,0.002,0.008,-43.14,0.918,7.153,0.066,0.009,-42.087,0.805,8.29,0.014,0.011,-19.26,0.771,8.467,0.005
51,D0631,45049841_1450,8/18/2022 11:56,25.3,2,,TRUE,,GD,No Defect,Not Done,Pass,Green,Not Done,Pass,Green,Pass,(None),300_FW,none,,0,0,TRUE,Pass,0,0,,2.189,2.302,3.023,3.15,3.166,3.309,3.406,4.069,4.19,4.268,4.331,4.694,5.048,5.204,5.519,5.988,6.052,6.267,6.678,7.02,7.15,8.279,8.456,5.11,5.696,3.76,6.16,11.355,0.858,-0.136,0.193,1.512,0.213,-0.888,0.611,0.04,-0.905,-0.649,-1.514,-1.864,-0.882,0.171,-0.501,-0.349,-0.514,0.373,1.2,1.737,-0.781,-1.03,1.531,-0.637,-0.201,0.3,0.711,-0.502,2.189,0.08,0.011,-66.11,0.191,2.302,0.1,0.009,-80.69,0.26,3.023,0.01,0.003,-46.44,1.082,3.15,0.048,0.006,-154.641,0.538,3.166,0.012,0.004,-178.72,0.862,3.309,0.019,0.008,-71.949,0.419,3.406,0.007,0.009,-42.795,0.362,4.069,0.01,0.007,-92.123,0.571,4.19,0.011,0.006,-144.704,0.658,4.268,0.019,0.006,-175.83,0.726,4.331,0.206,0.008,-105.901,0.552,4.694,0.018,0.007,-111.818,0.637,5.048,0.029,0.008,-78.377,0.667,5.204,0.015,0.005,-95.511,1.031,5.519,0.084,0.005,-170.64,1.038,5.988,0.025,0.006,-138.911,0.995,6.052,0.014,0.005,-183.988,1.24,6.267,0.012,0.006,-135.654,1.038,6.678,0.003,0.009,-33.826,0.77,7.02,0.004,0.008,-49.884,0.83,7.15,0.018,0.008,-63.581,0.899,8.279,0.055,0.01,-49.22,0.861,8.456,0.02
52,4308,45060355_14625,8/31/2022 10:28,24.4,2,,TRUE,,GD,No Defect,Not Done,Pass,Green,Not Done,Pass,Green,Pass,(None),100_LVL (old),none,,2,2012,TRUE,Pass,0,0,,2.174,2.291,3.02,3.131,3.159,3.312,3.387,4.061,4.197,4.264,4.344,4.706,5.044,5.186,5.511,5.985,6.048,6.248,6.632,6.972,7.147,8.281,8.395,5.109,5.7,3.753,6.137,11.349,-0.204,-1.272,-0.105,-0.231,-0.278,-0.545,-0.533,-0.381,-0.487,-0.932,-0.77,-1.005,-1.122,-0.699,-0.944,-0.489,-0.704,-0.481,-0.497,0.101,-0.925,-0.966,-0.398,-0.731,0.114,-0.405,-0.355,-0.658,2.174,0.032,0.011,-44.852,0.195,2.291,0.026,0.012,-74.792,0.184,3.02,0.006,0.008,-59.76,0.393,3.131,0.021,0.007,-69.527,0.444,3.159,0.009,0.005,-60.918,0.657,3.312,0.012,0.007,-61.641,0.499,3.387,0.004,0.008,-37.983,0.408,4.061,0.008,0.007,-53.273,0.597,4.197,0.006,0.006,-124.494,0.76,4.264,0.006,0.007,-48.787,0.623,4.344,0.009,0.007,-45.06,0.668,4.706,0.007,0.009,-35.379,0.544,5.044,0.014,0.009,-36.612,0.58,5.186,0.01,0.009,-30.536,0.551,5.511,0.011,0.006,-126.744,0.964,5.985,0.005,0.006,-24.872,0.966,6.048,0.004,0.007,-38.163,0.92,6.248,0.035,0.008,-53.466,0.769,6.632,0.001,0.005,-30.523,1.317,6.972,0.015,0.008,-54.895,0.833,7.147,0.044,0.011,-23.998,0.641,8.281,0.008,0.012,-12.223,0.685,8.395,0.005
53,3171,45195236_1450,11/4/2022 18:36,23.2,2,QPLog 10-1631 (16) rev12,TRUE,,GD,No Defect,Pass,Pass,Green,Not Done,Pass,Green,Pass,(None),200_LA (old),none,,8,2007,TRUE,Pass,0,0,,2.167,2.295,3.004,3.128,3.161,3.313,3.402,4.072,4.201,4.278,4.357,4.717,5.051,5.2,5.505,5.981,6.054,6.262,6.642,6.968,7.137,8.266,8.4,5.114,5.698,3.749,6.14,11.328,-0.677,-0.83,-1.454,-0.475,-0.169,-0.442,0.413,0.216,-0.268,-0.063,-0.002,-0.23,-0.711,-0.006,-1.296,-0.708,-0.414,0.142,-0.129,-0.061,-1.411,-1.584,-0.248,-0.441,-0.002,-0.918,-0.181,-1.236,2.167,0.241,0.005,-42.516,0.415,2.295,0.34,0.003,-52.404,0.724,3.004,0.134,0.007,-95.557,0.434,3.128,0.227,0.006,-185.222,0.541,3.161,0.145,0.006,-103.251,0.546,3.313,0.12,0.008,-105.349,0.426,3.402,0.099,0.007,-77.169,0.471,4.072,0.041,0.007,-95.17,0.583,4.201,0.077,0.006,-211.857,0.749,4.278,0.114,0.006,-140.318,0.758,4.357,0.206,0.006,-111.851,0.689,4.717,0.14,0.007,-109.604,0.665,5.051,0.201,0.009,-56.048,0.541,5.2,0.063,0.006,-57.788,0.883,5.505,0.117,0.006,-119.427,0.888,5.981,0.185,0.007,-89.435,0.853,6.054,0.1,0.005,-178.683,1.239,6.262,0.127,0.006,-124.19,1.038,6.642,0.037,0.007,-53.085,0.926,6.968,0.028,0.01,-49.731,0.71,7.137,0.161,0.008,-68.397,0.927,8.266,0.04,0.01,-41.581,0.823,8.4,0.036
54,6147,45208093_1450,11/11/2022 19:20,23.8,2,QPLog 10-1631 (16) rev12,TRUE,,GD,No Defect,Pass,Pass,Green,Not Done,Pass,Green,Pass,(None),200_LA (old),none,,4,2015,TRUE,Pass,0,0,,2.163,2.3,3.031,3.138,3.169,3.309,3.393,4.06,4.189,4.265,4.339,4.712,5.05,5.191,5.519,5.98,6.043,6.256,6.649,6.992,7.162,8.304,8.421,5.114,5.694,3.762,6.134,11.362,-0.907,-0.273,0.854,0.415,0.445,-0.82,-0.153,-0.447,-1.003,-0.883,-1.061,-0.603,-0.766,-0.451,-0.478,-0.738,-0.962,-0.131,0.104,0.776,-0.147,0.052,0.422,-0.468,-0.393,0.488,-0.449,-0.283,2.163,0.271,0.009,-12.241,0.234,2.3,0.305,0.006,-22.327,0.413,3.031,0.104,0.008,-47.719,0.391,3.138,0.342,0.006,-164.331,0.52,3.169,0.021,0.003,-304.762,1.193,3.309,0.145,0.006,-132.945,0.562,3.393,0.063,0.009,-47.262,0.373,4.06,0.077,0.006,-122.359,0.64,4.189,0.067,0.006,-146.473,0.696,4.265,0.101,0.005,-176.09,0.892,4.339,0.148,0.007,-110.711,0.633,4.712,0.096,0.007,-114.136,0.663,5.05,0.187,0.008,-73.153,0.647,5.191,0.08,0.007,-80.828,0.748,5.519,0.05,0.006,-144.838,0.888,5.98,0.126,0.006,-171.457,1.014,6.043,0.138,0.008,-70.508,0.783,6.256,0.101,0.006,-137.807,1.082,6.649,0.034,0.006,-58.328,1.087,6.992,0.025,0.009,-59.265,0.787,7.162,0.143,0.008,-65.648,0.864,8.304,0.043,0.009,-47.333,0.888,8.421,0.042
55,6551,45217029_355,11/22/2022 14:53,22.7,2,,TRUE,,GD,No Defect,Not Done,Pass,Green,Not Done,Pass,Green,Pass,(None),100_LVL (old),none,,12,2015,TRUE,Pass,0,0,,2.163,2.289,3.019,3.119,3.152,3.315,3.37,4.038,4.197,4.256,4.336,4.714,5.044,5.177,5.512,5.976,6.036,6.233,6.609,6.917,7.144,8.285,8.369,5.1,5.687,3.754,6.119,11.322,-0.939,-1.536,-0.222,-1.345,-0.849,-0.202,-1.528,-1.579,-0.486,-1.417,-1.196,-0.464,-1.131,-1.178,-0.875,-0.973,-1.326,-1.108,-1.341,-1.838,-1.074,-0.795,-1.206,-1.174,-1.071,-0.392,-1.155,-1.399,2.163,0.032,0.011,-40.388,0.198,2.289,0.026,0.007,-55.896,0.328,3.019,0.006,0.01,-45.233,0.309,3.119,0.022,0.009,-50.562,0.339,3.152,0.011,0.004,-132.919,0.772,3.315,0.011,0.006,-68.13,0.531,3.37,0.003,0.007,-28.735,0.454,4.038,0.007,0.004,-45.186,1.049,4.197,0.005,0.006,-93.504,0.731,4.256,0.006,0.009,-39.031,0.496,4.336,0.006,0.008,-31.233,0.518,4.714,0.005,0.006,-36.517,0.817,5.044,0.011,0.009,-35.24,0.563,5.177,0.003,0.003,-31.089,1.957,5.512,0.015,0.005,-128.36,1.099,5.976,0.004,0.002,-53.635,3.808,6.036,0.003,0.009,-28.504,0.678,6.233,0.029,0.008,-55.768,0.767,6.609,0.001,0.005,-100.684,1.4,6.917,0.004,0.004,-27.797,1.584,7.144,0.038,0.011,-22.448,0.635,8.285,0.006,0.01,-12.613,0.81,8.369,0.004
56,4289,45277064_1450,12/21/2022 20:00,22.7,2,QPLog 10-1631 (16) rev14,TRUE,,GD,No Defect,Pass,Pass,Green,Not Done,Pass,Green,Pass,(None),200_LA (old),none,,2,2012,TRUE,Pass,0,0,,2.163,2.293,3.014,3.13,3.159,3.311,3.381,4.049,4.198,4.259,4.338,4.7,5.042,5.18,5.507,5.986,6.045,6.242,6.63,6.938,7.141,8.275,8.39,5.106,5.695,3.754,6.115,11.333,-0.956,-1.09,-0.613,-0.313,-0.281,-0.648,-0.85,-1.005,-0.428,-1.235,-1.119,-1.457,-1.2,-1.012,-1.178,-0.449,-0.86,-0.712,-0.595,-1.084,-1.21,-1.219,-0.548,-0.862,-0.297,-0.364,-1.355,-1.103,2.163,0.126,0.008,-69.3,0.274,2.293,0.173,0.008,-87.288,0.28,3.014,0.117,0.008,-43.514,0.356,3.13,0.33,0.007,-116.567,0.424,3.159,0.02,0.003,-310.867,1.128,3.311,0.141,0.008,-112.546,0.44,3.381,0.089,0.008,-71.023,0.415,4.049,0.072,0.008,-127.165,0.537,4.198,0.063,0.006,-182.463,0.712,4.259,0.166,0.006,-143.51,0.685,4.338,0.129,0.006,-105.803,0.731,4.7,0.107,0.007,-104.879,0.683,5.042,0.176,0.008,-65.257,0.611,5.18,0.067,0.008,-49.99,0.685,5.507,0.084,0.006,-139.497,0.911,5.986,0.168,0.007,-108.248,0.914,6.045,0.085,0.006,-143.649,1.055,6.242,0.101,0.006,-129.137,1.043,6.63,0.036,0.006,-60.117,1.143,6.938,0.014,0.005,-53.449,1.342,7.141,0.158,0.008,-64.322,0.849,8.275,0.041,0.013,-37.141,0.628,8.39,0.042
57,8060,45278392_1450,12/27/2022 15:21,20.5,2,QPLog 10-1631 (16) rev15,TRUE,,GD,No Defect,Not Done,Pass,Green,Not Done,Pass,Green,Pass,(None),110_LVL (new),none,,8,2017,TRUE,Pass,0,0,,2.186,2.311,3.018,3.131,3.166,3.314,3.404,4.078,4.2,4.293,4.367,4.737,5.077,5.206,5.54,6,6.074,6.264,6.638,6.949,7.19,8.33,8.405,5.131,5.704,3.754,6.151,11.425,0.644,0.834,-0.226,-0.169,0.171,-0.373,0.519,0.493,-0.33,0.866,0.613,1.163,0.677,0.279,0.739,0.25,0.619,0.242,-0.276,-0.72,1.255,1.15,-0.091,0.45,0.562,-0.357,0.307,1.425,2.186,0.097,0.003,-13.293,0.667,2.311,0.264,0.012,-15.233,0.198,3.018,0.102,0.01,-62.453,0.303,3.131,0.213,0.006,-195.152,0.551,3.166,0.188,0.01,-52.564,0.303,3.314,0.134,0.009,-97.747,0.386,3.404,0.055,0.005,-40.737,0.743,4.078,0.067,0.006,-136.052,0.676,4.2,0.076,0.006,-211.958,0.747,4.293,0.085,0.006,-169.511,0.694,4.367,0.143,0.006,-102.13,0.674,4.737,0.11,0.006,-102.629,0.732,5.077,0.193,0.009,-64.337,0.558,5.206,0.089,0.007,-92.294,0.763,5.54,0.051,0.007,-89.094,0.739,6,0.083,0.006,-190.579,1.017,6.074,0.131,0.007,-98.896,0.891,6.264,0.074,0.006,-108.576,0.978,6.638,0.019,0.008,-36.902,0.824,6.949,0.014,0.003,-10.886,2.394,7.19,0.125,0.008,-70.289,0.911,8.33,0.017,0.007,-17.857,1.151,8.405,0.042
58,8063,45245342_1450,12/7/2022 18:14,24.9,2,QPLog 10-1631 (16) rev14,TRUE,,GD,No Defect,Not Done,Pass,Green,Not Done,Pass,Green,Pass,(None),110_LVL (new),none,,8,2017,TRUE,Pass,0,0,,2.185,2.311,3.016,3.128,3.16,3.322,3.396,4.072,4.221,4.285,4.357,4.717,5.072,5.201,5.525,6.005,6.071,6.251,6.631,6.975,7.161,8.292,8.389,5.137,5.706,3.749,6.144,11.373,0.608,0.888,-0.454,-0.506,-0.251,0.52,0.034,0.181,0.934,0.382,-0.022,-0.215,0.411,0.041,-0.131,0.522,0.452,-0.344,-0.558,0.192,-0.229,-0.463,-0.588,0.749,0.71,-0.835,0.005,0.01,2.185,0.012,0.003,-48.202,0.69,2.311,0.014,0.004,-35.084,0.54,3.016,0.013,0.006,-92.16,0.511,3.128,0.023,0.005,-151.537,0.58,3.16,0.015,0.011,-58.82,0.28,3.322,0.014,0.008,-117.398,0.435,3.396,0.007,0.006,-58.633,0.574,4.072,0.006,0.006,-86.608,0.632,4.221,0.008,0.006,-173.916,0.685,4.285,0.014,0.006,-108.37,0.733,4.357,0.017,0.007,-76.173,0.666,4.717,0.013,0.007,-65.448,0.658,5.072,0.023,0.008,-54.409,0.651,5.201,0.011,0.005,-97.46,1.117,5.525,0.062,0.007,-114.275,0.818,6.005,0.017,0.006,-81.855,0.933,6.071,0.009,0.005,-171.863,1.104,6.251,0.008,0.007,-74.412,0.943,6.631,0.002,0.006,-34.684,1.067,6.975,0.032,0.008,-82.005,0.926,7.161,0.151,0.008,-67.52,0.891,8.292,0.004,0.009,-34.01,0.898,8.389,0.038
59,e0632,45247929_355,12/7/2022 16:33,24.7,2,QPLog 10-1631 (16) rev14,TRUE,,GD,No Defect,Not Done,Pass,Green,Not Done,Pass,Green,Pass,(None),110_LVL (new),none,,2,2020,TRUE,Pass,0,0,,2.183,2.289,3.027,3.138,3.161,3.313,3.405,4.068,4.198,4.28,4.355,4.718,5.068,5.203,5.526,5.991,6.061,6.267,6.652,6.992,7.168,8.309,8.429,5.128,5.702,3.758,6.149,11.374,0.463,-1.525,0.525,0.473,-0.136,-0.408,0.534,-0.002,-0.447,0.059,-0.099,-0.187,0.214,0.13,-0.073,-0.179,-0.081,0.358,0.226,0.763,0.148,0.25,0.688,0.261,0.347,0.09,0.235,0.041,2.183,0.016,0.004,-63.502,0.517,2.289,0.04,0.013,-30.702,0.181,3.027,0.017,0.006,-105.678,0.499,3.138,0.026,0.006,-162.871,0.532,3.161,0.006,0.003,-55.779,1.032,3.313,0.014,0.006,-106.976,0.548,3.405,0.012,0.005,-65.925,0.623,4.068,0.004,0.006,-93.32,0.728,4.198,0.008,0.005,-152.318,0.807,4.28,0.014,0.005,-130.145,0.783,4.355,0.024,0.008,-75.033,0.518,4.718,0.019,0.007,-82.722,0.725,5.068,0.033,0.011,-46.68,0.477,5.203,0.012,0.006,-94.649,0.906,5.526,0.015,0.006,-118.706,0.961,5.991,0.017,0.006,-158.335,0.966,6.061,0.025,0.006,-109.615,1.075,6.267,0.012,0.008,-78.1,0.831,6.652,0.003,0.007,-33.527,0.998,6.992,0.003,0.008,-34.442,0.844,7.168,0.017,0.009,-57.906,0.822,8.309,0.003,0.006,-44.923,1.385,8.429,0.005
60,e0632,45247929_355,12/7/2022 15:55,25.3,2,QPLog 10-1631 (16) rev14,TRUE,,GD,No Defect,Not Done,Pass,Green,Not Done,Pass,Green,Pass,(None),110_LVL (new),none,,2,2020,TRUE,Pass,0,0,,2.181,2.297,2.999,3.127,3.168,3.316,3.406,4.081,4.211,4.28,4.338,4.699,5.047,5.21,5.498,5.974,6.051,6.247,6.643,6.96,7.121,8.247,8.392,5.127,5.684,3.743,6.142,11.312,0.311,-0.599,-1.94,-0.598,0.361,-0.167,0.611,0.701,0.308,0.038,-1.119,-1.51,-0.962,0.479,-1.743,-1.028,-0.545,-0.492,-0.105,-0.327,-2.23,-2.391,-0.502,0.235,-1.372,-1.518,-0.086,-1.684,2.181,0.031,0.007,-52.772,0.298,2.297,0.038,0.012,-58.068,0.197,2.999,0.009,0.007,-74.769,0.458,3.127,0.017,0.006,-171.748,0.555,3.168,0.012,0.007,-93.567,0.476,3.316,0.01,0.005,-109.692,0.604,3.406,0.005,0.008,-56.69,0.452,4.081,0.005,0.003,-117.019,1.337,4.211,0.007,0.006,-177.107,0.701,4.28,0.011,0.008,-115.153,0.534,4.338,0.139,0.007,-97.072,0.618,4.699,0.01,0.006,-107.45,0.832,5.047,0.019,0.008,-50.394,0.625,5.21,0.01,0.004,-132.028,1.245,5.498,0.052,0.005,-172.236,1.07,5.974,0.015,0.008,-62.438,0.786,6.051,0.007,0.005,-152.178,1.172,6.247,0.008,0.006,-104.067,0.985,6.643,0.002,0.007,-32.996,0.908,6.96,0.032,0.01,-50.536,0.722,7.121,0.105,0.009,-55.923,0.773,8.247,0.045,0.009,-41.894,0.934,8.392,0.019
61,4299,45293287_1450,1/7/2023 12:22,21,2,QPLog 10-1631 (16) rev14,TRUE,,GD,No Defect,Pass,Pass,Green,Not Done,Pass,Green,Pass,(None),200_LA (old),none,,2,2012,TRUE,Pass,0,0,,2.174,2.3,2.997,3.124,3.16,3.31,3.399,4.064,4.19,4.272,4.345,4.711,5.048,5.192,5.507,5.978,6.045,6.257,6.631,6.961,7.145,8.28,8.395,5.115,5.702,3.745,6.135,11.322,-0.16,-0.351,-2.131,-0.807,-0.217,-0.717,0.215,-0.203,-0.943,-0.446,-0.676,-0.673,-0.884,-0.395,-1.178,-0.828,-0.891,-0.066,-0.533,-0.282,-0.996,-1.002,-0.393,-0.414,0.292,-1.266,-0.406,-1.409,2.174,0.295,0.005,-10.266,0.411,2.3,0.526,0.016,-20.273,0.14,2.997,0.127,0.008,-66.191,0.378,3.124,0.2,0.006,-172.912,0.538,3.16,0.14,0.006,-111.749,0.494,3.31,0.143,0.006,-123.873,0.512,3.399,0.114,0.012,-36.646,0.289,4.064,0.03,0.007,-103.26,0.618,4.19,0.081,0.005,-234.35,0.765,4.272,0.2,0.006,-138.369,0.721,4.345,0.269,0.008,-83.722,0.566,4.711,0.165,0.008,-80.492,0.589,5.048,0.264,0.011,-43.305,0.469,5.192,0.069,0.008,-57.432,0.664,5.507,0.148,0.006,-97.971,0.848,5.978,0.156,0.007,-132.834,0.878,6.045,0.155,0.006,-122.732,0.968,6.257,0.133,0.006,-131.561,1.056,6.631,0.04,0.005,-72.751,1.233,6.961,0.022,0.01,-51.528,0.699,7.145,0.167,0.009,-56.698,0.831,8.28,0.035,0.01,-52.616,0.82,8.395,0.052
62,2247,45381444_1450,2/17/2023 21:55,23.9,2,QPLog 10-1631 (16) rev14,TRUE,,GD,No Defect,Pass,Pass,Green,Not Done,Pass,Green,Pass,(None),200_LA (old),none,,1,2003,TRUE,Pass,0,0,,2.216,2.304,3.018,3.124,3.149,3.338,3.379,4.06,4.244,4.285,4.384,4.731,5.088,5.25,5.55,6.04,6.085,6.247,6.632,6.958,7.191,8.303,8.385,5.152,5.707,3.753,6.111,11.413,2.72,0.082,-0.228,-0.82,-1.065,2.116,-0.971,-0.447,2.284,0.362,1.548,0.741,1.309,2.44,1.319,2.232,1.178,-0.522,-0.521,-0.386,1.291,-0.003,-0.702,1.559,0.777,-0.43,-1.531,1.116,2.216,0.028,0.003,-36.596,0.683,2.304,0.161,0.004,-92.384,0.518,3.018,0.134,0.011,-37.87,0.276,3.124,0.126,0.006,-131.233,0.499,3.149,0.2,0.005,-133.56,0.632,3.338,0.053,0.007,-119.146,0.511,3.379,0.117,0.008,-63.775,0.417,4.06,0.047,0.007,-94.19,0.565,4.244,0.051,0.006,-168.934,0.666,4.285,0.111,0.006,-151.15,0.722,4.384,0.073,0.007,-104.853,0.63,4.731,0.025,0.006,-99.673,0.809,5.088,0.078,0.011,-37.15,0.465,5.25,0.032,0.006,-120.612,0.927,5.55,0.057,0.006,-105.023,0.943,6.04,0.015,0.006,-97.423,1.08,6.085,0.004,0.005,-52.342,1.314,6.247,0.052,0.006,-146.923,1.062,6.632,0.036,0.007,-81.475,0.972,6.958,0.043,0.008,-85.393,0.925,7.191,0.049,0.007,-103.181,1.077,8.303,0.007,0.008,-69.513,1.093,8.385,0.068
63,4258,45323100_1450,1/20/2023 13:22,24.4,2,QPLog 10-1631 (16) rev14,TRUE,,GD,No Defect,Not Done,Pass,Green,Not Done,Pass,Green,Pass,(None),300_FW,none,,0,0,TRUE,Pass,0,0,,2.176,2.304,3.004,3.124,3.158,3.321,3.399,4.076,4.205,4.292,4.376,4.732,5.07,5.207,5.531,5.992,6.064,6.261,6.636,6.961,7.174,8.297,8.39,5.116,5.707,3.752,6.153,11.375,-0.028,0.091,-1.488,-0.836,-0.391,0.417,0.213,0.43,-0.009,0.806,1.124,0.84,0.333,0.305,0.195,-0.174,0.093,0.082,-0.362,-0.306,0.417,-0.276,-0.557,-0.323,0.841,-0.505,0.417,0.049,2.176,0.227,0.014,-35.056,0.159,2.304,0.402,0.009,-57.197,0.251,3.004,0.084,0.007,-87.588,0.452,3.124,0.121,0.006,-158.326,0.519,3.158,0.102,0.006,-109.816,0.515,3.321,0.081,0.007,-99.606,0.476,3.399,0.035,0.007,-68.918,0.48,4.076,0.05,0.006,-127.652,0.664,4.205,0.053,0.005,-225.845,0.794,4.292,0.054,0.006,-163.159,0.699,4.376,0.063,0.006,-119.244,0.684,4.732,0.061,0.007,-113.534,0.668,5.07,0.109,0.008,-74.218,0.611,5.207,0.071,0.006,-102.803,0.804,5.531,0.045,0.005,-171.039,1.092,5.992,0.064,0.006,-219.66,1.018,6.064,0.084,0.006,-126.176,0.987,6.261,0.064,0.005,-164.321,1.143,6.636,0.023,0.007,-95.168,1.004,6.961,0.012,0.008,-63.79,0.87,7.174,0.072,0.008,-64.609,0.851,8.297,0.003,0.006,-31.289,1.507,8.39,0.009
64,5482,45397471_1450,2/24/2023 16:04,20.1,2,QPLog 10-1631 (16) rev14,TRUE,,B3,No Defect,Pass,Pass,Green,Not Done,Pass,Green,Pass,(None),200_LA (old),none,,4,2014,TRUE,Pass,0,0,,2.162,2.288,2.994,3.114,3.154,3.32,3.39,4.064,4.207,4.279,4.362,4.716,5.059,5.223,5.513,5.997,6.068,6.245,6.601,6.921,7.154,8.297,8.355,5.119,5.7,3.743,6.122,11.34,-0.968,-1.603,-2.359,-1.74,-0.687,0.245,-0.334,-0.233,0.072,0.018,0.324,-0.313,-0.299,1.114,-0.826,0.106,0.28,-0.607,-1.63,-1.698,-0.582,-0.283,-1.68,-0.205,0.121,-1.473,-1.019,-0.915,2.162,0.107,0.005,-30.56,0.473,2.288,0.109,0.009,-23.075,0.243,2.994,0.15,0.007,-76.392,0.433,3.114,0.101,0.006,-180.495,0.551,3.154,0.205,0.007,-101.327,0.422,3.32,0.072,0.006,-116.63,0.521,3.39,0.048,0.011,-41.526,0.31,4.064,0.062,0.007,-95.811,0.614,4.207,0.044,0.006,-188.985,0.727,4.279,0.048,0.008,-97.504,0.544,4.362,0.053,0.007,-126.262,0.639,4.716,0.043,0.009,-55.274,0.497,5.059,0.072,0.01,-44.69,0.49,5.223,0.033,0.006,-152.083,0.939,5.513,0.058,0.005,-131.3,1.152,5.997,0.059,0.004,-189.152,1.486,6.068,0.027,0.006,-119.882,1.032,6.245,0.052,0.005,-165.441,1.142,6.601,0.033,0.007,-84.628,0.992,6.921,0.028,0.008,-79.189,0.866,7.154,0.065,0.008,-79.801,0.95,8.297,0.01,0.005,-68.789,1.709,8.355,0.056
65,5482,45397471_1450,2/24/2023 16:17,20.5,2,QPLog 10-1631 (16) rev14,TRUE,,GD,No Defect,Pass,Pass,Green,Not Done,Pass,Green,Pass,(None),200_LA (old),none,,4,2014,TRUE,Pass,0,0,,2.164,2.301,2.995,3.114,3.154,3.319,3.39,4.065,4.208,4.28,4.363,4.717,5.059,5.224,5.514,5.997,6.068,6.245,6.614,6.92,7.154,8.297,8.355,5.121,5.699,3.743,6.123,11.349,-0.883,-0.202,-2.263,-1.803,-0.665,0.21,-0.314,-0.173,0.13,0.038,0.363,-0.258,-0.275,1.165,-0.778,0.106,0.28,-0.579,-1.18,-1.722,-0.566,-0.258,-1.672,-0.101,0.086,-1.473,-0.991,-0.656,2.164,0.109,0.003,-22.254,0.678,2.301,0.343,0.009,-35.278,0.259,2.995,0.151,0.009,-72.669,0.343,3.114,0.107,0.006,-205.552,0.557,3.154,0.204,0.007,-96.368,0.451,3.319,0.075,0.006,-134.025,0.552,3.39,0.052,0.007,-54.108,0.462,4.065,0.067,0.006,-113.874,0.667,4.208,0.048,0.005,-191.204,0.797,4.28,0.053,0.007,-114.181,0.6,4.363,0.058,0.007,-117.768,0.655,4.717,0.051,0.008,-77.041,0.605,5.059,0.088,0.009,-50.475,0.535,5.224,0.033,0.005,-133.138,1.073,5.514,0.06,0.005,-143.048,1.118,5.997,0.06,0.004,-180.034,1.465,6.068,0.029,0.006,-145.723,1.05,6.245,0.057,0.006,-174.128,1.127,6.614,0.009,0.002,-16.944,3.918,6.92,0.03,0.008,-81.337,0.881,7.154,0.069,0.007,-80.447,0.97,8.297,0.011,0.005,-59.092,1.566,8.355,0.06
66,6146,45367655_1450,2/10/2023 17:13,24.1,2,QPLog 10-1631 (16) rev14,TRUE,,GD,(None),Not Done,Not Done,(None),Not Done,Pass,(None),Not Done,(None),300_FW,,,0,0,FALSE,Pass,0,0,,2.185,2.308,3.028,3.141,0,3.318,3.4,4.07,4.201,4.275,4.352,4.72,5.064,5.199,5.529,5.997,6.056,6.262,6.651,6.996,7.175,8.32,8.429,5.114,5.716,3.766,6.145,11.372,0.596,0.55,0.625,0.685,0,0.107,0.275,0.076,-0.288,-0.244,-0.311,-0.061,-0.005,-0.081,0.11,0.126,-0.324,0.142,0.189,0.904,0.486,0.721,0.674,-0.45,1.678,0.915,0.05,-0.019,2.185,0.381,0.009,-35.363,0.253,2.308,0.428,0.01,-49.758,0.227,3.028,0.066,0.006,-94.787,0.5,3.141,0.199,0.006,-148.361,0.531,0,0,0,0,0,3.318,0.093,0.006,-114.477,0.537,3.4,0.033,0.011,-36.728,0.32,4.07,0.051,0.008,-105.563,0.522,4.201,0.047,0.005,-247.927,0.805,4.275,0.074,0.006,-175.806,0.765,4.352,0.086,0.006,-140.031,0.738,4.72,0.067,0.007,-118.613,0.719,5.064,0.106,0.009,-65.975,0.591,5.199,0.066,0.009,-69.099,0.594,5.529,0.039,0.006,-129.097,0.905,5.997,0.075,0.006,-159.886,1.054,6.056,0.085,0.006,-104.276,0.951,6.262,0.058,0.005,-153.54,1.158,6.651,0.016,0.007,-73.784,0.962,6.996,0.01,0.009,-48.792,0.763,7.175,0.069,0.008,-73.929,0.896,8.32,0.01,0.012,-21.477,0.676,8.429,0.012
67,6148,45322623_1450,1/19/2023 14:57,25,2,QPLog 10-1631 (16) rev14,TRUE,,GD,No Defect,Not Done,Pass,Green,Not Done,Pass,Green,Pass,(None),300_FW,none,,0,0,TRUE,Pass,0,0,,2.184,2.305,3.026,3.136,0,3.314,3.397,4.064,4.194,4.275,4.354,4.716,5.058,5.198,5.522,5.989,6.058,6.263,6.655,6.992,7.171,8.316,8.421,5.121,5.7,3.755,6.156,11.377,0.525,0.277,0.438,0.266,0,-0.339,0.077,-0.223,-0.705,-0.265,-0.157,-0.289,-0.358,-0.119,-0.285,-0.319,-0.217,0.198,0.336,0.776,0.269,0.551,0.422,-0.08,0.114,-0.217,0.515,0.105,2.184,0.327,0.011,-49.638,0.208,2.305,0.407,0.01,-67.967,0.237,3.026,0.072,0.007,-85.237,0.44,3.136,0.171,0.006,-153.424,0.525,0,0,0,0,0,3.314,0.08,0.007,-103.178,0.478,3.397,0.029,0.01,-59.505,0.34,4.064,0.047,0.007,-97.909,0.585,4.194,0.042,0.006,-178.04,0.708,4.275,0.063,0.007,-156.075,0.654,4.354,0.068,0.007,-105.689,0.657,4.716,0.054,0.01,-71.044,0.496,5.058,0.101,0.01,-50.331,0.493,5.198,0.067,0.009,-72.838,0.603,5.522,0.03,0.006,-127.298,0.952,5.989,0.084,0.005,-184.409,1.136,6.058,0.078,0.007,-99.551,0.908,6.263,0.059,0.006,-147.725,1.113,6.655,0.017,0.007,-80.631,0.984,6.992,0.01,0.009,-56.664,0.762,7.171,0.068,0.007,-88.201,0.956,8.316,0.011,0.011,-34.241,0.771,8.421,0.012
68,6200,45378459_1450,2/16/2023 12:55,24.3,2,QPLog 10-1631 (16) rev14,TRUE,,B3,No Defect,Pass,Pass,Green,Not Done,Pass,Green,Pass,(None),300_FW,none,,5,2015,TRUE,Pass,0,0,,2.168,2.291,3.016,3.129,3.159,3.329,3.386,4.057,4.219,4.279,4.335,4.72,5.068,5.196,5.528,5.994,6.075,6.247,6.628,6.98,7.17,8.314,8.39,5.132,5.702,3.749,6.142,11.369,-0.602,-1.288,-0.43,-0.41,-0.292,1.206,-0.591,-0.571,0.815,-0.002,-1.28,-0.007,0.214,-0.243,0.051,-0.027,0.657,-0.492,-0.656,0.357,0.219,0.453,-0.557,0.473,0.381,-0.877,-0.086,-0.098,2.168,0.121,0.011,-29.24,0.206,2.291,0.13,0.009,-13.332,0.242,3.016,0.079,0.007,-94.999,0.416,3.129,0.158,0.006,-141.277,0.534,3.159,0.01,0.002,-252.583,1.275,3.329,0.091,0.006,-121.497,0.53,3.386,0.035,0.009,-60.921,0.396,4.057,0.042,0.007,-104.717,0.552,4.219,0.04,0.007,-164.859,0.648,4.279,0.076,0.005,-197.178,0.793,4.335,0.011,0.003,-51.239,1.381,4.72,0.041,0.008,-89.032,0.566,5.068,0.086,0.009,-69.637,0.552,5.196,0.054,0.007,-78.822,0.784,5.528,0.047,0.006,-144.82,0.93,5.994,0.031,0.004,-56.67,1.577,6.075,0.05,0.005,-207.242,1.308,6.247,0.065,0.005,-193.484,1.203,6.628,0.017,0.007,-78.935,0.964,6.98,0.017,0.007,-79.162,0.953,7.17,0.058,0.008,-83.668,0.945,8.314,0.009,0.012,-33.587,0.695,8.39,0.009
69,6200,45378459_1450,2/16/2023 13:16,24.4,2,QPLog 10-1631 (16) rev14,TRUE,,GD,No Defect,Pass,Pass,Green,Not Done,Pass,Green,Pass,(None),300_FW,none,,5,2015,TRUE,Pass,0,0,,2.181,2.317,3.015,3.128,0,3.328,3.385,4.056,4.218,4.278,4.37,4.719,5.068,5.194,5.526,5.992,6.074,6.246,6.627,6.957,7.168,8.312,8.388,5.13,5.699,3.748,6.141,11.366,0.312,1.469,-0.491,-0.504,0,1.138,-0.61,-0.64,0.756,-0.083,0.768,-0.078,0.191,-0.31,-0.073,-0.153,0.59,-0.537,-0.693,-0.416,0.12,0.385,-0.62,0.408,0.025,-1.013,-0.16,-0.198,2.181,0.293,0.01,-12.295,0.213,2.317,0.269,0.015,-11.831,0.159,3.015,0.078,0.007,-95.12,0.438,3.128,0.157,0.006,-140.221,0.528,0,0,0,0,0,3.328,0.1,0.006,-130.13,0.557,3.385,0.042,0.008,-71.991,0.408,4.056,0.046,0.008,-101.247,0.535,4.218,0.045,0.006,-152.872,0.652,4.278,0.085,0.005,-193.872,0.799,4.37,0.055,0.006,-109.574,0.696,4.719,0.045,0.007,-90.722,0.718,5.068,0.107,0.008,-68.605,0.61,5.194,0.064,0.007,-86.437,0.751,5.526,0.048,0.005,-161.852,1.033,5.992,0.031,0.004,-66.136,1.613,6.074,0.052,0.005,-178.741,1.177,6.246,0.064,0.005,-172.596,1.154,6.627,0.016,0.007,-67.247,0.894,6.957,0.008,0.003,-36.354,2.325,7.168,0.06,0.007,-83.957,0.959,8.312,0.011,0.01,-39.633,0.871,8.388,0.012
70,6549,45338740_1450,2/1/2023 10:21,21.2,2,QPLog 10-1631 (16) rev15,TRUE,,B3,No Defect,Not Done,Pass,Green,Not Done,Pass,Green,Pass,(None),110_LVL (new),none,,12,2015,TRUE,Fail,0,0,,0,0,0,0,0,0,0,0,0,0,0,0,0,0,0,0,0,0,0,0,0,0,0,0,0,0,0,0,0,0,0,0,0,0,0,0,0,0,0,0,0,0,0,0,0,0,0,0,0,0,0,0,0,0,0,0,0,0,0,0,0,0,0,0,0,0,0,0,0,0,0,0,0,0,0,0,0,0,0,0,0,0,0,0,0,0,0,0,0,0,0,0,0,0,0,0,0,0,0,0,0,0,0,0,0,0,0,0,0,0,0,0,0,0,0,0,0,0,0,0,0,0,0,0,0,0,0,0,0,0,0,0,0,0,0,0,0,0,0,0,0,0,0,0,0,0,0,0,0,0,0,0,0,0,0,0,0,0,0,0,0,0,0,0,0,0,0,0
71,6549,45338740_1450,2/1/2023 10:27,20.7,2,QPLog 10-1631 (16) rev15,TRUE,,GD,No Defect,Not Done,Pass,Green,Not Done,Pass,Green,Pass,(None),110_LVL (new),none,,12,2015,TRUE,Pass,0,0,,2.162,2.3,3.009,3.116,3.132,3.32,3.37,4.035,4.206,4.261,4.359,4.706,5.053,5.175,5.511,5.974,6.055,6.237,6.608,6.942,7.148,8.286,8.369,5.118,5.688,3.75,6.127,11.329,-1.011,-0.31,-1.077,-1.614,-2.326,0.245,-1.528,-1.74,0.01,-1.073,0.093,-1.045,-0.592,-1.265,-0.944,-1.028,-0.34,-0.96,-1.384,-0.968,-0.877,-0.734,-1.216,-0.258,-1.03,-0.781,-0.768,-1.214,2.162,0.233,0.008,-27.409,0.268,2.3,0.439,0.008,-64.063,0.289,3.009,0.101,0.006,-136.671,0.494,3.116,0.231,0.007,-118.58,0.474,3.132,0.029,0.002,-37.696,1.405,3.32,0.073,0.007,-99.231,0.471,3.37,0.063,0.007,-70.231,0.476,4.035,0.044,0.006,-110.492,0.649,4.206,0.072,0.006,-201.725,0.729,4.261,0.101,0.007,-131.487,0.644,4.359,0.127,0.007,-92.229,0.67,4.706,0.085,0.007,-112.925,0.705,5.053,0.185,0.008,-79.548,0.654,5.175,0.075,0.006,-108.856,0.888,5.511,0.073,0.005,-144.746,1.027,5.974,0.048,0.006,-161.822,0.965,6.055,0.074,0.006,-148.272,1.092,6.237,0.057,0.008,-78.153,0.754,6.608,0.018,0.007,-48.248,0.966,6.942,0.011,0.004,-23.279,1.909,7.148,0.099,0.008,-79.375,0.919,8.286,0.021,0.011,-28.228,0.74,8.369,0.03
72,B0044,45361560_1450,2/14/2023 13:57,21.8,2,QPLog 10-1631 (16) rev14,TRUE,,B3,No Defect,Pass,Pass,Green,Pass,Pass,Green,Pass,(None),200_LA (old),none,,6,2019,TRUE,Fail,0,0,,2.19,2.362,3.059,3.163,3.195,3.326,3.427,4.105,4.22,4.304,4.367,4.733,5.087,5.165,5.55,0,6.075,6.29,6.715,7.049,7.187,0,8.347,5.142,5.723,3.787,6.21,11.428,0.966,6.371,3.298,2.746,2.323,0.897,1.893,1.962,0.854,1.504,0.594,0.868,1.231,-1.754,1.361,0,0.675,1.364,2.535,2.746,1.071,0,-1.908,1.014,2.353,3.146,2.996,1.524,2.19,0.032,0.003,-86.73,0.707,2.362,0.073,0.005,-9.394,0.479,3.059,0.197,0.006,-99.757,0.473,3.163,0.164,0.007,-119.01,0.459,3.195,0.24,0.005,-153.36,0.682,3.326,0.096,0.006,-152.522,0.599,3.427,0.048,0.011,-36.509,0.324,4.105,0.062,0.006,-129.491,0.733,4.22,0.032,0.006,-236.34,0.759,4.304,0.072,0.006,-92.654,0.67,4.367,0.067,0.006,-110.731,0.769,4.733,0.073,0.007,-101.36,0.675,5.087,0.076,0.009,-47.659,0.572,5.165,0.008,0.004,-85.161,1.429,5.55,0.045,0.008,-49.585,0.717,0,0,0,0,0,6.075,0.042,0.005,-176.148,1.17,6.29,0.028,0.005,-157.453,1.175,6.715,0.04,0.007,-85.727,0.937,7.049,0.06,0.008,-82.145,0.936,7.187,0.049,0.008,-76.954,0.949,0,0,0,0,0,8.347,0.004
73,B0044,45361560_1450,2/14/2023 14:19,21.6,2,QPLog 10-1631 (16) rev14,TRUE,,B3,No Defect,Pass,Pass,Green,Pass,Pass,Green,Pass,(None),200_LA (old),none,,6,2019,TRUE,Pass,0,0,,2.203,2.311,3.056,3.162,3.194,3.326,3.428,4.105,4.22,4.305,4.366,4.734,5.085,5.312,5.552,6.021,6.076,6.29,6.715,7.048,7.186,8.331,8.493,5.14,5.722,3.787,6.212,11.429,1.867,0.889,3.102,2.63,2.252,0.897,1.918,1.928,0.876,1.564,0.536,0.924,1.168,5.519,1.426,1.306,0.704,1.364,2.548,2.734,1.035,1.179,2.732,0.921,2.236,3.072,3.084,1.542,2.203,0.048,0.004,-49.753,0.591,2.311,0.088,0.009,-53.524,0.269,3.056,0.213,0.007,-86.38,0.455,3.162,0.186,0.007,-104.317,0.429,3.194,0.259,0.005,-144.589,0.67,3.326,0.109,0.006,-173.386,0.592,3.428,0.051,0.01,-33.725,0.33,4.105,0.069,0.006,-119.296,0.701,4.22,0.036,0.005,-243.557,0.839,4.305,0.079,0.008,-134.268,0.55,4.366,0.083,0.005,-109.593,0.803,4.734,0.082,0.006,-105.864,0.76,5.085,0.091,0.009,-52.228,0.55,5.312,0.024,0.004,-143.913,1.315,5.552,0.048,0.007,-56.787,0.793,6.021,0.058,0.005,-73.089,1.166,6.076,0.046,0.005,-191.714,1.195,6.29,0.031,0.006,-150.016,1.085,6.715,0.041,0.007,-84.759,0.922,7.048,0.063,0.007,-89.143,0.955,7.186,0.057,0.007,-85.424,1.005,8.331,0.01,0.006,-20.311,1.308,8.493,0.039
74,B0044,45361560_1450,2/14/2023 14:08,21.3,2,QPLog 10-1631 (16) rev14,TRUE,,B3,No Defect,Pass,Pass,Green,Pass,Pass,Green,Pass,(None),200_LA (old),none,,6,2019,TRUE,Pass,0,0,,2.201,2.329,3.056,3.163,3.194,3.326,3.427,4.105,4.22,4.304,4.359,4.733,5.086,5.312,5.569,0,6.076,6.29,6.715,7.049,7.187,8.332,8.441,5.14,5.722,3.787,6.211,11.429,1.698,2.822,3.096,2.717,2.298,0.932,1.854,1.944,0.856,1.524,0.1,0.909,1.199,5.544,2.469,0,0.691,1.348,2.548,2.758,1.076,1.242,1.063,0.906,2.272,3.072,3.057,1.545,2.201,0.109,0.007,-43.747,0.317,2.329,0.041,0.003,-68.751,0.731,3.056,0.193,0.008,-86.662,0.405,3.163,0.173,0.007,-155.828,0.475,3.194,0.241,0.005,-152.049,0.672,3.326,0.106,0.005,-174.077,0.611,3.427,0.05,0.011,-39.166,0.301,4.105,0.067,0.008,-97.105,0.539,4.22,0.032,0.006,-214.97,0.762,4.304,0.083,0.006,-139.835,0.712,4.359,0.053,0.004,-120.032,1.205,4.733,0.08,0.007,-98.547,0.7,5.086,0.091,0.01,-63.737,0.529,5.312,0.025,0.005,-115.953,1.061,5.569,0.016,0.006,-100.414,0.905,0,0,0,0,0,6.076,0.044,0.006,-161.383,1.015,6.29,0.031,0.006,-167.099,1.079,6.715,0.043,0.007,-92.226,0.945,7.049,0.062,0.008,-82.247,0.932,7.187,0.051,0.008,-68.895,0.9,8.332,0.013,0.013,-23.859,0.631,8.441,0.005
75,D0466,45404757_1450,2/28/2023 23:37,21.9,2,QPLog 10-1631 (16) rev14,TRUE,,B3,No Defect,Pass,Pass,Green,Not Done,Pass,Green,Pass,(None),200_LA (old),none,,3,2019,TRUE,Pass,0,0,,2.164,2.285,3.041,3.149,3.182,3.333,3.415,4.095,4.235,4.311,4.393,4.741,5.102,5.284,5.557,6.018,6.11,6.279,6.681,7,7.193,8.321,8.449,5.164,5.716,3.78,6.181,11.425,-0.863,-1.973,1.736,1.432,1.397,1.6,1.19,1.399,1.729,1.908,2.088,1.443,2.052,4.155,1.757,1.132,2.451,0.882,1.286,1.055,1.402,0.757,1.331,2.174,1.68,2.397,1.675,1.428,2.164,0.032,0.007,-16.397,0.294,2.285,0.035,0.007,-25.37,0.326,3.041,0.101,0.007,-24.547,0.408,3.149,0.16,0.007,-135.609,0.474,3.182,0.189,0.006,-86.257,0.496,3.333,0.067,0.007,-91.214,0.445,3.415,0.049,0.009,-45.866,0.395,4.095,0.058,0.008,-86.692,0.506,4.235,0.031,0.006,-194.589,0.738,4.311,0.083,0.008,-133.329,0.573,4.393,0.024,0.009,-41.601,0.494,4.741,0.016,0.007,-77.858,0.661,5.102,0.062,0.008,-57.646,0.638,5.284,0.016,0.003,-32.162,1.783,5.557,0.041,0.007,-78.642,0.844,6.018,0.018,0.006,-53.899,1.007,6.11,0.003,0.005,-130.951,1.347,6.279,0.033,0.006,-133.398,1,6.681,0.026,0.008,-88.091,0.887,7,0.019,0.007,-63.256,1.006,7.193,0.046,0.008,-76.287,0.944,8.321,0.007,0.011,-57.759,0.787,8.449,0.031
76,D0466,45404757_1450,2/28/2023 23:25,22.3,2,QPLog 10-1631 (16) rev14,TRUE,,B3,No Defect,Pass,Pass,Green,Not Done,Pass,Green,Pass,(None),200_LA (old),none,,3,2019,TRUE,Pass,0,0,,2.186,2.316,3.041,3.148,3.181,3.331,3.415,4.095,4.234,4.337,4.36,4.721,5.101,5.283,5.57,6.042,6.109,6.279,6.681,7,7.194,8.32,8.336,5.164,0,3.778,6.19,11.423,0.69,1.42,1.763,1.384,1.306,1.462,1.169,1.417,1.709,3.494,0.171,0.024,2.038,4.108,2.514,2.368,2.417,0.868,1.286,1.055,1.438,0.732,-2.263,2.155,0,2.193,2.107,1.385,2.186,0.032,0.003,-16.202,0.671,2.316,0.029,0.008,-26.178,0.275,3.041,0.102,0.009,-39.877,0.357,3.148,0.149,0.007,-136.147,0.45,3.181,0.186,0.005,-121.174,0.652,3.331,0.063,0.007,-102.546,0.495,3.415,0.045,0.008,-52.417,0.417,4.095,0.055,0.008,-94.413,0.529,4.234,0.028,0.006,-162.055,0.663,4.337,0.058,0.006,-135.992,0.674,4.36,0.04,0.006,-125.95,0.691,4.721,0.037,0.007,-116.089,0.652,5.101,0.059,0.01,-47.351,0.499,5.283,0.015,0.006,-43.052,0.933,5.57,0.013,0.003,-15.346,1.678,6.042,0.063,0.007,-80.979,0.825,6.109,0.004,0.005,-137.99,1.328,6.279,0.035,0.006,-131.603,1.089,6.681,0.024,0.008,-60.899,0.853,7,0.02,0.007,-63.118,0.986,7.194,0.046,0.008,-81.669,0.954,8.32,0.008,0.009,-73.179,0.88,8.336,0.003
77,2386,45404810_86833,3/17/2023 9:50,23.1,2,QPLog 10-1631 (16) rev16,TRUE,,GD,No Defect,Not Done,Pass,Green,Not Done,Pass,Green,Pass,(None),110_LVL (new),none,,11,2003,TRUE,Pass,0,0,,2.158,2.309,3.033,3.13,3.143,3.327,3.375,4.052,4.226,4.269,4.354,4.727,5.066,5.182,5.532,6.018,6.056,6.233,6.62,6.947,7.176,0,8.372,5.131,5.696,3.76,6.138,0,-1.299,0.603,1.002,-0.294,-1.482,1,-1.249,-0.834,1.233,-0.61,-0.157,0.481,0.113,-0.91,0.279,1.133,-0.304,-1.106,-0.938,-0.787,0.523,0,-1.12,0.42,-0.27,0.27,-0.287,0,2.158,0.259,0.003,-10.234,0.617,2.309,0.286,0.009,-22.716,0.262,3.033,0.148,0.007,-72.742,0.428,3.13,0.33,0.006,-135.718,0.497,3.143,0.204,0.007,-50.908,0.459,3.327,0.147,0.007,-94.203,0.459,3.375,0.036,0.008,-68.608,0.446,4.052,0.145,0.007,-83.747,0.61,4.226,0.059,0.005,-218.804,0.797,4.269,0.063,0.004,-205.695,1.155,4.354,0.093,0.006,-145.494,0.781,4.727,0.076,0.007,-124.146,0.683,5.066,0.087,0.008,-85.163,0.638,5.182,0.08,0.007,-117.208,0.795,5.532,0.05,0.005,-158,1.029,6.018,0.063,0.005,-93.381,1.207,6.056,0.036,0.006,-124.132,1.059,6.233,0.053,0.007,-91.573,0.844,6.62,0.031,0.007,-82.894,0.915,6.947,0.003,0.009,-49.955,0.808,7.176,0.101,0.007,-92.619,1.015,0,0,0,0,0,8.372,0.052
78,2798,45523806_1450,5/8/2023 14:21,23.4,2,QPLog 10-1631 (16) rev18,TRUE,,GD,No Defect,Pass,Pass,Green,Not Done,Pass,Green,Pass,(None),400_LA (new),none,,4,2006,TRUE,Pass,0,0,,2.172,2.3,3.03,3.139,3.158,3.333,3.398,4.071,4.228,4.272,4.399,4.746,5.083,5.208,5.541,6.011,6.09,6.266,6.646,6.965,7.178,8.318,8.404,5.142,5.71,3.769,6.154,11.402,-0.298,-0.33,0.766,0.507,-0.404,1.619,0.156,0.162,1.332,-0.449,2.433,1.803,1.018,0.389,0.788,0.79,1.406,0.301,0.006,-0.164,0.627,0.654,-0.118,1.03,1.101,1.277,0.451,0.792,2.172,0.038,0.004,-59.566,0.51,2.3,0.075,0.005,-33.564,0.497,3.03,0.173,0.006,-57.426,0.478,3.139,0.275,0.007,-119.696,0.45,3.158,0.05,0.007,-172.603,0.445,3.333,0.134,0.01,-113.587,0.325,3.398,0.12,0.007,-66.184,0.493,4.071,0.066,0.005,-180.333,0.803,4.228,0.111,0.005,-220.805,0.795,4.272,0.04,0.006,-176.802,0.699,4.399,0.197,0.008,-93.238,0.576,4.746,0.119,0.009,-71.821,0.516,5.083,0.168,0.012,-40.29,0.438,5.208,0.113,0.006,-70.296,0.869,5.541,0.099,0.006,-135.253,0.957,6.011,0.037,0.005,-68.128,1.176,6.09,0.143,0.006,-144.074,1.03,6.266,0.129,0.006,-135.718,1.064,6.646,0.025,0.008,-78.304,0.844,6.965,0.016,0.003,-9.618,2.301,7.178,0.176,0.008,-64.672,0.903,8.318,0.036,0.011,-38.424,0.771,8.404,0.027
79,3761,45394045_86833,3/10/2023 11:12,23.3,2,QPLog 10-1631 (16) rev15,TRUE,,GD,(None),Not Done,Not Done,(None),Not Done,Pass,(None),Not Done,(None),110_LVL (new),,,0,0,FALSE,Pass,0,0,,2.174,2.301,3.03,3.129,3.159,3.317,3.381,4.047,4.205,4.266,4.35,4.712,5.056,5.18,5.522,5.983,6.059,6.239,6.629,6.945,7.167,8.309,8.389,5.116,5.695,3.756,6.134,11.381,-0.184,-0.186,0.766,-0.347,-0.348,-0.03,-0.889,-1.106,-0.053,-0.811,-0.388,-0.611,-0.436,-1.034,-0.291,-0.619,-0.134,-0.873,-0.607,-0.853,0.099,0.25,-0.575,-0.357,-0.311,-0.13,-0.452,0.225,2.174,0.275,0.005,-29.779,0.426,2.301,0.293,0.012,-49.2,0.191,3.03,0.089,0.012,-51.56,0.25,3.129,0.241,0.008,-90.002,0.374,3.159,0.02,0.003,-186.105,0.99,3.317,0.142,0.006,-158.731,0.577,3.381,0.054,0.012,-46.437,0.291,4.047,0.075,0.006,-118.18,0.631,4.205,0.061,0.007,-217.013,0.604,4.266,0.124,0.006,-187.178,0.734,4.35,0.112,0.006,-116.067,0.684,4.712,0.089,0.007,-96.368,0.693,5.056,0.16,0.009,-69.302,0.595,5.18,0.093,0.006,-109.245,0.821,5.522,0.045,0.005,-194.363,1.094,5.983,0.04,0.006,-116.94,1.055,6.059,0.082,0.005,-166.638,1.142,6.239,0.061,0.008,-69.604,0.764,6.629,0.022,0.005,-91.232,1.213,6.945,0.013,0.005,-68.72,1.298,7.167,0.142,0.005,-70.846,1.326,8.309,0.023,0.006,-33.321,1.301,8.389,0.035
80,3761,45394045_86833,3/10/2023 11:34,23.4,2,QPLog 10-1631 (16) rev15,TRUE,,GD,(None),Not Done,Not Done,(None),Not Done,Pass,(None),Not Done,(None),110_LVL (new),,,0,0,FALSE,Pass,0,0,,2.186,2.306,3.025,3.139,3.171,3.322,3.404,4.087,4.216,4.3,4.376,4.736,5.08,5.215,5.541,6.009,6.072,6.272,6.662,6.992,7.177,8.319,8.431,5.132,0,3.769,6.16,11.397,0.651,0.322,0.323,0.564,0.59,0.451,0.531,1.014,0.617,1.241,1.086,1.107,0.87,0.728,0.824,0.682,0.501,0.589,0.594,0.776,0.584,0.685,0.754,0.515,0,1.235,0.727,0.663,2.186,0.259,0.007,-28.83,0.331,2.306,0.296,0.01,-36.422,0.225,3.025,0.118,0.009,-43.176,0.327,3.139,0.203,0.006,-164.29,0.521,3.171,0.189,0.009,-64.803,0.363,3.322,0.145,0.007,-117.71,0.501,3.404,0.051,0.011,-44.915,0.319,4.087,0.082,0.006,-124.898,0.708,4.216,0.056,0.006,-194.049,0.757,4.3,0.102,0.008,-92.006,0.52,4.376,0.115,0.006,-112.965,0.703,4.736,0.095,0.006,-106.281,0.729,5.08,0.172,0.01,-64.064,0.508,5.215,0.092,0.009,-69.757,0.612,5.541,0.04,0.005,-129.545,1.195,6.009,0.104,0.006,-137.629,0.981,6.072,0.095,0.006,-117.902,0.994,6.272,0.063,0.007,-77.267,0.922,6.662,0.018,0.008,-44.446,0.838,6.992,0.025,0.009,-56.65,0.811,7.177,0.146,0.008,-79.723,0.949,8.319,0.024,0.01,-37.12,0.797,8.431,0.034
81,3761,45394045_86833,3/10/2023 11:40,23.4,2,QPLog 10-1631 (16) rev15,TRUE,,GD,(None),Not Done,Not Done,(None),Not Done,Pass,(None),Not Done,(None),110_LVL (new),,,0,0,FALSE,Pass,0,0,,2.184,2.306,3.025,3.138,3.169,3.321,3.404,4.086,4.215,4.3,4.376,4.736,5.081,5.213,5.541,6.008,6.072,6.272,6.662,6.992,7.176,8.32,8.431,5.13,0,3.768,6.16,11.395,0.525,0.322,0.305,0.444,0.422,0.382,0.533,0.933,0.556,1.241,1.084,1.078,0.924,0.6,0.83,0.667,0.485,0.575,0.581,0.767,0.541,0.739,0.736,0.407,0,1.148,0.697,0.607,2.184,0.235,0.011,-28.015,0.193,2.306,0.302,0.012,-39.954,0.197,3.025,0.104,0.007,-82.472,0.449,3.138,0.173,0.006,-162.698,0.509,3.169,0.15,0.006,-103.726,0.494,3.321,0.114,0.006,-126.797,0.537,3.404,0.054,0.011,-46.22,0.318,4.086,0.05,0.007,-166.122,0.579,4.215,0.049,0.006,-183.98,0.653,4.3,0.108,0.008,-95.352,0.522,4.376,0.124,0.006,-114.076,0.743,4.736,0.088,0.006,-107.984,0.743,5.081,0.179,0.01,-63.327,0.528,5.213,0.076,0.007,-74.731,0.72,5.541,0.048,0.005,-189.648,1.094,6.008,0.093,0.006,-128.469,0.988,6.072,0.096,0.006,-111.497,1.011,6.272,0.069,0.007,-82.006,0.895,6.662,0.016,0.007,-47.687,0.932,6.992,0.023,0.009,-57.815,0.81,7.176,0.132,0.008,-73.369,0.911,8.32,0.027,0.01,-41.414,0.869,8.431,0.035
82,4257,45453988_1450,3/28/2023 20:01,24.7,2,QPLog 10-1631 (16) rev16,TRUE,,GD,No Defect,Pass,Pass,Green,Not Done,Pass,Green,Pass,(None),400_LA (new),none,,1,2012,TRUE,Pass,0,0,,2.158,2.307,3.003,3.113,3.139,3.316,3.379,4.048,4.206,4.277,4.367,4.73,5.072,5.179,5.536,6,6.058,6.23,6.607,6.92,7.158,8.306,8.388,5.113,5.685,3.749,6.125,11.332,-1.287,0.4,-1.576,-1.82,-1.815,-0.099,-1.007,-1.04,0.029,-0.103,0.594,0.663,0.411,-1.083,0.494,0.24,-0.237,-1.235,-1.421,-1.711,-0.382,0.105,-0.63,-0.48,-1.304,-0.839,-0.866,-1.108,2.158,0.262,0.011,-48.759,0.203,2.307,0.311,0.012,-51.472,0.193,3.003,0.11,0.01,-57.183,0.304,3.113,0.205,0.006,-158.913,0.496,3.139,0.081,0.004,-113.787,0.838,3.316,0.082,0.007,-96.936,0.464,3.379,0.109,0.01,-72.706,0.354,4.048,0.027,0.007,-82.199,0.611,4.206,0.061,0.006,-193.604,0.708,4.277,0.192,0.007,-148.849,0.651,4.367,0.219,0.006,-146.175,0.759,4.73,0.111,0.009,-82.756,0.525,5.072,0.176,0.011,-44.479,0.453,5.179,0.079,0.008,-64.234,0.672,5.536,0.098,0.005,-114.401,1.095,6,0.14,0.006,-176.341,1.055,6.058,0.184,0.006,-100.727,0.937,6.23,0.122,0.005,-174.901,1.147,6.607,0.019,0.004,-63.054,1.737,6.92,0.009,0.003,-19.615,2.129,7.158,0.069,0.007,-75.294,1.076,8.306,0.017,0.008,-59.957,1.026,8.388,0.019
83,4310,45493854_1450,4/19/2023 9:48,25.5,2,QPLog 10-1631 (16) rev15,TRUE,,GD,No Defect,Pass,Pass,Green,Not Done,Pass,Green,Pass,(None),300_FW,none,,2,2012,TRUE,Pass,0,0,,2.177,2.302,3.02,3.125,3.155,3.306,3.378,4.04,4.185,4.25,4.333,4.698,5.036,5.165,5.503,5.979,6.032,6.232,6.613,6.959,7.14,8.277,8.375,5.094,5.689,3.746,6.116,11.322,0.004,-0.124,-0.132,-0.776,-0.573,-1.129,-1.027,-1.477,-1.201,-1.75,-1.399,-1.57,-1.526,-1.745,-1.443,-0.778,-1.522,-1.161,-1.201,-0.35,-1.244,-1.116,-1.03,-1.503,-0.899,-1.225,-1.272,-1.4,2.177,0.049,0.012,-22.123,0.183,2.302,0.486,0.013,-46.825,0.181,3.02,0.103,0.006,-118.55,0.5,3.125,0.262,0.007,-112.637,0.48,3.155,0.012,0.003,-231.004,1.06,3.306,0.115,0.007,-107.142,0.495,3.378,0.045,0.013,-44.095,0.261,4.04,0.053,0.008,-111.054,0.501,4.185,0.055,0.005,-231.305,0.764,4.25,0.123,0.006,-170.594,0.75,4.333,0.081,0.007,-99.526,0.652,4.698,0.076,0.007,-121.933,0.68,5.036,0.114,0.012,-48.153,0.432,5.165,0.085,0.007,-73.601,0.711,5.503,0.059,0.005,-159.183,1.003,5.979,0.115,0.004,-194.366,1.437,6.032,0.077,0.006,-118.8,1.006,6.232,0.083,0.005,-192.147,1.197,6.613,0.016,0.011,-30.576,0.61,6.959,0.013,0.008,-60.04,0.82,7.14,0.089,0.008,-62.645,0.864,8.277,0.017,0.01,-47.836,0.868,8.375,0.013
84,4587,45442187_1450,3/22/2023 15:58,20.6,2,QPLog 10-1631 (16) rev16,TRUE,,B3,(None),Not Done,Not Done,(None),Not Done,Pass,(None),Not Done,(None),400_LA (new),,,0,0,FALSE,Pass,0,0,,2.158,2.296,3.015,3.126,3.165,3.32,3.409,4.073,4.203,4.292,4.369,4.74,5.074,5.25,5.539,6.004,6.066,6.252,6.64,0,7.259,8.313,8.405,5.124,5.704,3.756,6.15,11.388,-1.248,-0.793,-0.493,-0.692,0.102,0.314,0.833,0.264,-0.133,0.765,0.691,1.346,0.529,2.439,0.713,0.437,0.184,-0.282,-0.206,0,4.655,0.41,-0.068,0.077,0.518,-0.164,0.283,0.432,2.158,0.096,0.012,-32.657,0.186,2.296,0.222,0.011,-9.844,0.206,3.015,0.095,0.014,-63.579,0.22,3.126,0.114,0.005,-185.329,0.577,3.165,0.007,0.002,-188.824,1.51,3.32,0.111,0.008,-120.246,0.414,3.409,0.159,0.012,-33.814,0.276,4.073,0.047,0.006,-136.296,0.641,4.203,0.039,0.006,-113.9,0.727,4.292,0.186,0.006,-110.211,0.71,4.369,0.332,0.01,-56.445,0.418,4.74,0.328,0.011,-53.562,0.44,5.074,0.292,0.008,-80.693,0.674,5.25,0.065,0.006,-139.434,0.843,5.539,0.156,0.01,-75.448,0.569,6.004,0.067,0.006,-183.889,0.936,6.066,0.037,0.004,-225.282,1.353,6.252,0.078,0.008,-73.057,0.8,6.64,0.002,0.005,-40.3,1.262,0,0,0,0,0,7.259,0.064,0.012,-27.388,0.591,8.313,0.037,0.008,-56.951,1.049,8.405,0.055
85,5394,45481222_1450,4/12/2023 16:39,26.2,2,QPLog 10-1631 (16) rev15,TRUE,,B3,No Defect,Pass,Pass,Green,Not Done,Pass,Green,Pass,(None),300_FW,none,,12,2014,TRUE,Pass,0,0,,2.165,2.316,3.02,3.134,3.156,3.319,3.393,4.063,4.213,4.272,4.347,4.712,5.06,5.194,5.525,5.996,6.061,6.251,6.643,6.957,7.152,8.289,8.411,5.125,5.703,3.755,6.133,11.351,-0.818,1.389,-0.098,0.077,-0.513,0.21,-0.155,-0.245,0.457,-0.406,-0.599,-0.61,-0.225,-0.298,-0.131,0.061,-0.06,-0.342,-0.117,-0.448,-0.648,-0.597,0.102,0.132,0.449,-0.287,-0.499,-0.6,2.165,0.272,0.014,-30.901,0.159,2.316,0.282,0.014,-12.338,0.171,3.02,0.08,0.006,-114.911,0.495,3.134,0.142,0.007,-113.499,0.47,3.156,0.04,0.005,-142.802,0.605,3.319,0.063,0.007,-87.166,0.46,3.393,0.062,0.007,-84.225,0.474,4.063,0.024,0.005,-141.29,0.767,4.213,0.047,0.006,-235.272,0.734,4.272,0.11,0.005,-181.596,0.777,4.347,0.117,0.007,-119.376,0.616,4.712,0.051,0.007,-109.914,0.663,5.06,0.13,0.01,-47.663,0.53,5.194,0.052,0.006,-54.145,0.864,5.525,0.07,0.005,-167.477,1.043,5.996,0.108,0.006,-137.397,0.948,6.061,0.013,0.005,-154.94,1.332,6.251,0.061,0.005,-185.924,1.201,6.643,0.015,0.008,-53.955,0.82,6.957,0.006,0.006,-51.734,1.228,7.152,0.058,0.009,-53.143,0.801,8.289,0.011,0.011,-37.117,0.776,8.411,0.008
86,5394,45481222_1450,4/12/2023 16:57,26,2,QPLog 10-1631 (16) rev15,TRUE,,GD,No Defect,Pass,Pass,Green,Not Done,Pass,Green,Pass,(None),300_FW,none,,12,2014,TRUE,Pass,0,0,,2.164,2.32,3.021,3.135,3.158,3.322,3.392,4.066,4.214,4.27,4.346,4.712,5.057,5.195,5.524,5.996,6.061,6.25,6.642,6.958,7.153,8.292,8.411,5.125,5.703,3.757,6.133,11.361,-0.887,1.78,-0.003,0.208,-0.412,0.52,-0.195,-0.118,0.506,-0.528,-0.657,-0.603,-0.413,-0.268,-0.216,0.061,-0.06,-0.361,-0.141,-0.411,-0.626,-0.47,0.102,0.104,0.402,0.006,-0.508,-0.333,2.164,0.3,0.007,-10.92,0.31,2.32,0.204,0.004,-4.229,0.648,3.021,0.098,0.006,-111.001,0.484,3.135,0.187,0.007,-134.03,0.48,3.158,0.088,0.006,-116.851,0.517,3.322,0.091,0.008,-97.192,0.412,3.392,0.046,0.007,-78.87,0.508,4.066,0.053,0.006,-112.945,0.654,4.214,0.052,0.005,-248.14,0.784,4.27,0.081,0.007,-149.163,0.649,4.346,0.108,0.007,-124.818,0.65,4.712,0.059,0.008,-114.907,0.625,5.057,0.106,0.01,-52.405,0.507,5.195,0.069,0.006,-104.894,0.845,5.524,0.051,0.005,-166.123,1.049,5.996,0.115,0.006,-136.497,0.967,6.061,0.009,0.004,-148.747,1.499,6.25,0.058,0.005,-191.357,1.224,6.642,0.016,0.008,-44.502,0.823,6.958,0.007,0.005,-46.364,1.274,7.153,0.064,0.008,-60.054,0.868,8.292,0.016,0.009,-45.046,0.893,8.411,0.008
87,6139,45483807_1450,4/13/2023 14:00,25.9,2,QPLog 10-1631 (16) rev15,TRUE,,B3,No Defect,Pass,Pass,Green,Not Done,Pass,Green,Pass,(None),300_FW,none,,4,2015,TRUE,Pass,0,0,,2.161,2.319,3.03,3.14,3.159,3.316,3.394,4.064,4.197,4.273,4.35,4.719,5.059,5.197,5.527,5.991,6.057,6.262,6.652,6.993,7.172,8.315,8.418,5.11,5.701,3.76,6.135,11.371,-1.08,1.701,0.793,0.627,-0.348,-0.167,-0.094,-0.2,-0.487,-0.366,-0.388,-0.117,-0.284,-0.194,-0.04,-0.194,-0.252,0.14,0.238,0.812,0.337,0.485,0.343,-0.65,0.251,0.283,-0.407,-0.043,2.161,0.231,0.017,-8.783,0.128,2.319,0.213,0.021,-5.544,0.109,3.03,0.083,0.013,-63.191,0.226,3.14,0.221,0.006,-134.15,0.497,3.159,0.021,0.002,-295.864,1.372,3.316,0.099,0.006,-114.276,0.539,3.394,0.042,0.007,-76.893,0.521,4.064,0.047,0.005,-123.104,0.806,4.197,0.048,0.006,-191.834,0.705,4.273,0.074,0.006,-182.877,0.721,4.35,0.071,0.006,-108.367,0.703,4.719,0.054,0.008,-94.617,0.622,5.059,0.112,0.009,-56.082,0.591,5.197,0.081,0.006,-83.641,0.825,5.527,0.043,0.006,-144.359,0.966,5.991,0.081,0.005,-196.895,1.092,6.057,0.088,0.006,-124.956,1.049,6.262,0.066,0.006,-161.715,1.097,6.652,0.023,0.007,-80.054,1.005,6.993,0.013,0.009,-51.32,0.783,7.172,0.073,0.008,-72.394,0.861,8.315,0.017,0.011,-37.458,0.766,8.418,0.011
88,6139,45483807_1450,4/13/2023 14:06,25.9,2,QPLog 10-1631 (16) rev15,TRUE,,GD,No Defect,Pass,Pass,Green,Not Done,Pass,Green,Pass,(None),300_FW,none,,4,2015,TRUE,Pass,0,0,,2.165,2.311,3.03,3.14,3.159,3.316,3.393,4.064,4.197,4.273,4.35,4.718,5.059,5.196,5.526,5.99,6.057,6.261,6.652,6.992,7.171,8.314,8.418,5.109,5.701,3.76,6.135,11.371,-0.821,0.907,0.793,0.627,-0.348,-0.133,-0.126,-0.223,-0.487,-0.386,-0.407,-0.145,-0.284,-0.231,-0.082,-0.224,-0.278,0.11,0.226,0.788,0.305,0.46,0.33,-0.691,0.21,0.278,-0.437,-0.056,2.165,0.198,0.003,-2.091,0.692,2.311,0.263,0.013,-12.552,0.184,3.03,0.089,0.013,-67.305,0.226,3.14,0.227,0.007,-128.171,0.48,3.159,0.024,0.002,-269.565,1.368,3.316,0.117,0.006,-124.768,0.561,3.393,0.048,0.007,-76.098,0.52,4.064,0.057,0.005,-145.063,0.805,4.197,0.056,0.006,-208.705,0.721,4.273,0.079,0.006,-189.409,0.73,4.35,0.086,0.006,-105.253,0.692,4.718,0.064,0.007,-104.978,0.647,5.059,0.114,0.009,-59.863,0.555,5.196,0.079,0.006,-99.182,0.871,5.526,0.045,0.003,-196.378,1.6,5.99,0.087,0.005,-217.618,1.131,6.057,0.09,0.006,-122.195,1.022,6.261,0.063,0.006,-140.522,1.056,6.652,0.024,0.006,-97.267,1.1,6.992,0.013,0.009,-55.322,0.801,7.171,0.077,0.008,-75.165,0.864,8.314,0.015,0.011,-32.448,0.77,8.418,0.015
89,6141,45427917_1450,3/13/2023 15:28,22.6,2,QPLog 10-1631 (16) rev14,TRUE,,GD,No Defect,Pass,Pass,Green,Not Done,Pass,Green,Pass,(None),200_LA (old),none,,4,2015,TRUE,Pass,0,0,,2.17,2.313,3.015,3.134,3.162,3.309,3.397,4.066,4.184,4.276,4.341,4.71,5.05,5.198,5.518,5.976,6.049,6.259,6.645,6.984,7.165,8.307,8.42,5.101,5.7,3.755,6.144,11.372,-0.472,1.032,-0.566,0.043,-0.079,-0.854,0.094,-0.134,-1.301,-0.224,-0.889,-0.765,-0.789,-0.129,-0.516,-0.943,-0.694,0.003,-0.019,0.496,0,0.155,0.391,-1.126,0.176,-0.226,-0.027,-0.024,2.17,0.095,0.003,-29.982,0.719,2.313,0.172,0.011,-30.899,0.208,3.015,0.122,0.009,-41.444,0.346,3.134,0.17,0.006,-198.824,0.549,3.162,0.211,0.004,-144.139,0.811,3.309,0.082,0.008,-88.721,0.415,3.397,0.061,0.007,-76.797,0.502,4.066,0.066,0.006,-121.122,0.674,4.184,0.045,0.007,-156.298,0.568,4.276,0.061,0.007,-137.673,0.645,4.341,0.088,0.006,-112.317,0.733,4.71,0.081,0.008,-118.977,0.569,5.05,0.098,0.008,-61.725,0.617,5.198,0.014,0.004,-119.169,1.249,5.518,0.071,0.005,-140.972,1.101,5.976,0.053,0.006,-186.294,1.027,6.049,0.063,0.007,-117.246,0.878,6.259,0.057,0.006,-163.462,1.106,6.645,0.043,0.006,-114.739,1.141,6.984,0.057,0.007,-94.374,0.989,7.165,0.069,0.007,-82.207,0.974,8.307,0.012,0.012,-28.393,0.703,8.42,0.056
90,6407,45456773_1450,3/31/2023 13:20,20.4,2,QPLog 10-1631 (16) rev16,TRUE,,GD,No Defect,Pass,Pass,Green,Not Done,Pass,Green,Pass,(None),400_LA (new),none,,9,2015,TRUE,Pass,0,0,,2.159,2.314,3.027,3.141,3.165,3.327,3.405,4.077,4.225,4.3,4.391,4.749,5.099,5.213,5.561,6.03,6.089,6.262,6.66,6.972,7.205,8.342,8.44,5.161,5.705,3.775,6.146,11.43,-1.209,1.233,0.482,0.748,0.158,1.035,0.553,0.457,1.133,1.282,1.952,2,1.912,0.615,1.997,1.761,1.366,0.152,0.52,0.091,2.005,1.657,1.052,2.032,0.669,1.81,0.084,1.571,2.159,0.008,0.004,-46.099,0.508,2.314,0.025,0.005,-8.263,0.485,3.027,0.209,0.006,-8.356,0.544,3.141,0.301,0.011,-45.493,0.281,3.165,0.037,0.009,-134.353,0.344,3.327,0.176,0.009,-57.318,0.373,3.405,0.164,0.01,-28.991,0.343,4.077,0.038,0.006,-94.851,0.739,4.225,0.089,0.006,-216.299,0.732,4.3,0.162,0.007,-102.02,0.626,4.391,0.284,0.009,-61.106,0.467,4.749,0.201,0.009,-55.371,0.502,5.099,0.304,0.011,-48.422,0.46,5.213,0.096,0.008,-75.982,0.654,5.561,0.124,0.006,-85.279,1.007,6.03,0.027,0.006,-85.528,1.047,6.089,0.162,0.008,-72.237,0.799,6.262,0.114,0.006,-103.515,0.984,6.66,0.02,0.008,-36.224,0.825,6.972,0.013,0.003,-26.714,2.027,7.205,0.086,0.009,-39.274,0.822,8.342,0.019,0.009,-32.497,0.918,8.44,0.039
91,8036,45447508_1450,3/24/2023 15:30,20.2,2,QPLog 10-1631 (16) rev16,TRUE,,GD,No Defect,Pass,Pass,Green,Not Done,Pass,Green,Pass,(None),400_LA (new),none,,8,2017,TRUE,Pass,0,0,,2.187,2.308,3.02,3.139,3.171,3.315,3.412,4.081,4.205,4.284,4.356,4.723,5.076,5.213,5.538,6.014,6.076,6.271,6.657,6.967,7.18,8.313,8.422,5.14,0,3.76,6.165,11.396,0.748,0.57,-0.051,0.502,0.545,-0.236,0.969,0.69,-0.029,0.321,-0.041,0.192,0.63,0.628,0.605,0.943,0.706,0.52,0.422,-0.084,0.716,0.439,0.473,0.93,0,0.278,0.945,0.629,2.187,0.229,0.01,-37.866,0.229,2.308,0.238,0.014,-42.058,0.166,3.02,0.078,0.007,-43.442,0.408,3.139,0.198,0.007,-139.124,0.433,3.171,0.135,0.008,-66.978,0.394,3.315,0.117,0.006,-109.804,0.52,3.412,0.063,0.011,-47.797,0.317,4.081,0.058,0.006,-156.462,0.716,4.205,0.063,0.006,-212.262,0.712,4.284,0.099,0.006,-207.922,0.717,4.356,0.194,0.006,-140.994,0.742,4.723,0.108,0.007,-111.274,0.71,5.076,0.148,0.009,-55.06,0.545,5.213,0.067,0.006,-81.412,0.934,5.538,0.076,0.006,-124.347,0.903,6.014,0.126,0.007,-134.74,0.91,6.076,0.125,0.005,-166.873,1.185,6.271,0.104,0.006,-158.911,1.072,6.657,0.021,0.008,-48.434,0.877,6.967,0.005,0.005,-72.466,1.478,7.18,0.157,0.008,-65.728,0.864,8.313,0.027,0.014,-30.926,0.589,8.422,0.035
92,9065,45459487_1450,4/1/2023 11:47,21.4,2,QPLog 10-1631 (16) rev16,TRUE,,GD,No Defect,Pass,Pass,Green,Not Done,Pass,Green,Pass,(None),400_LA (new),none,,9,2018,TRUE,Pass,0,0,,2.173,2.296,3.018,3.137,3.181,3.323,3.419,4.105,4.216,4.308,4.387,4.744,5.095,5.234,5.548,6.026,6.09,6.28,6.661,6.966,7.197,8.342,8.423,5.144,5.709,3.762,6.175,11.437,-0.251,-0.718,-0.244,0.386,1.296,0.623,1.387,1.923,0.636,1.726,1.721,1.691,1.7,1.69,1.215,1.547,1.453,0.927,0.545,-0.11,1.556,1.674,0.499,1.12,0.966,0.529,1.411,1.756,2.173,0.242,0.004,-10.404,0.494,2.296,0.156,0.005,-44.815,0.435,3.018,0.078,0.015,-30.439,0.203,3.137,0.185,0.006,-144.279,0.505,3.181,0.168,0.01,-48.468,0.318,3.323,0.136,0.006,-122.882,0.52,3.419,0.037,0.013,-37.919,0.273,4.105,0.081,0.008,-106.957,0.533,4.216,0.061,0.005,-228.221,0.792,4.308,0.045,0.006,-155.051,0.732,4.387,0.094,0.006,-116.063,0.765,4.744,0.068,0.008,-94.81,0.605,5.095,0.106,0.012,-37.043,0.409,5.234,0.087,0.006,-43.744,0.951,5.548,0.023,0.006,-121.751,0.938,6.026,0.108,0.006,-114.796,0.96,6.09,0.096,0.006,-122.183,1.065,6.28,0.079,0.006,-149.071,1.1,6.661,0.012,0.009,-43.539,0.726,6.966,0.009,0.003,-23.339,2.048,7.197,0.095,0.007,-72.011,1.03,8.342,0.017,0.009,-25.424,0.94,8.423,0.019
93,9066,45481233_1450,4/12/2023 18:00,24.9,2,QPLog 10-1631 (16) rev15,TRUE,,B3,No Defect,Pass,Pass,Green,Pass,Pass,Green,Pass,(None),300_FW,none,,9,2018,TRUE,Pass,0,0,,2.193,2.322,3.019,3.139,3.183,3.323,3.425,4.108,4.217,4.304,4.387,4.748,5.101,5.234,5.553,6.028,6.084,6.282,6.662,6.962,7.197,8.344,8.432,5.14,5.717,3.758,6.174,11.419,1.131,2.058,-0.212,0.541,1.494,0.623,1.755,2.082,0.676,1.524,1.72,1.937,1.996,1.687,1.527,1.668,1.144,1.017,0.594,-0.25,1.56,1.728,0.772,0.939,1.803,0.054,1.368,1.267,2.193,0.193,0.005,-10.256,0.456,2.322,0.299,0.026,-7.58,0.091,3.019,0.085,0.006,-112.622,0.517,3.139,0.122,0.006,-165.761,0.536,3.183,0.118,0.007,-94.207,0.481,3.323,0.082,0.009,-86.265,0.384,3.425,0.036,0.01,-42.891,0.353,4.108,0.054,0.007,-92.265,0.557,4.217,0.037,0.006,-222.682,0.755,4.304,0.031,0.006,-190.659,0.745,4.387,0.056,0.006,-127.47,0.684,4.748,0.048,0.007,-108.412,0.72,5.101,0.102,0.009,-70.856,0.541,5.234,0.057,0.006,-86.168,0.886,5.553,0.044,0.005,-164.536,1.02,6.028,0.075,0.005,-165.238,1.1,6.084,0.014,0.004,-175.014,1.555,6.282,0.038,0.006,-130.88,0.999,6.662,0.016,0.007,-71.893,0.938,6.962,0.006,0.006,-59.152,1.211,7.197,0.049,0.009,-61.137,0.845,8.344,0.005,0.011,-33.331,0.788,8.432,0.015
94,9066,45481233_1450,4/12/2023 18:07,25.2,2,QPLog 10-1631 (16) rev15,TRUE,,B3,No Defect,Pass,Pass,Green,Pass,Pass,Green,Pass,(None),300_FW,none,,9,2018,TRUE,Pass,0,0,,2.179,2.296,3.018,3.138,3.183,3.323,3.427,4.107,4.216,4.304,4.386,4.746,5.099,5.234,5.553,6.028,6.084,6.282,6.661,6.962,7.195,8.342,8.431,5.138,5.719,3.765,6.175,11.421,0.148,-0.693,-0.273,0.478,1.447,0.588,1.858,2.066,0.637,1.484,1.682,1.832,1.927,1.65,1.534,1.651,1.144,1.014,0.557,-0.274,1.484,1.674,0.767,0.828,1.931,0.816,1.411,1.314,2.179,0.222,0.01,-13.421,0.212,2.296,0.16,0.004,-63.705,0.537,3.018,0.087,0.006,-113.452,0.513,3.138,0.124,0.006,-160.444,0.518,3.183,0.121,0.007,-92.037,0.472,3.323,0.085,0.008,-70.863,0.407,3.427,0.037,0.009,-46.606,0.373,4.107,0.059,0.007,-106.642,0.6,4.216,0.039,0.006,-229.412,0.752,4.304,0.034,0.006,-180.72,0.764,4.386,0.061,0.006,-117.739,0.719,4.746,0.052,0.007,-90.769,0.682,5.099,0.115,0.009,-55.089,0.59,5.234,0.067,0.008,-79.405,0.692,5.553,0.046,0.005,-154.389,1.074,6.028,0.089,0.006,-156.288,1.09,6.084,0.017,0.004,-173.563,1.61,6.282,0.049,0.006,-109.318,0.994,6.661,0.016,0.007,-72.903,0.955,6.962,0.007,0.006,-64.07,1.212,7.195,0.067,0.008,-64.936,0.876,8.342,0.007,0.015,-29.91,0.568,8.431,0.013
95,B0276,45521386_1450,5/8/2023 13:11,23.3,2,QPLog 10-1631 (16) rev18,TRUE,,GD,No Defect,Pass,Pass,Green,Not Done,Pass,Green,Pass,(None),400_LA (new),none,,9,2019,TRUE,Pass,0,0,,2.19,2.301,3.024,3.149,3.192,3.318,3.43,4.108,4.21,4.298,4.348,4.728,5.071,5.222,5.535,5.997,6.055,6.287,6.693,7.005,7.162,8.304,8.453,5.143,5.705,3.766,6.18,11.393,0.914,-0.161,0.27,1.403,2.158,0.073,2.074,2.082,0.249,1.14,-0.541,0.538,0.396,1.065,0.429,0.126,-0.375,1.261,1.739,1.229,-0.161,0.026,1.44,1.065,0.586,0.865,1.622,0.565,2.19,0.054,0.006,-43.659,0.344,2.301,0.037,0.007,-70.707,0.345,3.024,0.173,0.01,-33.77,0.295,3.149,0.172,0.007,-95.153,0.444,3.192,0.19,0.009,-53.225,0.358,3.318,0.117,0.006,-96.746,0.542,3.43,0.039,0.01,-37.834,0.336,4.108,0.056,0.007,-122.04,0.579,4.21,0.054,0.005,-190.028,0.849,4.298,0.079,0.008,-135.279,0.561,4.348,0.163,0.008,-96.872,0.521,4.728,0.065,0.006,-140.445,0.748,5.071,0.126,0.008,-68.785,0.611,5.222,0.013,0.002,-28.982,3.242,5.535,0.026,0.006,-117.126,0.979,5.997,0.122,0.006,-122.705,0.952,6.055,0.08,0.006,-138.491,1.029,6.287,0.052,0.006,-131.052,1.085,6.693,0.019,0.007,-57.163,0.946,7.005,0.025,0.009,-60.524,0.814,7.162,0.121,0.009,-54.064,0.842,8.304,0.045,0.006,-66.716,1.466,8.453,0.018
96,D0138,45513969_1450,4/30/2023 12:16,24.8,2,QPLog 10-1631 (16) rev15,TRUE,,GD,No Defect,Not Done,Pass,Green,Not Done,Pass,Green,Pass,(None),300_FW,none,,0,0,TRUE,Pass,0,0,,2.193,2.308,3.032,3.15,3.181,3.323,3.42,4.101,4.217,4.314,4.381,4.74,5.095,5.235,5.552,6.03,6.085,6.285,6.685,7.012,7.194,8.342,8.457,5.141,5.715,3.766,6.185,11.426,1.152,0.595,0.975,1.561,1.296,0.554,1.486,1.7,0.677,2.09,1.412,1.389,1.717,1.7,1.447,1.731,1.154,1.146,1.457,1.482,1.438,1.647,1.589,0.973,1.545,0.938,1.84,1.458,2.193,0.35,0.011,-38.769,0.203,2.308,0.437,0.009,-86.47,0.262,3.032,0.058,0.008,-74.671,0.374,3.15,0.152,0.006,-178.537,0.554,3.181,0.084,0.007,-84.855,0.44,3.323,0.086,0.006,-100.015,0.565,3.42,0.036,0.007,-71.133,0.486,4.101,0.05,0.007,-119.247,0.626,4.217,0.043,0.006,-215.529,0.718,4.314,0.067,0.007,-124.427,0.585,4.381,0.076,0.006,-144.433,0.745,4.74,0.051,0.007,-80.18,0.634,5.095,0.107,0.009,-53.407,0.542,5.235,0.058,0.008,-65.043,0.672,5.552,0.042,0.005,-169.045,1.043,6.03,0.102,0.006,-141.087,1.025,6.085,0.077,0.005,-168.935,1.13,6.285,0.051,0.005,-167.133,1.168,6.685,0.015,0.007,-72.205,0.909,7.012,0.011,0.008,-61.282,0.862,7.194,0.073,0.007,-78.437,0.966,8.342,0.004,0.006,-56.231,1.385,8.457,0.008
97,D0283,45509558_355,4/27/2023 11:41,24.6,2,QPLog 10-1631 (16) rev15,TRUE,,B3,No Defect,Not Done,Pass,Green,Not Done,Pass,Green,Pass,(None),300_FW,none,,0,0,TRUE,Pass,0,0,,2.19,2.312,3.014,3.134,3.172,3.296,3.414,4.081,4.17,4.287,4.343,4.715,5.057,5.199,5.523,5.96,6.029,6.257,6.64,6.966,7.159,8.301,8.404,5.079,5.697,3.743,6.142,11.341,0.909,0.981,-0.613,0.106,0.643,-2.209,1.13,0.668,-2.126,0.463,-0.812,-0.371,-0.404,-0.067,-0.275,-1.772,-1.721,-0.057,-0.227,-0.129,-0.331,-0.113,-0.113,-2.28,-0.153,-1.456,-0.09,-0.876,2.19,0.158,0.004,-9.841,0.574,2.312,0.243,0.003,-27.22,0.671,3.014,0.079,0.008,-127.448,0.373,3.134,0.12,0.006,-184.983,0.559,3.172,0.102,0.006,-98.354,0.505,3.296,0.078,0.008,-68.762,0.416,3.414,0.031,0.011,-46.45,0.313,4.081,0.043,0.01,-114.975,0.416,4.17,0.028,0.005,-200.718,0.76,4.287,0.066,0.006,-195.797,0.76,4.343,0.056,0.006,-128.421,0.713,4.715,0.053,0.007,-113.336,0.629,5.057,0.086,0.009,-77.819,0.559,5.199,0.057,0.008,-61.261,0.671,5.523,0.043,0.005,-197.308,1.126,5.96,0.029,0.005,-168.28,1.275,6.029,0.079,0.007,-111.636,0.9,6.257,0.044,0.006,-156.705,1.106,6.64,0.014,0.008,-55.19,0.872,6.966,0.007,0.009,-53.313,0.802,7.159,0.06,0.009,-55.271,0.804,8.301,0.013,0.016,-38.636,0.518,8.404,0.012
98,D0283,45509558_355,4/27/2023 11:47,24.8,2,QPLog 10-1631 (16) rev15,TRUE,,GD,No Defect,Not Done,Pass,Green,Not Done,Pass,Green,Pass,(None),300_FW,none,,0,0,TRUE,Pass,0,0,,2.174,2.306,3.014,3.134,3.172,3.296,3.413,4.078,4.169,4.287,4.344,4.716,5.057,5.199,5.522,5.959,6.029,6.257,6.639,6.965,7.159,8.302,8.404,5.078,5.696,3.743,6.141,11.342,-0.197,0.371,-0.658,0.077,0.639,-2.243,1.051,0.535,-2.164,0.503,-0.753,-0.343,-0.404,-0.08,-0.291,-1.807,-1.716,-0.085,-0.239,-0.143,-0.311,-0.059,-0.1,-2.325,-0.283,-1.51,-0.146,-0.853,2.174,0.19,0.019,-8.482,0.112,2.306,0.244,0.011,-11.438,0.203,3.014,0.086,0.008,-86.683,0.364,3.134,0.121,0.006,-171.409,0.531,3.172,0.107,0.007,-97.152,0.427,3.296,0.08,0.008,-77.315,0.437,3.413,0.032,0.01,-35.601,0.326,4.078,0.044,0.009,-95.061,0.464,4.169,0.028,0.005,-229.055,0.769,4.287,0.07,0.006,-208.74,0.738,4.344,0.059,0.006,-140.84,0.767,4.716,0.054,0.007,-94.231,0.65,5.057,0.088,0.009,-72.924,0.578,5.199,0.063,0.009,-53.348,0.587,5.522,0.04,0.005,-174.22,1.024,5.959,0.031,0.005,-148.492,1.179,6.029,0.087,0.007,-119.571,0.913,6.257,0.048,0.005,-171.022,1.166,6.639,0.016,0.007,-58.112,0.915,6.965,0.008,0.009,-60.277,0.767,7.159,0.063,0.009,-52.009,0.762,8.302,0.014,0.012,-36.688,0.678,8.404,0.011
99,D0465,45434947_1450,3/16/2023 20:32,23.8,2,QPLog 10-1631 (16) rev14,TRUE,,B3,No Defect,Pass,Pass,Green,Pass,Pass,Green,Pass,(None),200_LA (old),none,,1,2019,TRUE,Fail,0,0,,2.171,2.341,3.034,3.148,3.193,3.329,3.432,4.115,4.231,4.32,4.384,4.742,5.103,5.279,5.56,6.042,6.106,6.301,6.693,7.026,7.202,8.342,8.471,5.162,5.729,3.776,6.239,11.453,-0.379,4.046,1.095,1.384,2.185,1.206,2.194,2.487,1.511,2.474,1.567,1.492,2.133,3.907,1.903,2.331,2.245,1.856,1.751,1.947,1.839,1.668,2.037,2.057,2.96,2.005,4.314,2.21,2.171,0.032,0.004,-23.223,0.502,2.341,0.257,0.003,-8.015,0.759,3.034,0.087,0.008,-36.982,0.365,3.148,0.065,0.007,-113.353,0.451,3.193,0.174,0.007,-81.25,0.449,3.329,0.055,0.006,-95.427,0.513,3.432,0.041,0.01,-36.532,0.335,4.115,0.051,0.008,-86.243,0.539,4.231,0.027,0.006,-200.843,0.749,4.32,0.061,0.007,-116.995,0.586,4.384,0.031,0.006,-75.183,0.677,4.742,0.032,0.006,-104.551,0.801,5.103,0.074,0.007,-75.793,0.715,5.279,0.019,0.002,-88.443,2.397,5.56,0.038,0.006,-112.423,0.862,6.042,0.046,0.008,-66.554,0.732,6.106,0.007,0.004,-135.071,1.372,6.301,0.025,0.006,-112.024,0.969,6.693,0.025,0.008,-64.178,0.855,7.026,0.051,0.007,-88.29,0.974,7.202,0.056,0.008,-75.543,0.928,8.342,0.008,0.012,-35.377,0.712,8.471,0.037
100,D0465,45434947_1450,3/16/2023 20:25,23.8,2,QPLog 10-1631 (16) rev14,TRUE,,B3,No Defect,Pass,Pass,Green,Pass,Pass,Green,Pass,(None),200_LA (old),none,,1,2019,TRUE,Fail,0,0,,2.224,2.315,3.034,3.149,3.193,3.329,3.432,4.116,4.231,4.32,4.384,4.742,5.103,5.281,5.56,6.042,6.107,6.301,6.694,0,7.202,8.341,8.472,5.162,5.728,3.776,6.239,11.454,3.284,1.321,1.129,1.432,2.185,1.206,2.194,2.504,1.53,2.474,1.567,1.507,2.117,3.995,1.92,2.35,2.28,1.845,1.764,0,1.819,1.639,2.047,2.085,2.832,1.983,4.345,2.229,2.224,0.103,0.003,-30.688,0.696,2.315,0.168,0.004,-12.163,0.529,3.034,0.099,0.009,-38.611,0.321,3.149,0.076,0.007,-131.328,0.45,3.193,0.19,0.007,-83.604,0.454,3.329,0.058,0.008,-85.155,0.437,3.432,0.042,0.01,-36.139,0.33,4.116,0.053,0.008,-86.63,0.523,4.231,0.029,0.006,-205.246,0.759,4.32,0.062,0.007,-130.552,0.597,4.384,0.033,0.007,-78.966,0.671,4.742,0.033,0.006,-103.903,0.803,5.103,0.076,0.008,-72.683,0.679,5.281,0.02,0.004,-75.362,1.213,5.56,0.039,0.006,-117.66,0.895,6.042,0.047,0.008,-69.57,0.736,6.107,0.008,0.004,-134.048,1.373,6.301,0.025,0.006,-120.795,0.999,6.694,0.024,0.008,-65.475,0.869,0,0,0,0,0,7.202,0.06,0.008,-71.416,0.913,8.341,0.008,0.011,-32.893,0.794,8.472,0.039
101,6393,45525890_1450,5/8/2023 21:51,25.6,2,QPLog 10-1631 (16) rev18,TRUE,,GD,No Defect,Pass,Pass,Green,Not Done,Pass,Green,Pass,(None),400_LA (new),none,,9,2015,TRUE,Pass,0,0,,2.175,2.298,3.033,3.14,3.168,3.331,3.404,4.083,4.224,4.298,4.381,4.742,5.087,5.216,5.551,6.023,6.083,6.266,6.657,6.989,7.19,8.338,8.418,5.142,5.706,3.769,6.152,11.414,-0.103,-0.553,1.029,0.63,0.341,1.447,0.475,0.779,1.114,1.12,1.392,1.507,1.253,0.754,1.378,1.382,1.047,0.299,0.398,0.685,1.229,1.493,0.34,1.024,0.709,1.269,0.369,1.126,2.175,0.047,0.006,-51.041,0.39,2.298,0.051,0.006,-57.262,0.413,3.033,0.219,0.012,-39.357,0.257,3.14,0.064,0.007,-251.771,0.467,3.168,0.284,0.005,-74.901,0.611,3.331,0.143,0.01,-75.855,0.329,3.404,0.061,0.015,-40.687,0.224,4.083,0.104,0.006,-127.049,0.657,4.224,0.068,0.006,-193.969,0.688,4.298,0.113,0.007,-100.939,0.659,4.381,0.121,0.007,-95.403,0.655,4.742,0.071,0.005,-95.347,0.889,5.087,0.149,0.012,-37.725,0.413,5.216,0.127,0.007,-55.5,0.719,5.551,0.042,0.005,-107.185,1.042,6.023,0.149,0.006,-126.829,0.93,6.083,0.126,0.005,-176.943,1.145,6.266,0.089,0.006,-130.3,1.052,6.657,0.018,0.007,-41.728,0.909,6.989,0.027,0.008,-61.59,0.829,7.19,0.118,0.008,-62.037,0.864,8.338,0.032,0.011,-31.626,0.776,8.418,0.031
102,4102P,45533791_1450,5/11/2023 18:00,25.2,2,QPLog 10-1631 (16) rev16,TRUE,,GD,No Defect,Pass,Pass,Green,Not Done,Pass,Green,Pass,(None),300_FW,none,,11,2010,TRUE,Pass,0,0,,2.166,2.294,3.019,3.129,3.157,3.312,3.392,4.068,4.197,4.277,4.348,4.726,5.066,5.192,5.535,5.994,6.054,6.251,6.638,6.968,7.173,8.323,8.396,5.108,5.697,3.754,6.144,11.376,-0.694,-0.979,-0.185,-0.347,-0.466,-0.511,-0.193,-0.01,-0.507,-0.103,-0.522,0.382,0.073,-0.395,0.462,-0.074,-0.422,-0.347,-0.301,-0.04,0.399,0.837,-0.368,-0.785,-0.112,-0.324,-0.008,0.094,2.166,0.31,0.009,-16.168,0.245,2.294,0.182,0.003,-11.939,0.681,3.019,0.105,0.008,-109.346,0.372,3.129,0.181,0.006,-153.696,0.518,3.157,0.143,0.006,-135.072,0.569,3.312,0.093,0.008,-83.482,0.44,3.392,0.048,0.008,-67.768,0.441,4.068,0.053,0.006,-129.278,0.711,4.197,0.047,0.006,-227.172,0.748,4.277,0.11,0.006,-179.51,0.736,4.348,0.083,0.006,-129.18,0.712,4.726,0.055,0.007,-107.928,0.696,5.066,0.116,0.01,-62.153,0.53,5.192,0.086,0.008,-70.909,0.683,5.535,0.051,0.005,-160.752,1.008,5.994,0.077,0.005,-177.519,1.156,6.054,0.117,0.006,-143.97,1.07,6.251,0.071,0.005,-204.114,1.222,6.638,0.018,0.008,-65.612,0.873,6.968,0.013,0.008,-73.457,0.908,7.173,0.085,0.008,-73.817,0.914,8.323,0.005,0.005,-68.714,1.585,8.396,0.016
103,4291,45569124_1450,5/31/2023 15:43,24.1,2,QPLog 10-1631 (16) rev18,TRUE,,GD,No Defect,Pass,Pass,Green,Not Done,Pass,Green,Pass,(None),400_LA (new),none,,2,2012,TRUE,Pass,0,0,,2.139,2.274,3.004,3.126,3.145,3.315,3.382,4.049,4.202,4.259,4.339,4.701,5.046,5.179,5.505,5.985,6.046,6.236,6.618,6.958,7.142,8.278,8.373,5.112,5.69,3.749,6.126,11.33,-2.577,-3.134,-1.454,-0.661,-1.363,-0.202,-0.829,-0.992,-0.209,-1.194,-1.06,-1.384,-0.994,-1.083,-1.306,-0.489,-0.828,-1.001,-1.011,-0.399,-1.146,-1.073,-1.107,-0.572,-0.777,-0.825,-0.831,-1.176,2.139,0.051,0.004,-20.634,0.566,2.274,0.129,0.012,-15.084,0.193,3.004,0.186,0.009,-61.197,0.336,3.126,0.315,0.008,-155.653,0.404,3.145,0.061,0.002,-181.523,1.522,3.315,0.147,0.006,-110.809,0.54,3.382,0.064,0.007,-63.099,0.473,4.049,0.081,0.009,-87.702,0.441,4.202,0.069,0.006,-162.974,0.707,4.259,0.119,0.007,-108.957,0.623,4.339,0.162,0.006,-84.057,0.786,4.701,0.106,0.006,-117.09,0.729,5.046,0.195,0.008,-61.091,0.611,5.179,0.122,0.007,-90.817,0.748,5.505,0.049,0.006,-136.985,0.918,5.985,0.118,0.006,-155.951,1.039,6.046,0.073,0.005,-197.771,1.234,6.236,0.1,0.005,-160.599,1.153,6.618,0.019,0.007,-71.834,0.932,6.958,0.031,0.008,-65.062,0.853,7.142,0.116,0.009,-49.553,0.795,8.278,0.06,0.008,-45.103,1.042,8.373,0.048
104,4309,45597637_1450,6/13/2023 12:30,25.1,2,QPLog 10-1631 (16) rev16,TRUE,,GD,No Defect,Pass,Pass,Green,Not Done,Pass,Green,Pass,(None),300_FW,none,,2,2012,TRUE,Pass,0,0,,2.148,2.305,3.022,3.12,3.133,3.316,3.369,4.033,4.201,4.252,4.339,4.701,5.047,5.169,5.514,5.994,6.053,6.23,6.617,6.965,7.151,8.287,8.366,5.111,5.686,3.746,6.125,11.346,-1.952,0.277,0.061,-1.195,-2.256,-0.133,-1.609,-1.842,-0.248,-1.638,-1.005,-1.357,-0.939,-1.565,-0.751,-0.074,-0.442,-1.236,-1.072,-0.167,-0.731,-0.677,-1.304,-0.586,-1.221,-1.194,-0.898,-0.739,2.148,0.217,0.003,-4.668,0.628,2.305,0.259,0.005,-19.455,0.492,3.022,0.079,0.006,-137.04,0.516,3.12,0.185,0.006,-114.796,0.505,3.133,0.047,0.004,-42.924,0.819,3.316,0.071,0.006,-123.119,0.557,3.369,0.044,0.008,-63.984,0.411,4.033,0.036,0.006,-60.315,0.644,4.201,0.039,0.006,-176.356,0.707,4.252,0.056,0.006,-129.421,0.662,4.339,0.056,0.006,-82.057,0.782,4.701,0.077,0.007,-117.833,0.684,5.047,0.115,0.01,-58.913,0.485,5.169,0.087,0.007,-111.355,0.775,5.514,0.054,0.006,-140.554,0.972,5.994,0.108,0.006,-139.142,0.999,6.053,0.053,0.005,-189.898,1.194,6.23,0.069,0.005,-206.686,1.206,6.617,0.014,0.008,-47.014,0.794,6.965,0.017,0.007,-76.382,0.935,7.151,0.073,0.007,-81.106,0.997,8.287,0.007,0.012,-27.441,0.695,8.366,0.01
105,4315,45534850_1450,5/16/2023 15:26,25.1,2,QPLog 10-1631 (16) rev16,TRUE,,GD,No Defect,Not Done,Pass,Green,Not Done,Pass,Green,Pass,(None),110_LVL (new),none,,2,2012,TRUE,Pass,0,0,,2.151,2.287,3.02,3.123,3.155,3.31,3.381,4.037,4.196,4.263,4.348,4.708,5.056,5.173,5.52,5.979,6.051,6.239,6.623,6.941,7.153,8.287,8.39,0,5.691,3.753,0,11.353,-1.791,-1.677,-0.053,-0.923,-0.632,-0.717,-0.851,-1.637,-0.547,-0.972,-0.522,-0.863,-0.468,-1.366,-0.425,-0.821,-0.544,-0.873,-0.827,-0.98,-0.594,-0.706,-0.562,0,-0.722,-0.498,0,-0.546,2.151,0.054,0.003,-15.238,0.716,2.287,0.243,0.011,-18.441,0.205,3.02,0.139,0.005,-121.078,0.559,3.123,0.257,0.006,-141.373,0.496,3.155,0.013,0.003,-125.515,0.988,3.31,0.091,0.007,-106.115,0.455,3.381,0.174,0.009,-53.616,0.398,4.037,0.019,0.002,-22.73,1.977,4.196,0.083,0.006,-216.03,0.741,4.263,0.197,0.006,-119.458,0.72,4.348,0.284,0.007,-89.378,0.605,4.708,0.207,0.007,-105.08,0.653,5.056,0.304,0.009,-54.218,0.576,5.173,0.082,0.007,-117.637,0.771,5.52,0.174,0.006,-130.012,0.882,5.979,0.081,0.006,-213.484,0.949,6.051,0.16,0.006,-114.245,1.004,6.239,0.127,0.006,-151.986,1.097,6.623,0.027,0.007,-76.219,0.997,6.941,0.014,0.005,-72.244,1.275,7.153,0.12,0.008,-69.229,0.893,8.287,0.016,0.008,-25.153,1.1,8.39,0.067
106,4546,45559250_1450,5/23/2023 18:02,25.3,2,QPLog 10-1631 (16) rev16,TRUE,,B3,No Defect,Pass,Pass,Green,Not Done,Pass,Green,Pass,(None),300_FW,none,,6,2012,TRUE,Fail,0,0,,2.157,2.275,3.014,3.126,0,3.308,3.397,0,4.196,4.269,4.347,4.708,5.047,5.191,5.507,5.981,6.056,6.255,6.644,6.979,7.141,8.329,8.378,5.131,5.702,3.749,0,11.316,-1.362,-3.045,-0.579,-0.69,0,-0.957,0.115,0,-0.587,-0.608,-0.599,-0.906,-0.953,-0.464,-1.172,-0.673,-0.293,-0.159,-0.068,0.324,-1.208,1.107,-0.93,0.446,0.319,-0.918,0,-1.551,2.157,0.053,0.008,-32.762,0.26,2.275,0.098,0.011,-16.288,0.206,3.014,0.062,0.007,-103.031,0.408,3.126,0.07,0.006,-147.623,0.531,0,0,0,0,0,3.308,0.035,0.012,-60.633,0.268,3.397,0.086,0.007,-64.562,0.455,0,0,0,0,0,4.196,0.041,0.006,-153.141,0.736,4.269,0.076,0.008,-68.077,0.528,4.347,0.086,0.015,-17.693,0.298,4.708,0.113,0.007,-90.155,0.672,5.047,0.149,0.009,-53.266,0.558,5.191,0.024,0.008,-69.761,0.682,5.507,0.089,0.006,-71.482,0.988,5.981,0.086,0.007,-97.728,0.913,6.056,0.082,0.005,-174.028,1.141,6.255,0.065,0.006,-139.979,1.07,6.644,0.009,0.007,-50.022,0.958,6.979,0.008,0.008,-56.472,0.869,7.141,0.016,0.01,-28.859,0.692,8.329,0.005,0.008,-75.077,1.048,8.378,0.003
107,4546,45559250_1450,5/23/2023 17:56,25.7,2,QPLog 10-1631 (16) rev16,TRUE,,B3,No Defect,Pass,Pass,Green,Not Done,Pass,Green,Pass,(None),300_FW,none,,6,2012,TRUE,Fail,0,0,,2.158,2.297,3.015,3.126,0,3.309,3.397,0,4.197,4.27,4.35,4.709,5.046,5.192,5.507,5.982,6.057,6.256,6.645,6.979,7.139,8.33,8.415,5.132,5.702,3.747,0,11.314,-1.287,-0.599,-0.491,-0.684,0,-0.854,0.095,0,-0.508,-0.568,-0.406,-0.808,-0.977,-0.404,-1.188,-0.644,-0.252,-0.129,-0.043,0.339,-1.293,1.161,0.249,0.512,0.292,-1.056,0,-1.607,2.158,0.057,0.01,-57.418,0.206,2.297,0.155,0.01,-45.413,0.231,3.015,0.035,0.008,-84.91,0.391,3.126,0.052,0.006,-133.34,0.521,0,0,0,0,0,3.309,0.025,0.009,-67.77,0.351,3.397,0.056,0.007,-80.938,0.492,0,0,0,0,0,4.197,0.042,0.006,-146.35,0.671,4.27,0.065,0.008,-63.145,0.549,4.35,0.09,0.011,-34.005,0.38,4.709,0.082,0.008,-93.478,0.623,5.046,0.116,0.009,-50.938,0.582,5.192,0.016,0.007,-76.68,0.761,5.507,0.058,0.006,-83.013,0.93,5.982,0.062,0.006,-119.141,0.971,6.057,0.051,0.005,-169.281,1.103,6.256,0.048,0.006,-131.776,1.033,6.645,0.008,0.007,-51.869,0.99,6.979,0.004,0.009,-44.666,0.82,7.139,0.015,0.011,-34.479,0.664,8.33,0.003,0.007,-60.22,1.153,8.415,0.005
108,4730,45541507_1450,5/16/2023 12:07,25.8,2,QPLog 10-1631 (16) rev16,TRUE,,B3,No Defect,Pass,Pass,Green,Not Done,Pass,Green,Pass,(None),300_FW,none,,11,2012,TRUE,Pass,0,0,,2.156,2.278,3.024,3.132,3.159,3.326,3.392,4.07,4.219,4.281,4.354,4.725,5.071,5.199,5.531,6.004,6.067,6.25,6.642,6.96,7.171,8.315,8.403,0,5.703,3.761,6.15,11.374,-1.431,-2.69,0.287,-0.101,-0.333,0.932,-0.234,0.079,0.776,0.099,-0.138,0.305,0.379,-0.094,0.247,0.458,0.227,-0.363,-0.154,-0.326,0.265,0.496,-0.15,0,0.449,0.358,0.262,0.032,2.156,0.127,0.016,-12.887,0.134,2.278,0.148,0.012,-8.957,0.188,3.024,0.1,0.007,-84.057,0.449,3.132,0.192,0.007,-121.033,0.463,3.159,0.098,0.003,-160.057,0.912,3.326,0.091,0.009,-83.942,0.379,3.392,0.054,0.009,-59.833,0.399,4.07,0.05,0.005,-140.955,0.829,4.219,0.044,0.006,-204.594,0.65,4.281,0.079,0.007,-130.778,0.633,4.354,0.085,0.006,-77.476,0.768,4.725,0.055,0.007,-104.067,0.64,5.071,0.117,0.009,-65.109,0.583,5.199,0.072,0.007,-90.871,0.742,5.531,0.053,0.006,-159.402,0.99,6.004,0.073,0.006,-224.458,1.036,6.067,0.064,0.005,-194.821,1.213,6.25,0.075,0.005,-188.642,1.185,6.642,0.02,0.007,-59.664,1.019,6.96,0.005,0.005,-64.744,1.406,7.171,0.071,0.009,-56.675,0.806,8.315,0.013,0.01,-43.823,0.87,8.403,0.012
109,4730,45541507_1450,5/16/2023 12:13,25.6,2,QPLog 10-1631 (16) rev16,TRUE,,GD,No Defect,Pass,Pass,Green,Not Done,Pass,Green,Pass,(None),300_FW,none,,11,2012,TRUE,Pass,0,0,,2.164,2.287,3.024,3.132,3.159,3.326,3.391,4.068,4.217,4.279,4.354,4.724,5.071,5.199,5.531,6.003,6.065,6.25,6.641,6.956,7.17,8.315,8.403,0,5.703,3.76,6.148,11.372,-0.829,-1.732,0.27,-0.135,-0.333,0.863,-0.253,-0.029,0.697,0.019,-0.195,0.263,0.356,-0.094,0.221,0.398,0.147,-0.394,-0.178,-0.465,0.253,0.489,-0.152,0,0.422,0.292,0.191,-0.013,2.164,0.183,0.015,-16.639,0.146,2.287,0.23,0.008,-10.611,0.276,3.024,0.106,0.006,-110.747,0.512,3.132,0.194,0.006,-129.631,0.491,3.159,0.106,0.003,-166.933,0.922,3.326,0.091,0.009,-78.496,0.385,3.391,0.052,0.008,-68.14,0.441,4.068,0.048,0.005,-144.396,0.817,4.217,0.051,0.006,-212.321,0.671,4.279,0.087,0.006,-149.243,0.702,4.354,0.091,0.009,-77.587,0.488,4.724,0.058,0.007,-94.751,0.635,5.071,0.115,0.009,-57.606,0.575,5.199,0.072,0.008,-73.552,0.664,5.531,0.061,0.006,-155.741,0.99,6.003,0.077,0.006,-227.169,1.052,6.065,0.067,0.005,-198.324,1.207,6.25,0.072,0.005,-185.518,1.185,6.641,0.018,0.007,-62.514,0.939,6.956,0.009,0.003,-16.199,2.226,7.17,0.073,0.009,-56.436,0.785,8.315,0.016,0.01,-41.263,0.863,8.403,0.017
110,4798,45559317_1450,5/22/2023 21:16,25.1,2,QPLog 10-1631 (16) rev18,TRUE,,GD,No Defect,Pass,Pass,Green,Not Done,Pass,Green,Pass,(None),400_LA (new),none,,12,2012,TRUE,Pass,0,0,,2.175,2.293,3.013,3.131,3.162,3.322,3.4,4.081,4.216,4.293,4.367,4.729,5.081,5.211,5.535,6.012,6.073,6.259,6.647,6.98,7.179,8.324,8.416,5.131,0,3.759,6.155,11.38,-0.071,-1.077,-0.723,-0.164,-0.066,0.52,0.29,0.654,0.636,0.826,0.595,0.621,0.948,0.519,0.462,0.873,0.581,0.03,0.055,0.349,0.709,0.88,0.29,0.445,0,0.151,0.483,0.206,2.175,0.293,0.008,-16.685,0.263,2.293,0.294,0.005,-19.511,0.457,3.013,0.177,0.008,-81.024,0.369,3.131,0.263,0.006,-140.868,0.482,3.162,0.167,0.008,-79.086,0.406,3.322,0.134,0.006,-130.215,0.567,3.4,0.119,0.007,-72.168,0.51,4.081,0.052,0.006,-129.895,0.651,4.216,0.076,0.007,-149.44,0.62,4.293,0.166,0.007,-143.159,0.619,4.367,0.288,0.008,-97.078,0.522,4.729,0.155,0.008,-78.978,0.627,5.081,0.288,0.008,-70.87,0.657,5.211,0.125,0.005,-88.583,0.967,5.535,0.123,0.006,-161.33,0.954,6.012,0.142,0.007,-140.695,0.857,6.073,0.178,0.006,-94.201,1.022,6.259,0.168,0.005,-175.191,1.178,6.647,0.024,0.008,-46.98,0.881,6.98,0.03,0.01,-62.396,0.666,7.179,0.191,0.008,-69.881,0.915,8.324,0.046,0.01,-44.871,0.859,8.416,0.057
111,6365,44842521_1450,4/25/2022 11:57,27,2,QPLog 10-1631 (16) rev5,TRUE,,B3,No Defect,Not Done,Not Done,Green,Not Done,Pass,Green,Not Done,(None),100_LVL (old),none,,9,2015,TRUE,Pass,0,0,,2.164,2.287,3.029,3.123,3.154,3.311,3.381,4.04,4.203,4.269,4.354,4.724,5.04,5.186,5.493,5.973,6.051,6.245,6.626,6.955,7.126,8.255,8.37,0,5.647,3.755,6.124,11.362,-0.847,-1.748,0.679,-0.931,-0.661,-0.614,-0.891,-1.468,-0.171,-0.629,-0.176,0.263,-1.355,-0.701,-1.986,-1.123,-0.564,-0.583,-0.744,-0.5,-1.937,-2.052,-1.193,0,-4.906,-0.252,-0.944,-0.289,2.164,0.03,0.012,-37.332,0.177,2.287,0.035,0.011,-55.883,0.21,3.029,0.009,0.009,-45.187,0.343,3.123,0.025,0.007,-78.171,0.44,3.154,0.008,0.005,-71.791,0.593,3.311,0.012,0.007,-59.038,0.454,3.381,0.005,0.01,-30.438,0.35,4.04,0.003,0.002,-12.575,2.435,4.203,0.008,0.006,-116.796,0.718,4.269,0.007,0.008,-56.803,0.566,4.354,0.108,0.006,-85.249,0.678,4.724,0.008,0.009,-41.665,0.539,5.04,0.02,0.008,-53.423,0.611,5.186,0.009,0.006,-46.719,0.866,5.493,0.008,0.002,-55.006,3.405,5.973,0.007,0.002,-37.452,3.276,6.051,0.005,0.006,-53.127,0.969,6.245,0.045,0.007,-75.171,0.959,6.626,0.001,0.005,-47.069,1.293,6.955,0.002,0.007,-36.277,1.034,7.126,0.034,0.015,-15.09,0.483,8.255,0.007,0.011,-15.299,0.735,8.37,0.004
112,6365,45550621_1450,5/24/2023 10:04,24.9,2,QPLog 10-1631 (16) rev16,TRUE,,GD,No Defect,Not Done,Pass,Green,Not Done,Pass,Green,Pass,(None),110_LVL (new),none,,9,2015,TRUE,Pass,0,0,,2.178,2.305,3.04,3.137,3.168,3.328,3.394,4.066,4.223,4.287,4.376,4.744,5.065,5.208,5.536,6.001,6.079,6.269,6.647,6.986,7.162,8.297,8.408,5.14,5.672,3.769,6.154,11.408,0.105,0.186,1.656,0.329,0.381,1.069,-0.074,-0.118,1.014,0.503,1.105,1.648,0.026,0.365,0.53,0.283,0.88,0.459,0.042,0.559,-0.179,-0.266,0.025,0.909,-2.55,1.277,0.43,0.971,2.178,0.26,0.011,-32.167,0.194,2.305,0.338,0.013,-51.633,0.178,3.04,0.099,0.009,-78.899,0.344,3.137,0.286,0.006,-161.541,0.558,3.168,0.02,0.002,-248.275,1.275,3.328,0.127,0.006,-150.864,0.535,3.394,0.058,0.009,-68.72,0.375,4.066,0.057,0.006,-123.115,0.652,4.223,0.065,0.006,-184.672,0.756,4.287,0.102,0.005,-232.943,0.853,4.376,0.138,0.005,-172.19,0.807,4.744,0.088,0.007,-121.093,0.691,5.065,0.181,0.008,-82.465,0.625,5.208,0.084,0.005,-148.322,1.142,5.536,0.053,0.005,-214.915,1.13,6.001,0.114,0.007,-90.407,0.848,6.079,0.063,0.005,-187.778,1.127,6.269,0.06,0.008,-69.973,0.765,6.647,0.022,0.007,-81.065,0.99,6.986,0.036,0.008,-83.25,0.925,7.162,0.121,0.008,-62.829,0.849,8.297,0.044,0.009,-54.338,0.907,8.408,0.035
113,6529P,45553187_1450,5/21/2023 11:59,26.4,2,QPLog 10-1631 (16) rev16,TRUE,,B3,No Defect,Not Done,Pass,Green,Not Done,Pass,Green,Pass,(None),300_FW,none,,0,0,TRUE,Fail,0,0,,2.183,2.316,3.045,3.153,3.174,3.347,3.412,4.096,4.257,4.308,4.388,4.745,5.104,5.241,5.567,6.048,6.122,6.288,6.688,7.036,7.205,8.353,8.457,5.179,5.723,3.784,6.193,11.473,0.481,1.426,2.094,1.807,0.809,3.111,1.009,1.437,3.052,1.766,1.776,1.705,2.172,2.021,2.349,2.673,3.055,1.274,1.543,2.308,2.005,2.128,1.581,2.977,2.381,2.8,2.237,2.758,2.183,0.217,0.015,-23.718,0.141,2.316,0.313,0.009,-54.231,0.261,3.045,0.072,0.007,-76.175,0.417,3.153,0.204,0.006,-145.389,0.523,3.174,0.068,0.005,-139.398,0.646,3.347,0.095,0.007,-123.388,0.497,3.412,0.042,0.007,-68.6,0.47,4.096,0.051,0.008,-95.854,0.536,4.257,0.046,0.006,-210.662,0.687,4.308,0.065,0.007,-114.278,0.624,4.388,0.076,0.006,-130.545,0.79,4.745,0.051,0.007,-101.132,0.654,5.104,0.111,0.008,-60.249,0.621,5.241,0.061,0.006,-111.368,0.899,5.567,0.035,0.005,-85.564,1.078,6.048,0.103,0.005,-122.318,1.212,6.122,0.032,0.005,-215.492,1.31,6.288,0.052,0.006,-149.521,1.125,6.688,0.025,0.006,-100.836,1.116,7.036,0.019,0.007,-91.593,0.961,7.205,0.072,0.007,-89.645,1.018,8.353,0.01,0.012,-23.379,0.691,8.457,0.014
114,6529P,45553187_1450,5/21/2023 12:07,26.2,2,QPLog 10-1631 (16) rev16,TRUE,,B3,No Defect,Not Done,Pass,Green,Not Done,Pass,Green,Pass,(None),300_FW,none,,0,0,TRUE,Fail,0,0,,2.183,2.316,3.045,3.152,3.173,3.347,3.411,4.094,4.256,4.307,4.387,4.743,5.103,5.24,5.567,6.047,6.12,6.287,6.687,7.034,7.204,8.351,8.455,5.178,5.723,3.784,6.192,11.471,0.449,1.426,2.06,1.716,0.749,3.041,0.929,1.384,2.991,1.706,1.759,1.607,2.133,1.985,2.323,2.577,2.942,1.233,1.506,2.236,1.917,2.06,1.517,2.913,2.317,2.756,2.161,2.708,2.183,0.205,0.02,-20.731,0.112,2.316,0.277,0.01,-35.284,0.227,3.045,0.073,0.007,-76.297,0.412,3.152,0.181,0.006,-144.357,0.513,3.173,0.056,0.005,-143.393,0.623,3.347,0.105,0.006,-137.437,0.532,3.411,0.046,0.007,-76.842,0.522,4.094,0.05,0.005,-129.229,0.759,4.256,0.043,0.006,-189.523,0.698,4.307,0.064,0.006,-139.229,0.707,4.387,0.073,0.005,-151.22,0.817,4.743,0.049,0.007,-113.271,0.668,5.103,0.107,0.008,-76.372,0.664,5.24,0.056,0.005,-128.837,1.077,5.567,0.038,0.005,-89.804,1.054,6.047,0.102,0.005,-126.806,1.213,6.12,0.032,0.005,-218.508,1.268,6.287,0.051,0.006,-149.864,1.079,6.687,0.025,0.007,-91.673,1.002,7.034,0.018,0.007,-89.725,0.954,7.204,0.068,0.007,-95.496,1.034,8.351,0.012,0.012,-32.1,0.723,8.455,0.015
115,6529P,45553187_1450,5/21/2023 12:23,26.1,2,QPLog 10-1631 (16) rev16,TRUE,,GD,No Defect,Not Done,Pass,Green,Not Done,Pass,Green,Pass,(None),300_FW,none,,0,0,TRUE,Pass,0,0,,2.186,2.315,3.044,3.152,3.173,3.345,3.41,4.094,4.255,4.307,4.387,4.742,5.102,5.239,5.566,6.045,6.118,6.284,6.685,7.032,7.202,8.35,8.453,5.177,5.72,3.783,6.19,11.468,0.676,1.327,2.033,1.713,0.7,2.869,0.867,1.366,2.932,1.665,1.72,1.536,2.093,1.936,2.281,2.505,2.871,1.104,1.457,2.18,1.855,2.007,1.454,2.847,2.06,2.713,2.085,2.608,2.186,0.26,0.016,-32.967,0.139,2.315,0.356,0.009,-48.412,0.249,3.044,0.077,0.008,-75.163,0.398,3.152,0.212,0.006,-161.046,0.54,3.173,0.065,0.005,-138.841,0.632,3.345,0.103,0.006,-124.05,0.534,3.41,0.045,0.006,-84.659,0.545,4.094,0.052,0.005,-133.181,0.773,4.255,0.047,0.006,-193.752,0.716,4.307,0.071,0.006,-141.172,0.731,4.387,0.086,0.005,-165.372,0.801,4.742,0.054,0.007,-135.177,0.713,5.102,0.116,0.008,-75.35,0.651,5.239,0.062,0.007,-93.835,0.805,5.566,0.043,0.009,-79.852,0.62,6.045,0.112,0.005,-103.123,1.225,6.118,0.035,0.005,-200.626,1.234,6.284,0.051,0.006,-115.704,1,6.685,0.023,0.007,-80.741,0.956,7.032,0.02,0.008,-87.772,0.933,7.202,0.08,0.007,-96.496,1.027,8.35,0.014,0.011,-34.767,0.784,8.453,0.017
116,8893,.,6/9/2023 19:51,22.5,2,QPLog 10-1631 OB NG NOSE rev21,TRUE,,GD,(None),Not Done,Not Done,(None),Not Done,Pass,(None),Not Done,(None),101_COPA,,,0,0,FALSE,Fail,0,0,,2.205,2.306,3.027,3.153,3.191,3.302,3.426,4.093,4.182,4.284,4.33,4.711,5.057,5.218,5.524,5.978,6.033,6.324,6.708,7.031,7.154,8.287,8.469,0,5.706,3.762,6.081,11.379,1.949,0.338,0.545,1.803,2.068,-1.61,1.798,1.31,-1.401,0.321,-1.553,-0.695,-0.413,0.895,-0.167,-0.843,-1.493,2.842,2.278,2.138,-0.578,-0.702,1.96,0,0.71,0.481,-2.912,0.159,2.205,0.112,0.009,-55.374,0.236,2.306,0.549,0.014,-64.056,0.161,3.027,0.165,0.007,-91.816,0.424,3.153,0.319,0.006,-161.336,0.542,3.191,0.051,0.005,-174.231,0.697,3.302,0.155,0.007,-99.107,0.47,3.426,0.063,0.009,-51.94,0.379,4.093,0.07,0.008,-81.268,0.522,4.182,0.066,0.006,-221.442,0.752,4.284,0.116,0.007,-143.276,0.63,4.33,0.24,0.007,-103.702,0.657,4.711,0.127,0.008,-80.543,0.624,5.057,0.208,0.01,-45.674,0.49,5.218,0.125,0.007,-43.216,0.698,5.524,0.089,0.006,-141.669,0.971,5.978,0.096,0.006,-132.453,0.93,6.033,0.129,0.01,-51.577,0.616,6.324,0.087,0.005,-176.385,1.181,6.708,0.03,0.006,-59.633,1.038,7.031,0.051,0.005,-105.688,1.375,7.154,0.136,0.01,-42.194,0.729,8.287,0.031,0.013,-22.681,0.649,8.469,0.02
117,8893,.,6/9/2023 15:47,22.9,2,QPLog 10-1631 OB NG NOSE rev21,TRUE,,GD,(None),Not Done,Not Done,(None),Not Done,Pass,(None),Not Done,(None),101_COPA,,,0,0,FALSE,Fail,0,0,,2.202,2.304,3.027,3.151,3.189,3.3,3.423,4.091,4.18,4.282,4.327,4.709,5.053,5.216,5.522,5.976,6.031,6.321,6.705,7.028,7.151,8.284,8.465,0,5.704,3.759,6.079,11.375,1.75,0.107,0.49,1.655,1.912,-1.797,1.65,1.225,-1.539,0.159,-1.707,-0.822,-0.624,0.782,-0.333,-0.958,-1.613,2.741,2.18,2.046,-0.727,-0.806,1.842,0,0.512,0.199,-3.003,0.057,2.202,0.092,0.01,-59.251,0.228,2.304,0.463,0.013,-50.736,0.171,3.027,0.145,0.007,-105.016,0.435,3.151,0.279,0.006,-162.263,0.535,3.189,0.159,0.006,-119.481,0.498,3.3,0.119,0.007,-87.586,0.474,3.423,0.041,0.013,-29.005,0.269,4.091,0.069,0.008,-63.812,0.495,4.18,0.059,0.005,-236.352,0.776,4.282,0.088,0.007,-129.637,0.598,4.327,0.191,0.006,-115.005,0.706,4.709,0.11,0.008,-81.673,0.619,5.053,0.174,0.01,-47.431,0.501,5.216,0.126,0.006,-78.467,0.809,5.522,0.06,0.006,-149.803,0.981,5.976,0.082,0.007,-125.277,0.897,6.031,0.103,0.011,-52.193,0.571,6.321,0.065,0.006,-151.693,1.145,6.705,0.026,0.006,-86.73,1.085,7.028,0.045,0.005,-104.424,1.354,7.151,0.118,0.01,-45.37,0.752,8.284,0.029,0.013,-27.138,0.66,8.465,0.016
118,8893,.,6/14/2023 12:53,18.9,2,QPLog 10-1631 OB NG NOSE rev21,TRUE,,GD,(None),Not Done,Not Done,(None),Not Done,Pass,(None),Not Done,(None),101_COPA,,,0,0,FALSE,Pass,0,0,,2.207,2.314,3.033,3.162,3.202,3.317,3.441,4.11,4.204,4.304,4.352,4.729,5.078,5.241,5.543,6.009,6.059,6.346,6.729,7.042,7.181,8.319,8.498,5.131,5.727,3.777,6.191,11.42,2.134,1.203,1.063,2.6,2.873,0.004,2.715,2.203,-0.091,1.484,-0.291,0.592,0.76,2.013,0.915,0.708,-0.139,3.818,3.068,2.506,0.787,0.665,2.887,0.462,2.767,2.071,2.131,1.289,2.207,0.454,0.01,-65.277,0.231,2.314,0.339,0.009,-69.209,0.266,3.033,0.064,0.009,-46.827,0.345,3.162,0.209,0.005,-189.782,0.579,3.202,0.084,0.008,-92.509,0.427,3.317,0.096,0.007,-103.279,0.47,3.441,0.034,0.009,-35.687,0.391,4.11,0.032,0.009,-44.999,0.468,4.204,0.041,0.006,-192.021,0.707,4.304,0.076,0.008,-91.054,0.523,4.352,0.143,0.006,-80.595,0.685,4.729,0.071,0.009,-58.397,0.553,5.078,0.18,0.01,-44.273,0.5,5.241,0.066,0.008,-50.93,0.668,5.543,0.04,0.008,-59.903,0.736,6.009,0.055,0.009,-63.205,0.653,6.059,0.053,0.015,-23.781,0.418,6.346,0.041,0.007,-81.878,0.918,6.729,0.025,0.007,-77.034,1.026,7.042,0.022,0.009,-63.852,0.818,7.181,0.065,0.014,-21.701,0.502,8.319,0.013,0.02,-7.035,0.427,8.498,0.011
119,D0522,45603390_1450,6/15/2023 15:28,24.3,2,QPLog 10-1631 (16) rev18,TRUE,,GD,No Defect,Pass,Pass,Green,Not Done,Pass,Green,Pass,(None),400_LA (new),none,,3,2019,TRUE,Pass,0,0,,2.158,2.282,3.02,3.134,3.172,3.314,3.41,4.089,4.198,4.301,4.37,4.742,5.088,5.207,5.554,5.998,6.067,6.259,6.645,6.969,7.201,8.343,8.41,5.121,5.698,3.76,6.169,11.376,-1.304,-2.213,-0.08,0.049,0.616,-0.373,0.87,1.093,-0.447,1.342,0.748,1.535,1.285,0.328,1.596,0.171,0.258,-0.006,-0.019,-0.003,1.791,1.689,0.092,-0.087,-0.078,0.252,1.152,0.076,2.158,0.035,0.013,-28.709,0.167,2.282,0.061,0.008,-19.779,0.292,3.02,0.207,0.007,-78.215,0.418,3.134,0.269,0.006,-178.661,0.534,3.172,0.285,0.009,-57.112,0.353,3.314,0.178,0.007,-107.166,0.492,3.41,0.065,0.009,-55.288,0.388,4.089,0.097,0.006,-108.067,0.676,4.198,0.073,0.006,-226.112,0.754,4.301,0.098,0.005,-152.52,0.846,4.37,0.162,0.007,-126.995,0.644,4.742,0.115,0.006,-108.753,0.748,5.088,0.212,0.008,-81.953,0.655,5.207,0.13,0.006,-103.092,0.812,5.554,0.036,0.004,-141.67,1.463,5.998,0.069,0.005,-242.594,1.145,6.067,0.159,0.006,-105.155,0.934,6.259,0.07,0.006,-94.614,0.978,6.645,0.018,0.007,-71.874,0.978,6.969,0.018,0.012,-43.749,0.586,7.201,0.115,0.009,-45.254,0.776,8.343,0.033,0.007,-45.193,1.203,8.41,0.056
120,D0581,.,6/14/2023 12:24,18.7,2,QPLog 10-1631 OB NG NOSE rev21,TRUE,,B3,(None),Not Done,Not Done,(None),Not Done,Pass,(None),Not Done,(None),101_COPA,,,0,0,FALSE,Pass,0,0,,2.203,2.308,2.995,3.122,3.181,3.311,3.413,4.086,4.187,4.28,4.34,4.727,5.064,5.203,5.527,5.977,6.068,6.297,6.64,6.948,7.184,8.307,8.384,5.108,0,3.748,6.149,11.354,1.858,0.593,-2.28,-0.983,1.296,-0.682,1.031,0.916,-1.083,0.059,-0.985,0.444,-0.028,0.119,0.009,-0.896,0.296,1.684,-0.215,-0.755,0.912,0.16,-0.73,-0.785,0,-0.997,0.202,-0.519,2.203,0.511,0.012,-69.425,0.185,2.308,0.431,0.008,-59.06,0.284,2.995,0.113,0.007,-86.898,0.426,3.122,0.246,0.005,-223.725,0.61,3.181,0.13,0.008,-67.449,0.398,3.311,0.106,0.006,-115.082,0.509,3.413,0.039,0.01,-27.679,0.334,4.086,0.039,0.01,-42.573,0.399,4.187,0.051,0.006,-207.408,0.747,4.28,0.053,0.007,-79.577,0.572,4.34,0.138,0.008,-73.34,0.513,4.727,0.06,0.009,-62.467,0.545,5.064,0.153,0.01,-46.207,0.526,5.203,0.078,0.008,-24.663,0.634,5.527,0.042,0.007,-79.51,0.755,5.977,0.043,0.007,-129.997,0.871,6.068,0.05,0.007,-65.363,0.873,6.297,0.042,0.007,-88.031,0.95,6.64,0.026,0.007,-74.701,0.946,6.948,0.019,0.009,-53.677,0.762,7.184,0.08,0.013,-25.152,0.575,8.307,0.012,0.008,-28.16,1.099,8.384,0.016
121,D0581,.,6/14/2023 12:31,18.9,2,QPLog 10-1631 OB NG NOSE rev21,TRUE,,GD,(None),Not Done,Not Done,(None),Not Done,Pass,(None),Not Done,(None),101_COPA,,,0,0,FALSE,Pass,0,0,,2.204,2.304,2.995,3.122,3.182,3.31,3.412,4.086,4.187,4.281,4.339,4.726,5.063,5.203,5.527,5.977,6.067,6.297,6.64,6.948,7.182,8.319,8.384,5.109,0,3.747,6.148,11.357,1.927,0.165,-2.28,-0.983,1.372,-0.717,1.01,0.917,-1.103,0.098,-1.061,0.402,-0.083,0.132,-0.024,-0.881,0.247,1.656,-0.203,-0.757,0.845,0.683,-0.753,-0.731,0,-1.037,0.191,-0.428,2.204,0.515,0.012,-61.912,0.178,2.304,0.354,0.009,-63.238,0.257,2.995,0.118,0.007,-95.9,0.443,3.122,0.245,0.005,-228.47,0.615,3.182,0.148,0.008,-62.201,0.383,3.31,0.099,0.006,-115.093,0.521,3.412,0.025,0.01,-40.079,0.349,4.086,0.058,0.008,-59.393,0.489,4.187,0.046,0.006,-205.455,0.753,4.281,0.04,0.008,-83.728,0.568,4.339,0.104,0.006,-82.489,0.696,4.726,0.057,0.01,-55.507,0.487,5.063,0.119,0.01,-55.498,0.533,5.203,0.079,0.009,-45.91,0.591,5.527,0.035,0.007,-87.488,0.845,5.977,0.038,0.007,-139.696,0.907,6.067,0.041,0.006,-85.919,0.971,6.297,0.028,0.007,-93.333,0.958,6.64,0.03,0.006,-110.136,1.044,6.948,0.021,0.008,-68.038,0.82,7.182,0.075,0.012,-30.605,0.624,8.319,0.008,0.009,-20.292,0.952,8.384,0.014
122,B0267,45615899_355,6/26/2023 14:43,24.8,2,QPLog 10-1631 (16) rev16,TRUE,,B3,No Defect,Not Done,Not Done,Green,Not Done,Pass,Green,Not Done,(None),110_LVL (new),none,,9,2019,TRUE,Fail,0,0,,0,0,0,0,0,0,0,0,0,0,0,0,0,0,0,0,0,0,0,0,0,0,0,0,0,0,0,0,0,0,0,0,0,0,0,0,0,0,0,0,0,0,0,0,0,0,0,0,0,0,0,0,0,0,0,0,0,0,0,0,0,0,0,0,0,0,0,0,0,0,0,0,0,0,0,0,0,0,0,0,0,0,0,0,0,0,0,0,0,0,0,0,0,0,0,0,0,0,0,0,0,0,0,0,0,0,0,0,0,0,0,0,0,0,0,0,0,0,0,0,0,0,0,0,0,0,0,0,0,0,0,0,0,0,0,0,0,0,0,0,0,0,0,0,0,0,0,0,0,0,0,0,0,0,0,0,0,0,0,0,0,0,0,0,0,0,0,0
123,B0267,45615899_355,6/26/2023 14:52,24.6,2,QPLog 10-1631 (16) rev16,TRUE,,GD,No Defect,Not Done,Not Done,Green,Not Done,Pass,Green,Not Done,(None),110_LVL (new),none,,9,2019,TRUE,Pass,0,0,,2.192,2.307,3.027,3.144,3.18,3.322,3.417,4.083,4.221,4.293,4.348,4.724,5.075,5.224,5.532,6.008,6.073,6.271,6.678,6.966,7.161,8.297,8.437,0,5.7,3.76,6.17,11.384,1.073,0.451,0.545,0.962,1.248,0.485,1.309,0.768,0.914,0.857,-0.542,0.235,0.58,1.165,0.305,0.648,0.56,0.546,1.2,-0.114,-0.197,-0.284,0.942,0,0.148,0.322,1.154,0.295,2.192,0.225,0.009,-43.619,0.255,2.307,0.333,0.01,-53.878,0.229,3.027,0.119,0.007,-106.12,0.449,3.144,0.188,0.005,-196.291,0.576,3.18,0.157,0.006,-107.747,0.506,3.322,0.117,0.006,-145.365,0.581,3.417,0.046,0.01,-52.79,0.337,4.083,0.022,0.002,-12.296,2.501,4.221,0.049,0.006,-161.38,0.684,4.293,0.12,0.006,-148.224,0.728,4.348,0.156,0.008,-68.811,0.532,4.724,0.054,0.006,-134.442,0.835,5.075,0.168,0.009,-71.92,0.585,5.224,0.073,0.006,-103.127,0.879,5.532,0.052,0.005,-169.106,1.052,6.008,0.102,0.007,-87.422,0.883,6.073,0.013,0.004,-159.212,1.604,6.271,0.05,0.006,-105.933,1.016,6.678,0.019,0.008,-50.973,0.83,6.966,0.012,0.005,-58.925,1.452,7.161,0.121,0.008,-68.163,0.909,8.297,0.039,0.012,-37.251,0.704,8.437,0.026
124,8077,45631989_1450,6/30/2023 11:27,25.7,2,QPLog 10-1631 (16) rev16,TRUE,,GD,No Defect,Not Done,Pass,Green,Not Done,Pass,Green,Pass,(None),300_FW,none,,0,0,TRUE,Pass,0,0,,2.17,2.314,3.033,3.14,3.172,3.315,3.399,4.071,4.206,4.28,4.349,4.723,5.069,5.201,5.541,6.003,6.069,6.258,6.655,6.992,7.177,8.321,8.418,0,5.704,3.758,6.145,11.411,-0.444,1.184,1.017,0.656,0.662,-0.202,0.213,0.15,0.051,0.058,-0.464,0.163,0.278,0.007,0.807,0.423,0.327,-0.03,0.349,0.764,0.605,0.758,0.343,0,0.514,0.029,0.053,1.06,2.17,0.191,0.011,-6.389,0.193,2.314,0.207,0.014,-10.507,0.164,3.033,0.089,0.006,-122.608,0.474,3.14,0.181,0.006,-142.745,0.512,3.172,0.015,0.002,-302.293,1.495,3.315,0.076,0.009,-80.847,0.389,3.399,0.038,0.007,-79.513,0.497,4.071,0.035,0.006,-114.067,0.707,4.206,0.043,0.006,-230.715,0.761,4.28,0.072,0.007,-145.783,0.639,4.349,0.063,0.006,-128.589,0.726,4.723,0.049,0.007,-100.843,0.704,5.069,0.112,0.009,-53.539,0.57,5.201,0.076,0.007,-81.063,0.744,5.541,0.042,0.006,-138.094,0.981,6.003,0.069,0.006,-226.78,1.067,6.069,0.078,0.005,-171.463,1.14,6.258,0.055,0.006,-154.529,1.125,6.655,0.017,0.008,-53.251,0.835,6.992,0.012,0.009,-54.877,0.818,7.177,0.075,0.007,-75.826,0.961,8.321,0.012,0.005,-98.644,1.551,8.418,0.013
125,8064,45633918_355,7/3/2023 19:08,26.9,2,QPLog 10-1631 (16) rev16,TRUE,,GD,(None),Not Done,Not Done,(None),Not Done,Pass,(None),Not Done,(None),300_FW,,,0,0,FALSE,Pass,0,0,,2.191,2.308,3.041,3.144,3.175,3.313,3.407,4.081,4.204,4.296,4.376,4.736,5.085,5.208,5.553,6.004,6.069,6.267,6.671,7.003,7.183,8.324,8.43,0,5.705,3.763,6.164,11.424,1.021,0.586,1.736,1.022,0.839,-0.476,0.671,0.668,-0.089,0.999,1.124,1.122,1.136,0.365,1.495,0.453,0.345,0.371,0.943,1.146,0.858,0.911,0.722,0,0.655,0.585,0.891,1.406,2.191,0.257,0.015,-20.923,0.147,2.308,0.215,0.017,-20.27,0.133,3.041,0.065,0.007,-91.329,0.464,3.144,0.117,0.007,-121.107,0.471,3.175,0.057,0.004,-171.002,0.883,3.313,0.072,0.007,-105.553,0.505,3.407,0.031,0.008,-66.877,0.442,4.081,0.04,0.006,-138.258,0.709,4.204,0.043,0.005,-216.958,0.782,4.296,0.044,0.006,-147.239,0.713,4.376,0.054,0.007,-118.225,0.646,4.736,0.052,0.008,-101.04,0.628,5.085,0.111,0.007,-82.939,0.711,5.208,0.066,0.006,-116.193,0.895,5.553,0.025,0.006,-45.427,0.965,6.004,0.046,0.005,-165.866,1.17,6.069,0.08,0.006,-132.726,1.006,6.267,0.055,0.005,-161.572,1.145,6.671,0.013,0.007,-69.01,0.936,7.003,0.01,0.008,-62.497,0.83,7.183,0.067,0.008,-67.706,0.872,8.324,0.009,0.015,-28.141,0.547,8.43,0.015
126,4308,45635149_1450,7/3/2023 19:28,27,2,QPLog 10-1631 (16) rev16,TRUE,,GD,(None),Not Done,Not Done,(None),Not Done,Pass,(None),Not Done,(None),300_FW,,,0,0,FALSE,Pass,0,0,,2.177,2.31,3.02,3.132,3.164,3.313,3.387,4.059,4.201,4.266,4.345,4.708,5.051,5.189,5.514,5.992,6.054,6.251,6.633,6.944,7.154,8.29,8.4,0,5.702,3.751,6.139,11.35,0.035,0.763,-0.114,-0.135,0.043,-0.442,-0.512,-0.489,-0.289,-0.791,-0.676,-0.878,-0.742,-0.544,-0.755,-0.129,-0.437,-0.355,-0.472,-0.874,-0.546,-0.566,-0.23,0,0.34,-0.646,-0.222,-0.622,2.177,0.339,0.022,-9.143,0.1,2.31,0.345,0.015,-21.116,0.149,3.02,0.101,0.006,-130.813,0.477,3.132,0.208,0.006,-150.311,0.521,3.164,0.011,0.002,-215.465,2.033,3.313,0.078,0.008,-68.425,0.418,3.387,0.046,0.006,-82.093,0.56,4.059,0.043,0.006,-113.599,0.637,4.201,0.051,0.005,-242.436,0.796,4.266,0.084,0.007,-132.401,0.606,4.345,0.071,0.007,-103.909,0.651,4.708,0.058,0.008,-99.069,0.62,5.051,0.125,0.008,-82.447,0.667,5.189,0.081,0.007,-100.407,0.776,5.514,0.065,0.005,-178.656,1.08,5.992,0.117,0.006,-175.791,0.96,6.054,0.059,0.005,-157.209,1.106,6.251,0.07,0.006,-167.844,1.125,6.633,0.015,0.008,-54.069,0.873,6.944,0.007,0.005,-58.126,1.32,7.154,0.075,0.008,-69.262,0.899,8.29,0.013,0.012,-24.835,0.668,8.4,0.014
127,9015,45633942_1450,7/4/2023 10:36,25.4,2,QPLog 10-1631 (16) rev16,TRUE,,B3,No Defect,Not Done,Pass,Green,Pass,Pass,Green,Pass,(None),300_FW,none,,0,0,TRUE,Pass,0,0,,2.179,2.333,3.042,3.156,3.184,3.329,3.426,4.108,4.228,4.311,4.372,4.734,5.102,5.244,5.567,6.045,6.095,6.294,6.701,6.997,7.205,8.352,8.474,0,5.724,3.78,6.194,11.453,0.192,3.248,1.877,2.107,1.539,1.172,1.838,2.082,1.352,1.948,0.902,0.981,2.101,2.148,2.349,2.498,1.662,1.539,2.021,0.946,2.005,2.085,2.106,0,2.444,2.379,2.252,2.193,2.179,0.217,0.019,-14.062,0.115,2.333,0.168,0.022,-32.876,0.105,3.042,0.068,0.008,-93.879,0.389,3.156,0.137,0.006,-148.722,0.531,3.184,0.083,0.007,-92.215,0.488,3.329,0.075,0.008,-79.374,0.438,3.426,0.035,0.009,-60.929,0.369,4.108,0.049,0.006,-147.969,0.638,4.228,0.038,0.006,-224.969,0.746,4.311,0.075,0.006,-151.669,0.78,4.372,0.071,0.006,-110.629,0.697,4.734,0.051,0.006,-90.252,0.8,5.102,0.115,0.008,-81.929,0.676,5.244,0.06,0.007,-64.432,0.736,5.567,0.037,0.005,-124.873,1.138,6.045,0.112,0.006,-148.655,1.08,6.095,0.065,0.005,-207.529,1.225,6.294,0.045,0.005,-156.056,1.16,6.701,0.018,0.007,-89.366,1.029,6.997,0.006,0.006,-53.838,1.255,7.205,0.064,0.008,-76.771,0.889,8.352,0.01,0.017,-25.774,0.496,8.474,0.014
128,4292,45637613_1450,7/5/2023 18:23,27,2,QPLog 10-1631 (16) rev16,TRUE,,GD,No Defect,Not Done,Pass,Green,Not Done,Pass,Green,Pass,(None),300_FW,none,,0,0,TRUE,Pass,0,0,,2.15,2.291,3.022,3.124,3.156,3.32,3.372,4.04,4.203,4.258,4.348,4.698,5.043,5.178,5.506,5.974,6.057,6.238,6.623,6.97,7.139,8.272,8.379,0,5.694,3.75,6.131,11.337,-1.859,-1.286,0.077,-0.865,-0.519,0.245,-1.389,-1.481,-0.151,-1.275,-0.522,-1.608,-1.163,-1.117,-1.253,-1.033,-0.268,-0.917,-0.852,0.018,-1.293,-1.334,-0.901,0,-0.447,-0.781,-0.606,-0.979,2.15,0.25,0.007,-15.697,0.307,2.291,0.153,0.004,-8.09,0.589,3.022,0.089,0.007,-92.002,0.427,3.124,0.2,0.008,-87.322,0.394,3.156,0.009,0.003,-167.72,0.903,3.32,0.08,0.006,-113.28,0.516,3.372,0.042,0.007,-78.439,0.491,4.04,0.034,0.005,-107.979,0.747,4.203,0.045,0.006,-186.465,0.674,4.258,0.077,0.006,-166.388,0.737,4.348,0.073,0.007,-111.616,0.616,4.698,0.053,0.007,-91.972,0.651,5.043,0.119,0.008,-67.83,0.644,5.178,0.074,0.005,-131.388,0.95,5.506,0.063,0.005,-156.422,1.011,5.974,0.073,0.006,-210.487,1.014,6.057,0.049,0.005,-205.559,1.246,6.238,0.074,0.005,-199.608,1.218,6.623,0.013,0.008,-49.564,0.832,6.97,0.02,0.007,-79.771,0.952,7.139,0.067,0.009,-57.813,0.83,8.272,0.019,0.009,-42.422,0.895,8.379,0.012
129,6149,45647062_1450,7/11/2023 14:26,25.1,2,QPLog 10-1631 (16) rev16,TRUE,,GD,No Defect,Not Done,Pass,Green,Not Done,Pass,Green,Pass,(None),300_FW,none,,0,0,TRUE,Pass,0,0,,2.167,2.313,3.027,3.135,3.167,3.307,3.394,4.058,4.187,4.271,4.351,4.71,5.051,5.191,5.516,5.981,6.052,6.259,6.65,6.987,7.161,8.303,8.415,0,5.692,3.752,6.133,11.367,-0.679,1.094,0.552,0.179,0.268,-1.026,-0.105,-0.532,-1.103,-0.507,-0.349,-0.756,-0.751,-0.466,-0.667,-0.723,-0.529,-0.006,0.153,0.615,-0.229,0.001,0.232,0,-0.66,-0.572,-0.533,-0.153,2.167,0.279,0.011,-13.14,0.202,2.313,0.275,0.014,-11.615,0.166,3.027,0.092,0.006,-111.449,0.486,3.135,0.186,0.007,-107.581,0.456,3.167,0.016,0.003,-340.745,1.215,3.307,0.092,0.008,-84.4,0.439,3.394,0.038,0.009,-58.63,0.392,4.058,0.049,0.006,-106.201,0.665,4.187,0.05,0.006,-206.313,0.699,4.271,0.078,0.006,-133.577,0.695,4.351,0.064,0.008,-81.936,0.546,4.71,0.067,0.007,-117.61,0.678,5.051,0.106,0.008,-68.715,0.65,5.191,0.077,0.007,-83.168,0.736,5.516,0.044,0.006,-122.568,0.962,5.981,0.102,0.005,-162.731,1.146,6.052,0.098,0.006,-137.151,1.028,6.259,0.068,0.006,-141.972,1.046,6.65,0.016,0.008,-61.368,0.873,6.987,0.012,0.009,-56.297,0.781,7.161,0.077,0.008,-68.804,0.877,8.303,0.013,0.012,-20.889,0.704,8.415,0.019
130,6230,45652329_1450,7/13/2023 15:53,28.4,2,QPLog 10-1631 (16) rev18,TRUE,,GD,No Defect,Pass,Pass,Green,Not Done,Pass,Green,Pass,(None),400_LA (new),none,,6,2015,TRUE,Pass,0,0,,2.171,2.316,3.042,3.139,3.154,3.348,3.389,4.07,4.254,4.295,4.393,4.729,5.098,5.23,5.551,6.042,6.101,6.254,6.653,6.976,7.206,8.34,8.409,0,5.706,3.777,0,11.452,-0.374,1.407,1.79,0.507,-0.648,3.146,-0.391,0.112,2.872,0.978,2.067,0.629,1.85,1.484,1.373,2.361,1.97,-0.194,0.275,0.215,2.05,1.596,0.065,0,0.706,2.069,0,2.178,2.171,0.267,0.005,-9.758,0.448,2.316,0.268,0.014,-19.616,0.163,3.042,0.15,0.006,-110.526,0.489,3.139,0.339,0.007,-111.703,0.48,3.154,0.097,0.004,-185.039,0.892,3.348,0.107,0.009,-84.02,0.363,3.389,0.072,0.011,-49.726,0.299,4.07,0.087,0.007,-116.111,0.602,4.254,0.076,0.006,-156.132,0.749,4.295,0.088,0.007,-113.102,0.615,4.393,0.153,0.006,-148.247,0.728,4.729,0.07,0.007,-74.854,0.696,5.098,0.172,0.008,-64.684,0.616,5.23,0.071,0.004,-156.064,1.209,5.551,0.027,0.003,-178.221,1.775,6.042,0.133,0.008,-77.156,0.773,6.101,0.036,0.005,-115.409,1.14,6.254,0.109,0.006,-151.26,1.103,6.653,0.016,0.009,-47.934,0.742,6.976,0.005,0.008,-65.044,0.867,7.206,0.123,0.008,-77.738,0.947,8.34,0.03,0.01,-29.618,0.809,8.409,0.035
131,2546,45681871_1450,7/27/2023 12:23,24.8,2,QPLog 10-1631 (16) rev16,TRUE,,GD,No Defect,Not Done,Pass,Green,Not Done,Pass,Green,Pass,(None),300_FW,none,,0,0,TRUE,Pass,0,0,,2.167,2.301,3.03,3.123,3.158,3.324,3.369,4.034,4.208,4.261,4.368,4.71,5.04,5.169,5.505,5.96,6.043,6.233,6.622,6.965,7.131,8.267,8.369,5.112,5.687,3.755,6.118,11.339,-0.64,-0.248,0.793,-0.894,-0.406,0.657,-1.607,-1.822,0.151,-1.073,0.633,-0.729,-1.332,-1.552,-1.296,-1.752,-0.962,-1.134,-0.889,-0.155,-1.731,-1.552,-1.206,-0.532,-1.126,-0.222,-1.215,-0.923,2.167,0.304,0.01,-38.659,0.227,2.301,0.35,0.008,-76.293,0.287,3.03,0.06,0.006,-78.624,0.47,3.123,0.209,0.007,-101.769,0.47,3.158,0.008,0.004,-164.348,0.895,3.324,0.074,0.009,-73.676,0.388,3.369,0.038,0.008,-87.65,0.418,4.034,0.048,0.008,-68.919,0.496,4.208,0.056,0.006,-176.749,0.762,4.261,0.042,0.006,-175.94,0.667,4.368,0.059,0.006,-137.132,0.741,4.71,0.054,0.009,-77.512,0.552,5.04,0.091,0.01,-53.81,0.51,5.169,0.082,0.006,-140.819,0.809,5.505,0.023,0.006,-138.241,0.943,5.96,0.037,0.005,-147.6,1.286,6.043,0.048,0.004,-209.88,1.557,6.233,0.08,0.005,-221.206,1.244,6.622,0.009,0.008,-51.889,0.85,6.965,0.012,0.007,-78.355,0.931,7.131,0.068,0.007,-77.756,0.975,8.267,0.011,0.009,-38.072,0.967,8.369,0.006
132,D0088,45673631_1450,7/28/2023 13:51,24.3,2,QPLog 10-1631 (16) rev16,TRUE,,GD,No Defect,Not Done,Pass,Green,Not Done,Pass,Green,Pass,(None),110_LVL (new),none,,10,2018,TRUE,Pass,0,0,,2.193,2.303,3.036,3.147,3.178,3.312,3.411,4.082,4.198,4.279,4.348,4.716,5.059,5.216,5.522,5.99,6.064,6.278,6.684,7.009,7.15,8.284,8.453,5.117,5.686,3.763,6.163,11.37,1.128,-0.037,1.34,1.287,1.123,-0.579,0.951,0.743,-0.426,0.018,-0.503,-0.3,-0.284,0.756,-0.301,-0.269,0.079,0.837,1.396,1.369,-0.757,-0.823,1.458,-0.296,-1.235,0.607,0.834,-0.071,2.193,0.286,0.005,-44.15,0.407,2.303,0.41,0.013,-42.379,0.184,3.036,0.112,0.006,-135.031,0.496,3.147,0.198,0.006,-143.51,0.494,3.178,0.117,0.005,-151.92,0.671,3.312,0.113,0.006,-118.266,0.56,3.411,0.046,0.009,-49.133,0.393,4.082,0.049,0.006,-104.468,0.693,4.198,0.066,0.005,-256.129,0.81,4.279,0.073,0.006,-118.338,0.736,4.348,0.143,0.007,-101.724,0.664,4.716,0.116,0.007,-129.525,0.686,5.059,0.185,0.008,-78.107,0.637,5.216,0.095,0.006,-120.377,0.936,5.522,0.063,0.005,-169.159,1.042,5.99,0.129,0.007,-102.259,0.895,6.064,0.051,0.004,-236.65,1.428,6.278,0.055,0.007,-76.722,0.91,6.684,0.016,0.007,-49.038,0.91,7.009,0.024,0.01,-46.979,0.719,7.15,0.114,0.009,-50.329,0.754,8.284,0.05,0.009,-43.186,0.914,8.453,0.021
133,9083,45706689_1450,8/14/2023 10:31,23.2,2,QPLog 10-1631 (16) rev16,TRUE,,GD,No Defect,Not Done,Pass,Green,Not Done,Pass,Green,Pass,(None),110_LVL (new),none,,9,2018,TRUE,Pass,0,0,,2.173,2.304,3.026,3.134,3.161,3.318,3.401,4.073,4.213,4.299,4.383,4.739,5.092,5.209,5.551,6.014,6.082,6.258,6.648,6.963,7.184,8.313,8.411,5.15,5.703,3.76,6.137,11.411,-0.222,0.107,0.429,0.054,-0.14,0.107,0.295,0.231,0.456,1.18,1.489,1.318,1.548,0.44,1.414,0.931,1.045,-0.027,0.079,-0.216,0.926,0.434,0.107,1.445,0.449,0.331,-0.325,1.06,2.173,0.2,0.013,-28.471,0.173,2.304,0.401,0.012,-58.499,0.187,3.026,0.072,0.008,-95.047,0.395,3.134,0.146,0.006,-158.476,0.515,3.161,0.045,0.005,-134.85,0.632,3.318,0.072,0.008,-95.674,0.426,3.401,0.073,0.009,-57.653,0.373,4.073,0.016,0.008,-76.813,0.509,4.213,0.052,0.006,-174.328,0.667,4.299,0.085,0.006,-131.434,0.747,4.383,0.153,0.007,-71.255,0.592,4.739,0.131,0.007,-110.688,0.672,5.092,0.202,0.009,-63.418,0.582,5.209,0.057,0.006,-96.867,0.915,5.551,0.082,0.009,-107.809,0.631,6.014,0.064,0.005,-139.955,1.118,6.082,0.106,0.006,-115.531,0.978,6.258,0.067,0.008,-75.412,0.799,6.648,0.018,0.006,-72.146,1.061,6.963,0.009,0.003,-24.36,2.668,7.184,0.095,0.008,-83.309,0.953,8.313,0.011,0.003,-14.572,3.113,8.411,0.027
134,8839,None,8/16/2023 14:33,21.4,2,QPLog 1631 OB NOSE MAX-NG rev22,TRUE,,B3,(None),Not Done,Not Done,(None),Not Done,Pass,(None),Not Done,(None),101_COPA,,,0,0,FALSE,Pass,0,0,,2.196,2.306,3.02,3.141,3.183,3.321,3.417,4.093,4.214,4.302,4.374,4.732,5.082,5.225,5.543,6.013,6.084,6.32,6.69,6.964,7.18,8.312,8.433,5.136,5.709,3.762,6.173,11.406,1.373,0.322,-0.114,0.695,1.494,0.348,1.292,1.327,0.496,1.383,0.999,0.783,1.003,1.219,0.898,0.888,1.145,2.682,1.629,-0.194,0.713,0.372,0.818,0.697,0.965,0.468,1.305,0.911,2.196,0.448,0.011,-62,0.203,2.306,0.456,0.01,-77.45,0.223,3.02,0.09,0.007,-72.932,0.419,3.141,0.206,0.005,-193.953,0.586,3.183,0.1,0.007,-96.443,0.463,3.321,0.097,0.007,-113.038,0.496,3.417,0.043,0.009,-33.696,0.383,4.093,0.03,0.011,-42.018,0.368,4.214,0.058,0.006,-203.04,0.735,4.302,0.077,0.007,-81.155,0.602,4.374,0.127,0.007,-81.725,0.631,4.732,0.072,0.009,-63.35,0.52,5.082,0.188,0.011,-33.557,0.477,5.225,0.068,0.011,-30.175,0.476,5.543,0.066,0.007,-75.962,0.753,6.013,0.021,0.006,-23.738,0.991,6.084,0.017,0.004,-86.537,1.465,6.32,0.057,0.007,-77.107,0.856,6.69,0.019,0.008,-40.191,0.888,6.964,0.013,0.005,-72.009,1.375,7.18,0.067,0.013,-21.743,0.534,8.312,0.011,0.014,-7.635,0.605,8.433,0.013
135,8839,None,8/16/2023 14:47,21.5,2,QPLog 1631 OB NOSE MAX-NG rev22,TRUE,,GD,(None),Not Done,Not Done,(None),Not Done,Pass,(None),Not Done,(None),101_COPA,,,0,0,FALSE,Pass,0,0,,2.195,2.306,3.018,3.14,3.181,3.321,3.414,4.09,4.213,4.301,4.373,4.731,5.082,5.223,5.542,6.02,6.084,6.32,6.69,6.963,7.181,8.316,8.434,5.135,5.709,3.761,6.172,11.407,1.297,0.322,-0.255,0.637,1.282,0.382,1.111,1.172,0.438,1.322,0.921,0.727,1.003,1.143,0.882,1.254,1.145,2.695,1.629,-0.228,0.784,0.55,0.831,0.644,1.029,0.388,1.251,0.947,2.195,0.081,0.01,-55.508,0.221,2.306,0.098,0.009,-92.797,0.268,3.018,0.119,0.007,-98.629,0.421,3.14,0.248,0.005,-200.783,0.587,3.181,0.133,0.006,-129.914,0.517,3.321,0.127,0.006,-131.451,0.523,3.414,0.055,0.011,-40.859,0.31,4.09,0.046,0.007,-86.28,0.576,4.213,0.068,0.006,-202.224,0.717,4.301,0.102,0.007,-112.732,0.644,4.373,0.17,0.006,-117.061,0.692,4.731,0.101,0.007,-94.363,0.634,5.082,0.226,0.01,-39.654,0.486,5.223,0.103,0.007,-45.41,0.793,5.542,0.098,0.006,-129.465,0.925,6.02,0.098,0.006,-82.739,1.031,6.084,0.028,0.004,-162.641,1.689,6.32,0.103,0.005,-174.446,1.183,6.69,0.028,0.007,-50.155,1.002,6.963,0.015,0.005,-94.34,1.439,7.181,0.123,0.009,-50.103,0.788,8.316,0.017,0.013,-19.206,0.632,8.434,0.018
136,4268,45725950_1450,8/17/2023 18:33,30.2,2,QPLog 10-1631 (16) rev18,TRUE,,GD,No Defect,Pass,Pass,Green,Not Done,Pass,Green,Pass,(None),400_LA (new),none,,1,2012,TRUE,Pass,0,0,,2.179,2.305,3.013,3.125,3.158,3.313,3.396,4.07,4.194,4.284,4.369,4.734,5.061,5.204,5.523,5.986,6.059,6.261,6.636,6.923,7.176,0,8.396,5.103,5.689,3.757,6.147,11.365,0.186,0.26,-0.693,-0.776,-0.367,-0.442,0.055,0.112,-0.685,0.281,0.671,0.924,-0.17,0.155,-0.252,-0.474,-0.134,0.124,-0.35,-1.624,0.518,0,-0.352,-1.028,-0.879,-0.082,0.114,-0.206,2.179,0.278,0.003,-51.037,0.636,2.305,0.316,0.009,-37.215,0.245,3.013,0.16,0.007,-91.55,0.421,3.125,0.236,0.006,-159.288,0.529,3.158,0.201,0.007,-97.975,0.454,3.313,0.134,0.006,-114.165,0.539,3.396,0.079,0.007,-76.585,0.499,4.07,0.061,0.007,-91.021,0.546,4.194,0.087,0.005,-254.592,0.813,4.284,0.126,0.006,-166.504,0.743,4.369,0.158,0.006,-114.857,0.729,4.734,0.125,0.007,-109.282,0.643,5.061,0.233,0.008,-89.818,0.659,5.204,0.123,0.005,-119.236,1.077,5.523,0.062,0.004,-203.364,1.5,5.986,0.121,0.006,-182.76,1.075,6.059,0.139,0.006,-133.957,1.055,6.261,0.106,0.006,-155.544,1.066,6.636,0.02,0.007,-64.158,0.887,6.923,0.006,0.005,-73.967,1.413,7.176,0.13,0.009,-60.287,0.815,0,0,0,0,0,8.396,0.039
137,B0068,45707768_1450,8/15/2023 13:54,23.7,2,QPLog 10-1631 (16) rev16,TRUE,,GD,No Defect,Not Done,Pass,(None),Not Done,Pass,(None),Pass,(None),110_LVL (new),none,,6,2019,TRUE,Pass,0,0,,2.191,2.301,3.033,3.152,3.185,3.309,3.422,4.096,4.198,4.293,4.352,4.712,5.064,5.224,5.529,5.987,6.064,6.28,6.7,7.016,7.152,8.288,8.463,0,5.698,3.764,6.173,11.388,1.035,-0.182,1.036,1.682,1.594,-0.854,1.587,1.454,-0.447,0.823,-0.311,-0.582,0.003,1.178,0.11,-0.394,0.113,0.955,2.008,1.613,-0.662,-0.662,1.774,0,-0.01,0.653,1.29,0.405,2.191,0.268,0.009,-58.39,0.243,2.301,0.284,0.01,-55.074,0.234,3.033,0.09,0.006,-128.175,0.481,3.152,0.139,0.005,-214.383,0.592,3.185,0.112,0.005,-153.037,0.63,3.309,0.092,0.006,-147.246,0.537,3.422,0.035,0.008,-52.498,0.424,4.096,0.038,0.006,-130.692,0.682,4.198,0.043,0.006,-197.595,0.728,4.293,0.061,0.006,-155.879,0.779,4.352,0.099,0.007,-91.85,0.613,4.712,0.087,0.006,-108.846,0.767,5.064,0.137,0.008,-71.22,0.637,5.224,0.06,0.005,-102.811,1.011,5.529,0.043,0.006,-138.574,0.857,5.987,0.078,0.007,-117.061,0.871,6.064,0.046,0.005,-215.43,1.306,6.28,0.044,0.006,-105.374,0.991,6.7,0.016,0.008,-44.994,0.852,7.016,0.018,0.01,-53.709,0.686,7.152,0.086,0.01,-51.205,0.74,8.288,0.035,0.01,-35.902,0.805,8.463,0.016
138,6221,45711728_1450,8/17/2023 15:49,23.5,2,QPLog 10-1631 (16) rev16,TRUE,,B3,No Defect,Not Done,Pass,(None),Not Done,Pass,(None),Pass,(None),110_LVL (new),none,,5,2015,TRUE,Pass,0,0,,2.156,2.299,3.011,3.125,3.154,3.337,3.392,4.071,4.238,4.29,4.376,4.726,5.085,5.216,5.536,6.007,6.103,6.246,6.631,6.953,7.186,8.278,8.413,0,5.702,3.758,6.157,11.379,-1.391,-0.388,-0.892,-0.75,-0.661,2.012,-0.234,0.128,1.928,0.685,1.123,0.361,1.168,0.767,0.488,0.613,2.113,-0.566,-0.558,-0.57,1.053,-1.062,0.177,0,0.388,0.068,0.56,0.157,2.156,0.219,0.006,-24.061,0.387,2.299,0.245,0.003,-29.108,0.729,3.011,0.103,0.006,-76.971,0.514,3.125,0.23,0.006,-176.931,0.546,3.154,0.151,0.007,-78.52,0.428,3.337,0.109,0.007,-105.645,0.493,3.392,0.086,0.009,-46.102,0.383,4.071,0.054,0.007,-99.297,0.559,4.238,0.066,0.007,-180.997,0.608,4.29,0.118,0.006,-129.577,0.664,4.376,0.155,0.007,-74.522,0.598,4.726,0.123,0.006,-132.401,0.787,5.085,0.224,0.007,-84.635,0.704,5.216,0.08,0.006,-106.195,0.856,5.536,0.093,0.005,-174.976,1.059,6.007,0.056,0.006,-140.127,1.041,6.103,0.046,0.004,-212.85,1.404,6.246,0.067,0.006,-103.684,0.994,6.631,0.023,0.007,-63.363,1.02,6.953,0.005,0.009,-63.587,0.747,7.186,0.117,0.007,-88.786,0.998,8.278,0.008,0.008,-28.208,1.055,8.413,0.015
139,3171,45744613_1450,8/26/2023 13:23,24.8,2,QPLog 10-1631 (16) rev16,TRUE,,GD,No Defect,Pass,Pass,(None),Not Done,Pass,(None),Pass,(None),300_FW,none,,8,2007,TRUE,Pass,0,0,,2.163,2.314,3.006,3.128,3.163,3.315,3.399,4.076,4.202,4.276,4.356,4.717,5.047,5.204,5.504,5.979,6.054,6.263,6.644,6.969,7.135,8.266,8.399,0,5.701,3.747,6.144,11.336,-0.91,1.174,-1.301,-0.438,-0.045,-0.27,0.212,0.414,-0.209,-0.164,-0.079,-0.258,-0.962,0.168,-1.384,-0.803,-0.438,0.169,-0.08,-0.028,-1.495,-1.577,-0.264,0,0.264,-1.082,-0.027,-1.012,2.163,0.171,0.009,-18.147,0.238,2.314,0.17,0.016,-5.44,0.14,3.006,0.114,0.007,-83.05,0.406,3.128,0.135,0.006,-138.977,0.49,3.163,0.119,0.008,-71.711,0.414,3.315,0.085,0.007,-98.801,0.449,3.399,0.027,0.011,-39.843,0.302,4.076,0.049,0.006,-87.348,0.651,4.202,0.042,0.006,-218.648,0.751,4.276,0.04,0.006,-194.791,0.709,4.356,0.027,0.01,-36.045,0.417,4.717,0.058,0.007,-79.658,0.642,5.047,0.087,0.011,-41.265,0.44,5.204,0.067,0.007,-87.348,0.735,5.504,0.037,0.006,-115.221,0.967,5.979,0.107,0.006,-151.714,1.054,6.054,0.009,0.004,-172.047,1.431,6.263,0.054,0.006,-118.865,1.027,6.644,0.016,0.008,-51.009,0.826,6.969,0.016,0.009,-63.144,0.81,7.135,0.07,0.007,-77.121,0.958,8.266,0.011,0.013,-24.772,0.644,8.399,0.01
140,4282,45753578_1450,9/7/2023 9:36,22.8,2,QPLog 10-1631 (16) rev16,TRUE,,GD,No Defect,Not Done,Pass,(None),Not Done,Pass,(None),Pass,(None),110_LVL (new),none,,1,2012,TRUE,Pass,0,0,,2.175,2.302,3.003,3.118,3.152,3.315,3.389,4.067,4.199,4.279,4.358,4.726,5.063,5.194,5.525,5.991,6.049,6.249,6.625,6.918,7.167,8.31,8.384,0,5.694,3.752,0,11.349,-0.115,-0.124,-1.621,-1.402,-0.813,-0.236,-0.394,-0.059,-0.368,0.018,0.056,0.41,-0.052,-0.317,-0.131,-0.194,-0.688,-0.436,-0.778,-1.782,0.102,0.282,-0.757,0,-0.447,-0.524,0,-0.658,2.175,0.349,0.009,-33.785,0.23,2.302,0.423,0.013,-64.184,0.177,3.003,0.086,0.011,-85.777,0.281,3.118,0.172,0.006,-156.344,0.49,3.152,0.121,0.009,-56.958,0.332,3.315,0.123,0.006,-174.516,0.599,3.389,0.059,0.007,-69.093,0.456,4.067,0.058,0.006,-123.651,0.652,4.199,0.057,0.005,-249.924,0.768,4.279,0.126,0.007,-141.73,0.658,4.358,0.118,0.007,-103.713,0.621,4.726,0.091,0.007,-113.882,0.674,5.063,0.183,0.008,-78.543,0.659,5.194,0.096,0.007,-86.614,0.768,5.525,0.065,0.005,-198.789,1.081,5.991,0.075,0.006,-164.74,0.993,6.049,0.114,0.006,-113.76,0.946,6.249,0.065,0.008,-61.277,0.792,6.625,0.019,0.007,-58.321,1.012,6.918,0.011,0.006,-66.565,1.24,7.167,0.129,0.008,-72.833,0.899,8.31,0.023,0.008,-31.444,0.997,8.384,0.035
141,1051,45760439_1450,9/12/2023 13:24,23.3,2,QPLog 10-1631 (16) rev17,TRUE,,GD,No Defect,Not Done,Pass,(None),Not Done,Pass,(None),Pass,(None),110_LVL (new),none,,2,2000,TRUE,Pass,0,0,,2.166,2.305,3.008,3.119,3.138,3.33,3.362,4.048,4.233,4.31,4.374,4.724,5.056,5.19,5.509,5.983,6.095,6.235,6.605,7.003,7.164,0,8.357,0,5.696,3.752,6.132,11.342,-0.688,0.277,-1.183,-1.263,-1.869,1.309,-1.994,-1.061,1.61,1.868,0.999,0.235,-0.436,-0.516,-1.074,-0.579,1.695,-1.019,-1.495,1.146,-0.044,0,-1.59,0,-0.283,-0.505,-0.571,-0.84,2.166,0.034,0.006,-28.535,0.384,2.305,0.482,0.009,-72.887,0.268,3.008,0.096,0.011,-76.182,0.279,3.119,0.215,0.006,-172.426,0.517,3.138,0.047,0.002,-208.422,1.395,3.33,0.077,0.008,-129.327,0.443,3.362,0.099,0.007,-85.291,0.5,4.048,0.061,0.008,-90.181,0.506,4.233,0.108,0.007,-172.44,0.64,4.31,0.025,0.004,-151.149,1.104,4.374,0.134,0.008,-82.531,0.522,4.724,0.094,0.008,-82.529,0.584,5.056,0.176,0.008,-75.389,0.643,5.19,0.055,0.005,-94.104,0.946,5.509,0.07,0.005,-152.3,1.023,5.983,0.041,0.006,-125.343,1.023,6.095,0.005,0.005,-150.017,1.194,6.235,0.072,0.006,-100.863,0.975,6.605,0.018,0.007,-70.59,0.915,7.003,0.018,0.007,-102.158,0.948,7.164,0.123,0.007,-93.497,0.984,0,0,0,0,0,8.357,0.04
142,6144,45790264_1450,9/20/2023 14:16,24.1,2,QPLog 10-1631 (16) rev16,TRUE,,GD,No Defect,Not Done,Pass,(None),Not Done,Pass,(None),Pass,(None),300_FW,none,0,0,0,TRUE,Pass,0,0,,2.166,2.313,3.024,3.138,3.159,3.31,3.397,4.065,4.193,4.269,4.333,4.715,5.055,5.195,5.524,5.987,6.046,6.256,6.648,6.987,7.167,8.311,8.42,0,5.698,3.755,6.139,11.36,-0.722,1.032,0.225,0.41,-0.318,-0.717,0.094,-0.167,-0.724,-0.588,-1.36,-0.385,-0.514,-0.289,-0.19,-0.374,-0.829,-0.115,0.091,0.615,0.084,0.336,0.388,0,-0.057,-0.234,-0.225,-0.345,2.166,0.258,0.01,-9.89,0.209,2.313,0.243,0.022,-10.26,0.106,3.024,0.083,0.006,-78.723,0.499,3.138,0.19,0.006,-140.763,0.53,3.159,0.064,0.007,-96.705,0.483,3.31,0.092,0.006,-100.131,0.522,3.397,0.033,0.008,-50.208,0.445,4.065,0.048,0.007,-93.526,0.601,4.193,0.049,0.005,-258.471,0.802,4.269,0.072,0.006,-211.75,0.717,4.333,0.104,0.006,-169.844,0.746,4.715,0.058,0.007,-115.68,0.64,5.055,0.119,0.008,-59.471,0.599,5.195,0.072,0.007,-79.337,0.727,5.524,0.049,0.005,-163.549,1.066,5.987,0.083,0.006,-163.637,1.041,6.046,0.098,0.006,-146.953,1.081,6.256,0.056,0.006,-147.003,1.12,6.648,0.018,0.007,-57.789,0.96,6.987,0.012,0.008,-60.855,0.839,7.167,0.081,0.007,-79.257,0.966,8.311,0.013,0.013,-27.902,0.654,8.42,0.013
143,4237,45827890_1450,10/17/2023 9:28,22.4,2,QPLog 10-1631 (16) rev17,TRUE,,GD,No Defect,Not Done,Pass,(None),Not Done,Pass,(None),Pass,(None),110_LVL (new),none,0,10,2011,TRUE,Pass,0,0,,2.173,2.295,3.013,3.126,3.149,3.307,3.386,4.058,4.192,4.266,4.337,4.705,5.047,5.185,5.509,5.981,6.046,6.246,6.633,6.934,7.147,8.28,8.388,0,5.691,3.744,6.12,11.345,-0.235,-0.842,-0.666,-0.651,-1.026,-1.026,-0.551,-0.555,-0.785,-0.77,-1.139,-1.06,-0.939,-0.77,-1.071,-0.678,-0.806,-0.556,-0.46,-1.245,-0.895,-0.977,-0.607,0,-0.728,-1.367,-1.095,-0.757,2.173,0.339,0.011,-51.943,0.197,2.295,0.396,0.012,-56.636,0.199,3.013,0.096,0.006,-110.861,0.542,3.126,0.182,0.005,-180.949,0.579,3.149,0.033,0.006,-161.15,0.512,3.307,0.109,0.006,-148.341,0.555,3.386,0.044,0.009,-61.564,0.393,4.058,0.051,0.006,-119.306,0.692,4.192,0.053,0.006,-173.185,0.697,4.266,0.084,0.008,-119.551,0.568,4.337,0.103,0.007,-71.347,0.586,4.705,0.082,0.006,-123.689,0.729,5.047,0.155,0.008,-66.059,0.602,5.185,0.075,0.007,-71.725,0.759,5.509,0.046,0.006,-152.764,0.907,5.981,0.085,0.007,-106.404,0.838,6.046,0.078,0.007,-111.335,0.897,6.246,0.059,0.008,-70.925,0.767,6.633,0.017,0.007,-68.517,0.954,6.934,0.006,0.005,-65.572,1.435,7.147,0.121,0.008,-68.413,0.917,8.28,0.029,0.009,-34.106,0.884,8.388,0.029
144,D0631,45832686_1450,10/17/2023 16:55,22.6,2,QPLog 10-1631 (16) rev17,TRUE,,GD,No Defect,Not Done,Pass,(None),Not Done,Pass,(None),Pass,(None),110_LVL (new),none,0,8,2019,TRUE,Pass,0,0,,2.181,2.299,3.03,3.146,3.181,3.308,3.403,4.067,4.189,4.267,4.33,4.692,5.048,5.201,5.516,5.986,6.052,6.264,6.674,7.017,7.148,8.276,8.451,0,5.695,3.762,6.156,11.357,0.293,-0.458,0.74,1.153,1.281,-0.923,0.432,-0.049,-0.964,-0.709,-1.533,-2.018,-0.899,0.043,-0.677,-0.444,-0.524,0.214,1.041,1.655,-0.877,-1.159,1.403,0,-0.297,0.444,0.529,-0.442,2.181,0.258,0.018,-42.734,0.12,2.299,0.263,0.014,-32.979,0.168,3.03,0.078,0.008,-71.012,0.38,3.146,0.198,0.007,-97.812,0.439,3.181,0.015,0.004,-185.692,0.722,3.308,0.128,0.006,-130.608,0.518,3.403,0.048,0.009,-45.795,0.39,4.067,0.048,0.009,-104.882,0.459,4.189,0.051,0.007,-142.623,0.637,4.267,0.104,0.006,-128.254,0.728,4.33,0.138,0.007,-112.802,0.655,4.692,0.102,0.007,-120.987,0.708,5.048,0.171,0.007,-79.765,0.675,5.201,0.079,0.006,-100.356,0.842,5.516,0.047,0.005,-145.255,1.004,5.986,0.101,0.007,-106.08,0.855,6.052,0.069,0.005,-177.839,1.161,6.264,0.053,0.007,-92.023,0.885,6.674,0.017,0.007,-50.904,0.893,7.017,0.025,0.01,-49.311,0.71,7.148,0.1,0.009,-55.086,0.805,8.276,0.048,0.009,-56.347,0.965,8.451,0.018
145,2525,45850390_7406,10/20/2023 9:50,22,2,QPLog 10-1631 (16) rev15,TRUE,,B3,No Defect,Pass,Pass,(None),Pass,Pass,(None),Pass,(None),500_LON,none,0,1,2005,TRUE,Fail,0,0,,2.185,2.319,3.034,3.143,3.17,3.354,3.402,4.091,4.273,4.312,4.401,4.747,5.114,5.247,5.57,6.068,6.139,6.277,6.672,6.99,7.233,8.35,8.437,0,5.73,3.776,6.199,11.49,0.575,1.689,1.09,0.873,0.478,3.833,0.377,1.208,4.045,1.989,2.529,1.888,2.748,2.299,2.48,3.624,3.931,0.796,0.967,0.702,3.377,2.007,0.942,0,3.023,1.959,2.479,3.231,2.185,0.065,0.013,-27.275,0.174,2.319,0.5,0.012,-26.076,0.194,3.034,0.151,0.012,-43.206,0.26,3.143,0.321,0.006,-178.989,0.532,3.17,0.204,0.004,-142.088,0.755,3.354,0.201,0.006,-161,0.554,3.402,0.095,0.01,-58.857,0.352,4.091,0.104,0.006,-135.665,0.694,4.273,0.125,0.006,-234.936,0.765,4.312,0.128,0.006,-178.14,0.675,4.401,0.229,0.006,-185.435,0.758,4.747,0.103,0.008,-63.683,0.571,5.114,0.255,0.011,-52.756,0.468,5.247,0.115,0.006,-96.292,0.927,5.57,0.07,0.006,-124.677,0.987,6.068,0.3,0.006,-119.14,0.98,6.139,0.012,0.002,-122.983,3.085,6.277,0.132,0.005,-184.234,1.185,6.672,0.03,0.008,-56.655,0.834,6.99,0.004,0.008,-69.629,0.873,7.233,0.135,0.006,-117.177,1.123,8.35,0.009,0.008,-34.116,1.007,8.437,0.041
146,2525,45850390_7406,10/20/2023 9:59,22.3,2,QPLog 10-1631 (16) rev15,TRUE,,B3,No Defect,Pass,Pass,(None),Pass,Pass,(None),Pass,(None),500_LON,none,0,1,2005,TRUE,Fail,0,0,,2.179,2.315,3.033,3.142,3.169,3.354,3.402,4.091,4.274,4.312,4.401,4.746,5.114,5.246,5.569,6.066,6.139,6.277,6.672,6.991,7.233,8.335,8.469,0,5.73,3.776,6.199,11.492,0.18,1.301,1.063,0.815,0.431,3.763,0.357,1.227,4.084,1.989,2.529,1.825,2.728,2.249,2.433,3.556,3.931,0.795,0.955,0.729,3.359,1.361,1.973,0,3.023,1.952,2.479,3.272,2.179,0.304,0.011,-24.993,0.197,2.315,0.361,0.013,-45.245,0.182,3.033,0.148,0.016,-44.606,0.187,3.142,0.312,0.006,-177.943,0.532,3.169,0.195,0.004,-136.265,0.756,3.354,0.192,0.006,-159.142,0.561,3.402,0.085,0.012,-57.491,0.278,4.091,0.101,0.006,-131.72,0.664,4.274,0.118,0.006,-243.718,0.76,4.312,0.113,0.007,-172.126,0.658,4.401,0.198,0.006,-180.958,0.754,4.746,0.1,0.008,-67.509,0.571,5.114,0.239,0.009,-53.956,0.596,5.246,0.102,0.005,-118.019,0.987,5.569,0.062,0.006,-131.298,0.931,6.066,0.281,0.006,-132.467,1.03,6.139,0.011,0.002,-130.836,3.036,6.277,0.121,0.005,-190.149,1.217,6.672,0.029,0.008,-58.687,0.872,6.991,0.004,0.008,-72.104,0.826,7.233,0.123,0.006,-120.082,1.132,8.335,0.007,0.002,-7.879,3.579,8.469,0.007
147,6146,45870905_1450,10/30/2023 14:08,24.5,2,QPLog 10-1631 (16) rev16,TRUE,,GD,No Defect,Pass,Pass,(None),Not Done,Pass,(None),Pass,(None),300_FW,none,0,4,2015,TRUE,Pass,0,0,,2.145,2.316,3.027,3.138,3.161,3.315,3.397,4.064,4.198,4.273,4.349,4.715,5.061,5.197,5.526,5.995,6.052,6.257,6.647,6.992,7.17,8.316,8.423,0,5.702,3.764,6.143,11.366,-2.204,1.361,0.552,0.42,-0.182,-0.202,0.093,-0.203,-0.449,-0.386,-0.445,-0.359,-0.17,-0.15,-0.089,0.006,-0.524,-0.057,0.055,0.764,0.251,0.551,0.499,0,0.305,0.722,-0.067,-0.181,2.145,0.225,0.003,-9.066,0.631,2.316,0.227,0.019,-11.177,0.121,3.027,0.09,0.007,-71.122,0.404,3.138,0.206,0.007,-120.788,0.48,3.161,0.027,0.004,-173.387,0.71,3.315,0.094,0.007,-85.771,0.466,3.397,0.042,0.008,-58.719,0.436,4.064,0.043,0.006,-86.222,0.631,4.198,0.043,0.006,-229.778,0.71,4.273,0.075,0.006,-178.827,0.68,4.349,0.075,0.006,-137.552,0.738,4.715,0.052,0.009,-79.153,0.521,5.061,0.121,0.008,-67.81,0.622,5.197,0.084,0.009,-64.45,0.596,5.526,0.036,0.005,-159.161,1.049,5.995,0.088,0.006,-224.945,1.065,6.052,0.095,0.006,-108.872,0.97,6.257,0.061,0.006,-143.391,1.096,6.647,0.022,0.007,-74.542,0.997,6.992,0.012,0.009,-57.253,0.757,7.17,0.068,0.008,-77.7,0.951,8.316,0.011,0.009,-36.493,0.922,8.423,0.017
148,4299,45873841_1450,11/3/2023 14:46,22.4,2,QPLog 10-1631 (16) rev17,TRUE,,GD,No Defect,Not Done,Pass,(None),Not Done,Pass,(None),Pass,(None),110_LVL (new),none,0,2,2012,TRUE,Pass,0,0,,2.187,2.303,2.999,3.125,3.162,3.31,3.395,4.068,4.191,4.271,4.343,4.709,5.044,5.195,5.503,5.977,6.043,6.255,6.629,6.959,7.144,8.279,8.392,0,5.699,3.742,6.15,11.331,0.755,-0.017,-1.947,-0.779,-0.074,-0.717,-0.047,-0.026,-0.845,-0.467,-0.792,-0.793,-1.099,-0.289,-1.4,-0.888,-0.989,-0.153,-0.619,-0.362,-1.044,-1.045,-0.479,0,0.052,-1.638,0.255,-1.153,2.187,0.383,0.009,-50.649,0.252,2.303,0.432,0.013,-65.69,0.173,2.999,0.093,0.01,-103.694,0.307,3.125,0.175,0.005,-212.563,0.573,3.162,0.14,0.006,-104.576,0.499,3.31,0.124,0.006,-129.877,0.52,3.395,0.052,0.009,-45.816,0.389,4.068,0.05,0.007,-104.741,0.596,4.191,0.061,0.006,-194.645,0.721,4.271,0.134,0.006,-170.183,0.767,4.343,0.129,0.008,-97.478,0.554,4.709,0.096,0.009,-115.08,0.545,5.044,0.178,0.008,-69.593,0.617,5.195,0.092,0.007,-86.325,0.744,5.503,0.067,0.006,-139.623,0.965,5.977,0.102,0.007,-89.106,0.817,6.043,0.081,0.005,-185.628,1.237,6.255,0.065,0.007,-75.101,0.868,6.629,0.019,0.007,-45.575,0.914,6.959,0.022,0.009,-57.138,0.805,7.144,0.139,0.008,-69.67,0.904,8.279,0.031,0.009,-33.585,0.894,8.392,0.03
149,6147,45883863_1450,11/5/2023 12:20,23.7,2,QPLog 10-1631 (16) rev16,TRUE,,GD,No Defect,Pass,Pass,(None),Not Done,Pass,(None),Pass,(None),300_FW,none,0,4,2015,TRUE,Pass,0,0,,2.171,2.299,3.03,3.139,3.157,3.31,3.392,4.061,4.192,4.267,4.341,4.713,5.052,5.194,5.522,5.984,6.045,6.257,6.651,6.993,7.162,8.304,8.421,5.101,5.697,3.761,6.136,11.361,-0.342,-0.384,0.827,0.512,-0.464,-0.717,-0.234,-0.361,-0.805,-0.73,-0.907,-0.498,-0.679,-0.295,-0.291,-0.541,-0.875,-0.085,0.189,0.8,-0.183,0.052,0.436,-1.11,-0.153,0.409,-0.367,-0.326,2.171,0.265,0.015,-20.663,0.143,2.299,0.383,0.009,-53.16,0.244,3.03,0.093,0.006,-98.433,0.492,3.139,0.247,0.006,-155.367,0.543,3.157,0.028,0.002,-315.484,1.61,3.31,0.089,0.007,-108.569,0.498,3.392,0.037,0.01,-47.907,0.324,4.061,0.052,0.006,-110.816,0.685,4.192,0.057,0.006,-195.6,0.719,4.267,0.076,0.006,-213.251,0.682,4.341,0.09,0.006,-116.67,0.705,4.713,0.064,0.006,-131.458,0.727,5.052,0.119,0.01,-53.132,0.511,5.194,0.083,0.007,-99.256,0.757,5.522,0.051,0.005,-144.732,1.018,5.984,0.1,0.005,-211.884,1.136,6.045,0.117,0.006,-142.534,1.084,6.257,0.066,0.006,-142.356,1.137,6.651,0.022,0.007,-76.864,0.984,6.993,0.014,0.008,-63.748,0.843,7.162,0.088,0.009,-65.714,0.842,8.304,0.022,0.01,-33.57,0.808,8.421,0.02
150,4289,45876558_1450,11/7/2023 14:39,22.6,2,QPLog 10-1631 (16) rev17,TRUE,,GD,No Defect,Not Done,Pass,(None),Not Done,Pass,(None),Pass,(None),110_LVL (new),none,0,2,2012,TRUE,Pass,0,0,,2.169,2.305,3.019,3.13,3.17,3.311,3.382,4.05,4.2,4.259,4.34,4.7,5.045,5.182,5.508,5.987,6.048,6.239,6.627,6.942,7.141,8.276,8.39,5.109,5.694,3.749,6.13,11.339,-0.499,0.232,-0.21,-0.313,0.492,-0.614,-0.83,-0.939,-0.33,-1.194,-1.004,-1.427,-1.053,-0.916,-1.152,-0.419,-0.745,-0.843,-0.68,-0.956,-1.192,-1.184,-0.557,-0.69,-0.454,-0.916,-0.652,-0.928,2.169,0.034,0.005,-31.436,0.416,2.305,0.044,0.003,-23.219,0.762,3.019,0.136,0.009,-90.669,0.328,3.13,0.27,0.007,-86.118,0.421,3.17,0.012,0.002,-277.038,1.778,3.311,0.131,0.006,-131.769,0.536,3.382,0.061,0.013,-47.891,0.26,4.05,0.054,0.007,-90.766,0.586,4.2,0.051,0.006,-205.77,0.707,4.259,0.115,0.007,-81.275,0.609,4.34,0.098,0.006,-96.31,0.695,4.7,0.092,0.007,-133.165,0.689,5.045,0.167,0.009,-64.942,0.568,5.182,0.079,0.007,-79.402,0.766,5.508,0.057,0.006,-138.032,1.001,5.987,0.121,0.007,-97.398,0.847,6.048,0.062,0.006,-154.009,1.091,6.239,0.052,0.008,-80.774,0.822,6.627,0.022,0.007,-67.139,1.004,6.942,0.012,0.005,-56.003,1.268,7.141,0.114,0.009,-52.059,0.803,8.276,0.045,0.009,-48.476,0.883,8.39,0.031
151,2375,45893670_7406,11/10/2023 11:28,19.4,2,QPLog 10-1631 (16) rev15,TRUE,,GD,No Defect,Pass,Pass,(None),Not Done,Pass,(None),Pass,(None),500_LON,none,0,10,2003,TRUE,Pass,0,0,,2.194,2.305,3.034,3.132,3.148,3.327,3.38,4.057,4.219,4.272,4.37,4.735,5.075,5.189,5.542,5.991,6.075,6.248,6.629,6.962,7.185,8.31,8.388,5.128,5.701,3.762,6.145,11.428,1.218,0.26,1.097,-0.072,-1.115,1,-0.951,-0.588,0.817,-0.443,0.729,0.994,0.58,-0.565,0.872,-0.194,0.641,-0.477,-0.631,-0.271,0.99,0.302,-0.607,0.276,0.224,0.468,0.019,1.505,2.194,0.128,0.004,-135.58,0.57,2.305,0.549,0.011,-21.432,0.215,3.034,0.184,0.008,-66.922,0.368,3.132,0.465,0.007,-107.03,0.434,3.148,0.187,0.004,-133.786,0.75,3.327,0.228,0.006,-142.357,0.557,3.38,0.05,0.013,-34.028,0.25,4.057,0.164,0.006,-125.831,0.652,4.219,0.124,0.006,-197.637,0.715,4.272,0.013,0.005,-36.222,0.784,4.37,0.153,0.006,-141.964,0.733,4.735,0.1,0.009,-106.539,0.516,5.075,0.228,0.01,-55.388,0.507,5.189,0.158,0.008,-72.552,0.62,5.542,0.071,0.005,-142.765,1.06,5.991,0.054,0.006,-195.67,1.007,6.075,0.113,0.005,-182.043,1.199,6.248,0.153,0.005,-179.518,1.169,6.629,0.031,0.007,-24.467,0.953,6.962,0.008,0.005,-47.417,1.489,7.185,0.141,0.007,-81.881,1.002,8.31,0.007,0.002,-7.773,3.64,8.388,0.066
152,6551,45894407_1450,11/16/2023 12:31,22.3,2,QPLog 10-1631 (16) rev17,TRUE,,GD,No Defect,Pass,Pass,(None),Not Done,Pass,(None),Pass,(None),110_LVL (new),none,0,12,2015,TRUE,Pass,0,0,,2.164,2.302,3.019,3.121,3.151,3.316,3.368,4.036,4.197,4.254,4.355,4.711,5.044,5.162,5.511,5.979,6.035,6.23,6.609,6.952,7.148,8.285,8.372,5.1,5.684,3.754,6.117,11.322,-0.887,-0.124,-0.159,-1.148,-0.914,-0.167,-1.646,-1.702,-0.528,-1.497,-0.118,-0.638,-1.099,-1.894,-0.938,-0.773,-1.404,-1.236,-1.348,-0.616,-0.843,-0.78,-1.132,-1.187,-1.386,-0.331,-1.23,-1.4,2.164,0.054,0.004,-49.157,0.493,2.302,0.068,0.011,-43.359,0.217,3.019,0.121,0.006,-114.15,0.468,3.121,0.338,0.009,-107.169,0.357,3.151,0.025,0.005,-193.048,0.633,3.316,0.138,0.006,-161.025,0.567,3.368,0.05,0.007,-89.625,0.51,4.036,0.1,0.006,-117.38,0.638,4.197,0.053,0.006,-180.882,0.685,4.254,0.121,0.006,-136.23,0.709,4.355,0.089,0.007,-99.486,0.619,4.711,0.077,0.007,-119.103,0.664,5.044,0.128,0.01,-66.319,0.49,5.162,0.092,0.008,-79.114,0.672,5.511,0.036,0.004,-128.229,1.23,5.979,0.09,0.006,-159.76,1,6.035,0.089,0.005,-175.982,1.107,6.23,0.053,0.006,-116.384,1,6.609,0.021,0.006,-93.962,1.066,6.952,0.019,0.01,-50.494,0.73,7.148,0.125,0.008,-78.213,0.946,8.285,0.017,0.009,-20.878,0.874,8.372,0.034
153,6549,45907197_1450,11/16/2023 20:26,24.5,2,QPLog 10-1631 (16) rev16,TRUE,,GD,No Defect,Not Done,Pass,(None),Not Done,Pass,(None),Pass,(None),300_FW,none,0,12,2015,TRUE,Pass,0,0,,2.165,2.302,3.007,3.117,3.145,3.323,3.371,4.039,4.207,4.262,4.359,4.706,5.053,5.178,5.513,5.978,6.09,6.239,6.611,6.942,7.148,8.287,8.366,5.12,5.691,3.749,6.13,11.328,-0.775,-0.062,-1.221,-1.488,-1.365,0.554,-1.468,-1.526,0.07,-1.053,0.117,-0.989,-0.601,-1.133,-0.859,-0.843,1.42,-0.843,-1.274,-0.949,-0.843,-0.702,-1.317,-0.138,-0.687,-0.835,-0.663,-1.224,2.165,0.418,0.009,-63.141,0.247,2.302,0.448,0.009,-95.076,0.265,3.007,0.097,0.006,-127.171,0.488,3.117,0.266,0.006,-168.459,0.542,3.145,0.019,0.004,-226.393,0.877,3.323,0.062,0.006,-95.413,0.535,3.371,0.052,0.007,-74.393,0.494,4.039,0.048,0.005,-143.364,0.784,4.207,0.063,0.006,-135.753,0.659,4.262,0.086,0.006,-159.103,0.725,4.359,0.085,0.006,-92.321,0.749,4.706,0.071,0.008,-92.861,0.614,5.053,0.123,0.008,-62.813,0.618,5.178,0.069,0.007,-91.845,0.734,5.513,0.049,0.006,-143.276,0.992,5.978,0.038,0.006,-156.64,0.962,6.09,0.004,0.005,-97.538,1.202,6.239,0.052,0.005,-170.557,1.165,6.611,0.016,0.007,-45.534,0.891,6.942,0.006,0.002,-15.904,3.467,7.148,0.053,0.008,-79.42,0.901,8.287,0.01,0.011,-35.869,0.769,8.366,0.013
154,8895,.,11/20/2023 12:19,21.2,2,QPLog 1631 OB NOSE MAX-NG rev22,TRUE,,B3,(None),Not Done,Not Done,(None),Not Done,Pass,(None),Not Done,(None),101_COPA,,,0,0,FALSE,Pass,0,0,,2.202,2.309,3.045,3.158,3.195,3.323,3.426,4.105,4.219,4.306,4.371,4.733,5.097,5.242,5.566,6.033,6.09,6.334,6.725,6.979,7.199,8.342,8.477,5.144,0,3.778,6.194,11.448,1.75,0.612,2.106,2.265,2.333,0.623,1.818,1.962,0.776,1.645,0.825,0.896,1.787,2.076,2.282,1.876,1.42,3.31,2.921,0.321,1.694,1.661,2.201,1.103,0,2.193,2.294,2.06,2.202,0.073,0.01,-47.824,0.225,2.309,0.075,0.009,-74.717,0.246,3.045,0.074,0.011,-46.113,0.278,3.158,0.256,0.006,-166.4,0.546,3.195,0.105,0.007,-87.315,0.439,3.323,0.107,0.006,-106.886,0.514,3.426,0.047,0.012,-37.407,0.284,4.105,0.043,0.009,-44.004,0.441,4.219,0.046,0.006,-181.682,0.706,4.306,0.08,0.007,-46.819,0.601,4.371,0.122,0.007,-71.502,0.594,4.733,0.059,0.008,-45.621,0.603,5.097,0.183,0.011,-28.257,0.452,5.242,0.093,0.01,-24.025,0.517,5.566,0.051,0.009,-51.858,0.638,6.033,0.073,0.011,-49.12,0.531,6.09,0.029,0.005,-92.276,1.348,6.334,0.06,0.006,-109.283,1.021,6.725,0.027,0.007,-69.452,1.025,6.979,0.009,0.005,-42.321,1.435,7.199,0.082,0.013,-25.194,0.574,8.342,0.014,0.017,-7.903,0.495,8.477,0.013
155,8895,.,11/20/2023 12:27,21,2,QPLog 1631 OB NOSE MAX-NG rev22,TRUE,,GD,(None),Not Done,Not Done,(None),Not Done,Pass,(None),Not Done,(None),101_COPA,,,0,0,FALSE,Pass,0,0,,2.203,2.307,3.045,3.158,3.195,3.323,3.425,4.106,4.219,4.306,4.37,4.733,5.095,5.241,5.565,6.032,6.088,6.334,6.724,6.977,7.198,8.342,8.475,5.143,5.712,3.777,6.19,11.448,1.827,0.389,2.099,2.294,2.379,0.623,1.788,1.995,0.776,1.605,0.768,0.909,1.7,2.011,2.2,1.837,1.351,3.292,2.871,0.261,1.622,1.646,2.16,1.077,1.286,2.064,2.11,2.076,2.203,0.08,0.01,-46.474,0.211,2.307,0.491,0.011,-82.849,0.217,3.045,0.075,0.007,-54.334,0.432,3.158,0.27,0.006,-180.951,0.568,3.195,0.118,0.008,-79.9,0.4,3.323,0.111,0.007,-108.564,0.509,3.425,0.042,0.011,-41.187,0.308,4.106,0.053,0.009,-53.57,0.437,4.219,0.044,0.006,-169.182,0.686,4.306,0.072,0.007,-49.937,0.589,4.37,0.102,0.007,-77.097,0.625,4.733,0.06,0.008,-49.962,0.565,5.095,0.166,0.011,-32.608,0.47,5.241,0.095,0.007,-44.209,0.724,5.565,0.042,0.009,-74.006,0.61,6.032,0.067,0.011,-43.235,0.566,6.088,0.027,0.005,-99.114,1.345,6.334,0.051,0.006,-107.929,1.009,6.724,0.03,0.006,-85.849,1.077,6.977,0.009,0.005,-35.085,1.419,7.198,0.085,0.011,-30.66,0.634,8.342,0.015,0.02,-9.806,0.416,8.475,0.013
156,Margin on-site4,On-site Louisville,9/16/2021 13:23,24,0,9.16.21,FALSE,,GD,,,,,,,,,,,,,,,,Fail,0,0,,2.154,2.294,2.979,3.072,3.125,3.318,3.423,3.94,4.221,4.299,4.356,4.723,5.072,5.222,5.508,6.001,6.062,6.257,6.654,6.998,7.153,8.289,8.428,5.135,5.701,0,6.167,0,-1.566,-0.95,-3.684,-5.598,-2.827,0.073,1.645,-6.73,0.914,1.218,-0.034,0.208,0.411,1.055,-1.147,0.297,-0.001,-0.071,0.318,0.989,-0.612,-0.595,0.649,0.669,0.203,0,1.04,0,2.154,0.049,0.014,-38.037,0.159,2.294,0.016,0.008,-68.136,0.305,2.979,0.034,0.01,-9.156,0.287,3.072,0.014,0.003,-15.408,0.892,3.125,0.01,0.005,-116.295,0.639,3.318,0.011,0.006,-79.313,0.519,3.423,0.019,0.009,-21.004,0.364,3.94,0.011,0.009,-31.644,0.456,4.221,0.042,0.006,-159.458,0.673,4.299,0.033,0.008,-47.374,0.559,4.356,0.048,0.011,-34.033,0.412,4.723,0.019,0.008,-30.741,0.586,5.072,0.009,0.007,-56.864,0.679,5.222,0.048,0.011,-34.465,0.457,5.508,0.025,0.009,-60.393,0.632,6.001,0.007,0.009,-47.997,0.663,6.062,0.035,0.008,-79.321,0.779,6.257,0.032,0.008,-75.777,0.781,6.654,0.015,0.015,-20.283,0.453,6.998,0.016,0.009,-49.8,0.743,7.153,0.037,0.006,-46.74,1.14,8.289,0.007,0.013,-14.841,0.614,8.428,0.004
157,Margin on-site3,On-site Louisville,9/16/2021 13:19,24,0,9.16.21,FALSE,,HV,,,,,,,,,,,,,,,,Fail,0,0,,2.153,2.295,2.978,3.075,3.124,3.318,3.423,3.94,4.221,4.3,4.357,4.724,5.072,5.221,5.507,5.999,6.062,6.257,6.654,6.998,7.153,8.29,8.428,5.135,5.701,3.759,6.167,11.595,-1.614,-0.888,-3.771,-5.344,-2.875,0.039,1.645,-6.751,0.914,1.242,0.012,0.281,0.411,1.034,-1.178,0.219,-0.001,-0.07,0.315,1.006,-0.61,-0.57,0.649,0.673,0.248,0.128,1.04,6.118,2.153,0.052,0.012,-36.131,0.174,2.295,0.017,0.008,-65.001,0.283,2.978,0.004,0.01,-7.383,0.294,3.075,0.015,0.011,-14.568,0.28,3.124,0.011,0.005,-110.449,0.586,3.318,0.012,0.006,-82.267,0.552,3.423,0.02,0.014,-20.513,0.241,3.94,0.012,0.011,-27.868,0.356,4.221,0.045,0.006,-156.16,0.67,4.3,0.036,0.008,-44.976,0.557,4.357,0.006,0.01,-30.598,0.451,4.724,0.021,0.007,-34.362,0.635,5.072,0.01,0.009,-61.483,0.543,5.221,0.049,0.011,-35.415,0.496,5.507,0.031,0.008,-60.402,0.682,5.999,0.008,0.009,-44.885,0.659,6.062,0.04,0.008,-80.202,0.765,6.257,0.038,0.008,-75.868,0.784,6.654,0.02,0.015,-18.626,0.454,6.998,0.02,0.01,-51.62,0.731,7.153,0.041,0.006,-49.15,1.143,8.29,0.008,0.015,-16.714,0.56,8.428,0.006
158,Margin on-site2,On-site Louisville,9/16/2021 13:13,24,0,9.16.21,FALSE,,GD,,,,,,,,,,,,,,,,Fail,0,0,,2.151,2.298,0,3.074,3.129,3.318,3.426,3.936,4.221,4.301,4.36,4.724,5.075,5.219,5.508,6,6.063,6.258,6.654,6.999,7.155,8.289,8.428,5.136,5.7,0,6.166,11.375,-1.758,-0.537,0,-5.457,-2.556,0.039,1.792,-6.948,0.916,1.308,0.156,0.263,0.576,0.901,-1.126,0.25,0.05,-0.049,0.3,1.023,-0.515,-0.621,0.669,0.684,0.194,0,0.993,0.053,2.151,0.04,0.01,-71.807,0.206,2.298,0.024,0.008,-66.292,0.272,0,0,0,0,0,3.074,0.013,0.009,-17.532,0.35,3.129,0.008,0.005,-120.369,0.662,3.318,0.011,0.007,-67.383,0.459,3.426,0.029,0.013,-22.133,0.254,3.936,0.008,0.012,-20.364,0.327,4.221,0.051,0.007,-139.941,0.635,4.301,0.008,0.009,-60.661,0.499,4.36,0.01,0.009,-37.549,0.468,4.724,0.038,0.008,-43.59,0.563,5.075,0.018,0.009,-54.148,0.563,5.219,0.038,0.009,-12.567,0.6,5.508,0.029,0.009,-59.071,0.643,6,0.008,0.01,-33.777,0.607,6.063,0.007,0.009,-40.053,0.674,6.258,0.04,0.009,-63.504,0.727,6.654,0.015,0.012,-12.72,0.55,6.999,0.019,0.011,-43.415,0.665,7.155,0.06,0.009,-36.988,0.793,8.289,0.01,0.017,-13.176,0.498,8.428,0.005
159,Margin on-site1,On-site Louisville,9/16/2021 13:04,23.9,0,9.16.21,FALSE,,GD,,,,,,,,,,,,,,,,Fail,0,0,,2.15,2.297,0,3.073,3.124,3.318,3.424,3.936,4.22,4.299,4.358,4.725,5.075,5.219,5.508,6.001,6.063,6.258,6.654,7,7.155,8.289,8.428,5.135,5.7,0,6.167,11.373,-1.832,-0.599,0,-5.559,-2.924,0.107,1.671,-6.948,0.841,1.194,0.041,0.343,0.622,0.946,-1.126,0.289,0.05,-0.049,0.295,1.041,-0.516,-0.596,0.668,0.673,0.153,0,1.021,0.018,2.15,0.046,0.009,-57.681,0.238,2.297,0.025,0.01,-59.49,0.232,0,0,0,0,0,3.073,0.013,0.012,-15.7,0.256,3.124,0.009,0.005,-122.748,0.64,3.318,0.012,0.006,-84.445,0.522,3.424,0.029,0.015,-23.585,0.235,3.936,0.009,0.01,-23.795,0.377,4.22,0.054,0.007,-141.117,0.63,4.299,0.009,0.007,-71.305,0.596,4.358,0.01,0.008,-37.51,0.534,4.725,0.041,0.005,-54.701,0.937,5.075,0.02,0.009,-64.155,0.589,5.219,0.041,0.008,-14.416,0.678,5.508,0.035,0.009,-67.647,0.645,6.001,0.009,0.009,-40.423,0.7,6.063,0.008,0.007,-49.479,0.81,6.258,0.047,0.008,-73.989,0.759,6.654,0.018,0.012,-14.989,0.574,7,0.022,0.01,-46.051,0.669,7.155,0.008,0.009,-33.828,0.79,8.289,0.011,0.016,-14.804,0.508,8.428,0.007
160,Margin on site 8,000_000,9/23/2021 13:50,24,0,Failed Sort COL1-001 OB 10-1631_PIK_SORT rev10  09/23/21 09:44,FALSE,,GD,(None),Not Done,Not Done,(None),Not Done,Not Done,(None),Not Done,(None),100_LVL (old),,,0,0,FALSE,Fail,0,0,,2.15,2.299,0,3.075,0,3.319,3.424,3.938,4.223,4.302,4.36,4.727,5.077,5.224,5.512,6.002,6.066,6.26,6.656,7.002,7.157,8.292,8.433,5.138,5.703,0,6.169,11.379,-1.832,-0.413,0,-5.31,0,0.21,1.688,-6.826,1.02,1.363,0.197,0.474,0.728,1.179,-0.921,0.365,0.18,0.039,0.374,1.136,-0.391,-0.467,0.804,0.793,0.477,0,1.13,0.178,2.15,0.056,0.008,-56.034,0.285,2.299,0.031,0.01,-72.193,0.224,0,0,0,0,0,3.075,0.019,0.004,-14.094,0.739,0,0,0,0,0,3.319,0.014,0.008,-72.168,0.416,3.424,0.005,0.005,-41.343,0.707,3.938,0.012,0.01,-30.271,0.379,4.223,0.009,0.006,-118.589,0.653,4.302,0.084,0.008,-71.506,0.531,4.36,0.107,0.009,-52.712,0.511,4.727,0.045,0.008,-49.731,0.565,5.077,0.197,0.009,-74.441,0.592,5.224,0.052,0.009,-30.185,0.606,5.512,0.048,0.009,-73.253,0.634,6.002,0.011,0.008,-48.489,0.732,6.066,0.01,0.008,-68.457,0.761,6.26,0.045,0.008,-77.366,0.779,6.656,0.017,0.008,-18.25,0.881,7.002,0.021,0.01,-47.115,0.679,7.157,0.07,0.009,-47.627,0.806,8.292,0.011,0.015,-15.778,0.544,8.433,0.006
161,Margin on site 10,000_000,9/24/2021 12:15,23.7,0,Passed Sort COL1-001 OB 10-1631_PIK_SORT rev10  09/24/21 08:11,FALSE,,GD,(None),Not Done,Not Done,(None),Not Done,Not Done,(None),Not Done,(None),100_LVL (old),,,0,0,FALSE,Fail,0,0,,2.151,2.296,0,3.078,0,3.319,3.423,3.938,4.221,4.3,4.357,4.725,5.074,5.222,5.51,6,6.063,6.257,6.655,6.999,7.154,8.288,8.428,5.136,5.702,0,6.166,11.379,-1.758,-0.706,0,-5.091,0,0.142,1.666,-6.862,0.891,1.289,0.024,0.331,0.544,1.055,-1.034,0.25,0.05,-0.071,0.32,1.023,-0.537,-0.634,0.642,0.695,0.379,0,0.971,0.159,2.151,0.053,0.011,-60.975,0.195,2.296,0.024,0.011,-57.799,0.215,0,0,0,0,0,3.078,0.019,0.009,-14.898,0.349,0,0,0,0,0,3.319,0.013,0.007,-73.508,0.455,3.423,0.003,0.007,-21.063,0.497,3.938,0.012,0.011,-25.76,0.361,4.221,0.053,0.007,-137.868,0.621,4.3,0.059,0.008,-69.54,0.54,4.357,0.077,0.01,-40.671,0.444,4.725,0.03,0.007,-52.46,0.641,5.074,0.137,0.009,-60.708,0.596,5.222,0.046,0.011,-36.851,0.465,5.51,0.033,0.006,-42.24,0.876,6,0.008,0.01,-37.163,0.584,6.063,0.045,0.009,-58.988,0.681,6.257,0.031,0.009,-60.354,0.735,6.655,0.016,0.012,-17.482,0.541,6.999,0.018,0.01,-47.227,0.711,7.154,0.049,0.009,-41.972,0.837,8.288,0.008,0.014,-15.49,0.593,8.428,0.005
162,Margin on site 11,000_000,9/27/2021 11:08,23.9,0,Failed Sort COL1-001 OB 10-1631_PIK_SORT rev10  09/27/21 07:05,FALSE,,GD,(None),Not Done,Not Done,(None),Not Done,Not Done,(None),Not Done,(None),100_LVL (old),,,0,0,FALSE,Fail,0,0,,2.152,2.298,0,3.079,0,3.318,3.424,3.938,4.22,4.3,4.358,4.725,5.076,5.223,5.511,6.002,6.065,6.258,6.656,7.001,7.155,8.292,8.427,5.136,5.702,0,6.167,11.377,-1.721,-0.52,0,-4.939,0,0.107,1.689,-6.841,0.877,1.26,0.087,0.346,0.654,1.127,-0.975,0.335,0.125,-0.027,0.37,1.084,-0.49,-0.493,0.629,0.718,0.381,0,1.017,0.12,2.152,0.056,0.009,-54.505,0.235,2.298,0.029,0.009,-71.195,0.259,0,0,0,0,0,3.079,0.02,0.013,-10.974,0.233,0,0,0,0,0,3.318,0.015,0.007,-73.687,0.452,3.424,0.004,0.011,-19.484,0.305,3.938,0.013,0.013,-21.815,0.3,4.22,0.061,0.007,-146.914,0.647,4.3,0.069,0.009,-67.435,0.499,4.358,0.092,0.009,-45.16,0.472,4.725,0.037,0.008,-45.7,0.574,5.076,0.165,0.009,-59.267,0.54,5.223,0.043,0.009,-28.913,0.594,5.511,0.041,0.008,-62.527,0.669,6.002,0.009,0.01,-35.623,0.621,6.065,0.053,0.009,-56.442,0.692,6.258,0.036,0.009,-60.213,0.73,6.656,0.018,0.013,-17.931,0.521,7.001,0.021,0.01,-44.133,0.687,7.155,0.057,0.009,-40.055,0.797,8.292,0.01,0.017,-15.63,0.498,8.427,0.006
163,Margin on site 12,000_000,9/27/2021 11:13,24,0,Failed Sort COL1-001 OB 10-1631_PIK_SORT rev10  09/27/21 07:10,FALSE,,GD,(None),Not Done,Not Done,(None),Not Done,Not Done,(None),Not Done,(None),100_LVL (old),,,0,0,FALSE,Fail,0,0,,2.149,2.299,2.982,3.079,0,3.318,3.424,3.938,4.222,4.301,4.359,4.726,5.077,5.223,5.51,6.001,6.065,6.259,6.656,7,7.155,8.29,8.43,5.136,5.702,0,6.166,11.377,-1.864,-0.475,-3.383,-5.006,0,0.073,1.707,-6.822,0.946,1.35,0.139,0.389,0.697,1.127,-1.002,0.312,0.149,-0.006,0.356,1.058,-0.49,-0.545,0.726,0.707,0.333,0,0.997,0.112,2.149,0.049,0.01,-48.181,0.209,2.299,0.03,0.009,-67.744,0.269,2.982,0.005,0.002,-13.048,1.973,3.079,0.018,0.012,-11.466,0.254,0,0,0,0,0,3.318,0.014,0.007,-73.312,0.457,3.424,0.035,0.014,-17.567,0.245,3.938,0.011,0.012,-22.829,0.317,4.222,0.061,0.007,-144.964,0.635,4.301,0.08,0.008,-73.358,0.515,4.359,0.099,0.01,-39.232,0.446,4.726,0.043,0.009,-52.688,0.55,5.077,0.183,0.009,-64.264,0.562,5.223,0.041,0.011,-16.953,0.484,5.51,0.047,0.009,-65.264,0.612,6.001,0.009,0.011,-36.547,0.57,6.065,0.008,0.009,-43.494,0.674,6.259,0.038,0.009,-60.699,0.729,6.656,0.017,0.013,-10.336,0.515,7,0.02,0.011,-45.184,0.663,7.155,0.058,0.009,-37.235,0.763,8.29,0.01,0.016,-14.766,0.503,8.43,0.006
164,Margin on site 13,000_000,9/27/2021 11:17,24,0,Failed Sort COL1-001 OB 10-1631_PIK_SORT rev10  09/27/21 07:14,FALSE,,GD,(None),Not Done,Not Done,(None),Not Done,Not Done,(None),Not Done,(None),100_LVL (old),,,0,0,FALSE,Fail,0,0,,2.152,2.297,0,3.079,0,3.318,3.424,3.938,4.222,4.3,4.358,4.725,5.075,5.223,5.511,6.001,6.064,6.258,6.655,7,7.155,8.291,8.43,5.137,5.703,0,6.167,11.379,-1.689,-0.644,0,-4.967,0,0.073,1.727,-6.841,0.96,1.284,0.087,0.333,0.599,1.127,-0.975,0.289,0.074,-0.049,0.355,1.058,-0.515,-0.519,0.706,0.741,0.425,0,1.019,0.178,2.152,0.057,0.009,-58.863,0.227,2.297,0.026,0.009,-65.066,0.265,0,0,0,0,0,3.079,0.02,0.01,-13.433,0.315,0,0,0,0,0,3.318,0.014,0.007,-76.893,0.504,3.424,0.004,0.007,-24.349,0.511,3.938,0.013,0.01,-26.527,0.386,4.222,0.058,0.007,-149.335,0.644,4.3,0.058,0.008,-63.696,0.516,4.358,0.079,0.009,-44.099,0.47,4.725,0.031,0.008,-45.035,0.61,5.075,0.142,0.009,-65.754,0.566,5.223,0.046,0.011,-27.502,0.461,5.511,0.037,0.007,-58.755,0.75,6.001,0.009,0.01,-38.654,0.629,6.064,0.048,0.009,-64.189,0.711,6.258,0.034,0.008,-63.841,0.759,6.655,0.018,0.014,-16.464,0.485,7,0.02,0.01,-48.353,0.703,7.155,0.053,0.008,-44.389,0.85,8.291,0.009,0.016,-15.755,0.514,8.43,0.005
165,Margin on site 14,000_000,9/27/2021 11:22,23.9,0,Passed Sort COL1-001 OB 10-1631_PIK_SORT rev10  09/27/21 07:19,FALSE,,GD,(None),Not Done,Not Done,(None),Not Done,Not Done,(None),Not Done,(None),100_LVL (old),,,0,0,FALSE,Fail,0,0,,2.151,2.297,0,3.079,0,3.318,3.422,3.932,4.22,4.3,4.358,4.725,5.076,5.223,5.51,6.001,6.064,6.258,6.656,7,7.155,8.291,8.43,5.137,5.702,3.758,6.167,11.376,-1.758,-0.644,0,-5.013,0,0.073,1.585,-7.154,0.877,1.242,0.041,0.304,0.654,1.099,-1.007,0.289,0.101,-0.047,0.37,1.041,-0.49,-0.519,0.706,0.737,0.379,0.069,1.04,0.1,2.151,0.054,0.013,-48.28,0.165,2.297,0.028,0.009,-72.313,0.261,0,0,0,0,0,3.079,0.019,0.011,-14.463,0.276,0,0,0,0,0,3.318,0.014,0.007,-75.615,0.443,3.422,0.004,0.012,-16.438,0.282,3.932,0.011,0.014,-16.859,0.277,4.22,0.06,0.007,-151.75,0.643,4.3,0.072,0.008,-75.391,0.537,4.358,0.088,0.009,-43.548,0.469,4.725,0.038,0.007,-60.469,0.666,5.076,0.166,0.009,-70.334,0.576,5.223,0.044,0.011,-29.271,0.477,5.51,0.041,0.008,-69.323,0.651,6.001,0.009,0.008,-39.103,0.719,6.064,0.008,0.009,-50.841,0.699,6.258,0.037,0.008,-66.943,0.75,6.656,0.017,0.014,-15.707,0.492,7,0.02,0.01,-47.834,0.689,7.155,0.06,0.009,-42.781,0.79,8.291,0.01,0.017,-16.537,0.499,8.43,0.007
166,Margin on site 15,000_000,9/27/2021 12:47,25.5,0,Failed Sort COL1-001 OB 10-1631_PIK_SORT rev10  09/27/21 08:44,FALSE,,GD,(None),Not Done,Not Done,(None),Not Done,Not Done,(None),Not Done,(None),100_LVL (old),,,0,0,FALSE,Fail,0,0,,2.15,2.299,2.984,3.081,0,3.321,3.425,3.934,4.222,4.302,4.359,4.726,5.077,5.225,5.511,6.002,6.065,6.26,6.657,7.003,7.158,8.294,8.434,5.138,0,0,6.169,11.383,-1.795,-0.429,-3.231,-4.741,0,0.382,1.749,-7.03,0.973,1.363,0.139,0.417,0.705,1.201,-0.941,0.369,0.132,0.061,0.427,1.171,-0.365,-0.416,0.86,0.804,0,0,1.152,0.279,2.15,0.053,0.011,-35.3,0.194,2.299,0.029,0.009,-75.327,0.244,2.984,0.005,0.005,-31.125,0.569,3.081,0.019,0.012,-17.362,0.267,0,0,0,0,0,3.321,0.013,0.007,-72.669,0.461,3.425,0.03,0.015,-20.264,0.225,3.934,0.011,0.014,-19.818,0.283,4.222,0.06,0.007,-145.031,0.637,4.302,0.075,0.008,-83.938,0.565,4.359,0.09,0.009,-42.796,0.464,4.726,0.037,0.008,-48.512,0.576,5.077,0.168,0.008,-69.073,0.633,5.225,0.047,0.01,-32.009,0.519,5.511,0.042,0.008,-64.854,0.654,6.002,0.01,0.008,-40.023,0.763,6.065,0.008,0.01,-52.942,0.585,6.26,0.041,0.008,-72.434,0.749,6.657,0.018,0.014,-15.221,0.481,7.003,0.022,0.01,-48.532,0.7,7.158,0.062,0.009,-42.683,0.795,8.294,0.01,0.016,-14.927,0.516,8.434,0.007
167,Margin on site 16,000_000,9/27/2021 12:52,25,0,Failed Sort COL1-001 OB 10-1631_PIK_SORT rev10  09/27/21 08:49,FALSE,,GD,(None),Not Done,Not Done,(None),Not Done,Not Done,(None),Not Done,(None),100_LVL (old),,,0,0,FALSE,Fail,0,0,,2.149,2.298,2.981,3.079,0,3.319,3.423,3.934,4.222,4.301,4.359,4.725,5.076,5.224,5.51,6,6.064,6.26,6.658,7.001,7.157,8.291,8.431,5.137,5.703,3.763,6.169,11.379,-1.869,-0.537,-3.488,-4.977,0,0.176,1.666,-7.066,0.96,1.35,0.116,0.318,0.65,1.148,-1.002,0.269,0.104,0.037,0.431,1.101,-0.416,-0.519,0.764,0.741,0.436,0.569,1.108,0.178,2.149,0.049,0.013,-53.387,0.165,2.298,0.027,0.01,-72.159,0.239,2.981,0.005,0.003,-25.068,1.071,3.079,0.017,0.019,-14.076,0.166,0,0,0,0,0,3.319,0.012,0.007,-66.971,0.463,3.423,0.028,0.013,-22.364,0.256,3.934,0.01,0.011,-15.949,0.36,4.222,0.056,0.007,-143.572,0.628,4.301,0.072,0.008,-87.01,0.56,4.359,0.085,0.009,-42.371,0.46,4.725,0.035,0.01,-36.368,0.492,5.076,0.163,0.008,-66.401,0.62,5.224,0.042,0.01,-28.467,0.526,5.51,0.041,0.008,-73.37,0.681,6,0.009,0.01,-42.271,0.627,6.064,0.056,0.009,-62.446,0.707,6.26,0.038,0.008,-70.222,0.756,6.658,0.017,0.012,-15.443,0.548,7.001,0.02,0.01,-46.339,0.682,7.157,0.059,0.009,-40.732,0.777,8.291,0.01,0.016,-15.072,0.528,8.431,0.006
168,Margin on site 19,000_000,9/27/2021 16:55,25.1,0,Failed Sort COL1-001 OB 10-1631_PIK_SORT rev10  09/27/21 12:51,FALSE,,GD,(None),Not Done,Not Done,(None),Not Done,Not Done,(None),Not Done,(None),100_LVL (old),,,0,0,FALSE,Fail,0,0,,2.151,2.297,2.985,3.079,0,3.318,3.424,3.933,4.222,4.301,4.359,4.725,5.075,5.223,5.51,6.002,6.065,6.259,6.656,7.001,7.155,8.293,8.431,5.137,5.702,3.763,6.167,11.381,-1.726,-0.661,-3.18,-4.996,0,0.107,1.708,-7.089,0.95,1.339,0.105,0.305,0.599,1.127,-1,0.335,0.125,0.015,0.389,1.101,-0.489,-0.417,0.738,0.741,0.381,0.628,1.038,0.218,2.151,0.051,0.012,-38.869,0.181,2.297,0.026,0.01,-61.919,0.227,2.985,0.005,0.003,-20.484,0.982,3.079,0.019,0.014,-16.173,0.223,0,0,0,0,0,3.318,0.013,0.007,-72.176,0.443,3.424,0.024,0.016,-18.626,0.212,3.933,0.011,0.015,-19.983,0.266,4.222,0.056,0.006,-147.602,0.657,4.301,0.06,0.008,-65.612,0.553,4.359,0.078,0.009,-43.652,0.468,4.725,0.031,0.008,-38.337,0.56,5.075,0.144,0.008,-64.846,0.623,5.223,0.046,0.011,-30.929,0.477,5.51,0.036,0.007,-47.851,0.827,6.002,0.008,0.009,-36.093,0.639,6.065,0.047,0.009,-56.77,0.689,6.259,0.034,0.009,-61.248,0.724,6.656,0.018,0.013,-17.106,0.51,7.001,0.02,0.011,-43.854,0.664,7.155,0.052,0.009,-37.368,0.804,8.293,0.01,0.015,-16.999,0.566,8.431,0.006
169,Margin on site 20,000_000,9/27/2021 16:59,25,0,Failed Sort COL1-001 OB 10-1631_PIK_SORT rev10  09/27/21 12:56,FALSE,,GD,(None),Not Done,Not Done,(None),Not Done,Not Done,(None),Not Done,(None),100_LVL (old),,,0,0,FALSE,Fail,0,0,,2.151,2.298,0,3.078,0,3.319,3.423,3.935,4.221,4.301,4.359,4.725,5.075,5.223,5.51,6,6.064,6.258,6.656,7,7.155,8.291,8.429,5.136,5.702,0,6.166,11.378,-1.726,-0.537,0,-5.097,0,0.142,1.647,-7.01,0.937,1.326,0.105,0.291,0.599,1.127,-1.002,0.227,0.074,-0.027,0.371,1.049,-0.513,-0.544,0.688,0.714,0.372,0,0.993,0.155,2.151,0.048,0.009,-47.487,0.23,2.298,0.024,0.01,-75.757,0.238,0,0,0,0,0,3.078,0.018,0.007,-12.096,0.42,0,0,0,0,0,3.319,0.013,0.007,-81.663,0.466,3.423,0.003,0.006,-22.219,0.62,3.935,0.01,0.007,-19.762,0.55,4.221,0.053,0.007,-140.736,0.634,4.301,0.058,0.008,-66.203,0.537,4.359,0.077,0.009,-43.177,0.466,4.725,0.03,0.008,-38.518,0.579,5.075,0.138,0.009,-60.813,0.575,5.223,0.041,0.01,-28.207,0.534,5.51,0.034,0.006,-42.039,0.855,6,0.007,0.011,-30.098,0.547,6.064,0.043,0.009,-50.152,0.65,6.258,0.031,0.008,-54.688,0.776,6.656,0.017,0.012,-16.382,0.533,7,0.02,0.011,-39.541,0.62,7.155,0.048,0.009,-33.541,0.787,8.291,0.01,0.014,-16.902,0.588,8.429,0.006
170,Margin on site 21,000_000,9/27/2021 17:04,25,0,Failed Sort COL1-001 OB 10-1631_PIK_SORT rev10  09/27/21 13:01,FALSE,,GD,(None),Not Done,Not Done,(None),Not Done,Not Done,(None),Not Done,(None),100_LVL (old),,,0,0,FALSE,Fail,0,0,,2.151,2.3,2.983,3.076,0,3.318,3.423,3.933,4.221,4.302,4.36,4.725,5.077,5.223,5.51,5.999,6.064,6.259,6.656,7,7.156,8.29,8.429,5.136,5.702,0,6.166,11.373,-1.79,-0.368,-3.33,-5.21,0,0.107,1.667,-7.096,0.923,1.363,0.185,0.305,0.697,1.096,-1.007,0.219,0.101,-0.006,0.375,1.075,-0.466,-0.57,0.68,0.722,0.331,0,0.993,0,2.151,0.046,0.01,-61.986,0.219,2.3,0.03,0.009,-67.692,0.247,2.983,0.005,0.002,-20.967,1.57,3.076,0.016,0.006,-15.386,0.476,0,0,0,0,0,3.318,0.012,0.008,-74.827,0.423,3.423,0.038,0.016,-17.171,0.218,3.933,0.009,0.011,-19.632,0.365,4.221,0.06,0.007,-148.927,0.643,4.302,0.09,0.008,-78.697,0.548,4.36,0.106,0.01,-42.624,0.459,4.725,0.048,0.009,-41.702,0.531,5.077,0.194,0.008,-67.609,0.6,5.223,0.031,0.011,-12.398,0.472,5.51,0.053,0.008,-64.914,0.651,5.999,0.009,0.008,-29.19,0.796,6.064,0.008,0.009,-43.36,0.664,6.259,0.041,0.009,-62.729,0.723,6.656,0.017,0.012,-13.814,0.552,7,0.019,0.011,-38.963,0.629,7.156,0.058,0.01,-31.842,0.703,8.29,0.01,0.015,-14.201,0.537,8.429,0.006
171,Margin on site 22,000_000,9/27/2021 17:08,25,0,Passed Sort COL1-001 OB 10-1631_PIK_SORT rev10  09/27/21 13:05,FALSE,,GD,(None),Not Done,Not Done,(None),Not Done,Not Done,(None),Not Done,(None),100_LVL (old),,,0,0,FALSE,Fail,0,0,,2.15,2.298,0,3.078,0,3.319,3.426,3.933,4.222,4.301,4.358,4.724,5.074,5.222,5.51,6,6.063,6.258,6.656,7,7.155,8.291,8.429,5.136,5.702,3.762,6.167,11.38,-1.8,-0.537,0,-5.055,0,0.176,1.81,-7.085,0.946,1.302,0.087,0.235,0.552,1.077,-1.029,0.227,0.026,-0.027,0.37,1.066,-0.515,-0.544,0.688,0.691,0.335,0.483,1.017,0.194,2.15,0.05,0.013,-38.269,0.162,2.298,0.024,0.009,-67.617,0.246,0,0,0,0,0,3.078,0.019,0.005,-19.34,0.661,0,0,0,0,0,3.319,0.013,0.007,-76.634,0.462,3.426,0.003,0.002,-22.237,2.185,3.933,0.011,0.015,-21.482,0.266,4.222,0.055,0.006,-146.59,0.654,4.301,0.056,0.008,-62.459,0.549,4.358,0.075,0.009,-39.862,0.467,4.724,0.029,0.008,-37.853,0.574,5.074,0.135,0.008,-65.111,0.597,5.222,0.043,0.011,-29.55,0.493,5.51,0.035,0.007,-54.524,0.754,6,0.008,0.011,-33.678,0.556,6.063,0.042,0.009,-52.695,0.667,6.258,0.03,0.009,-55.588,0.705,6.656,0.017,0.014,-15.583,0.47,7,0.019,0.011,-42.848,0.644,7.155,0.047,0.009,-34.906,0.796,8.291,0.01,0.015,-17.384,0.566,8.429,0.005
172,Margin on site 23,000_000,9/27/2021 17:12,25,0,Passed Sort COL1-001 OB 10-1631_PIK_SORT rev10  09/27/21 13:09,FALSE,,GD,(None),Not Done,Not Done,(None),Not Done,Not Done,(None),Not Done,(None),100_LVL (old),,,0,0,FALSE,Fail,0,0,,2.151,2.297,0,3.079,0,3.319,3.42,3.932,4.221,4.301,4.359,4.724,5.075,5.222,5.509,6,6.063,6.258,6.655,7,7.155,8.291,8.429,5.136,5.702,3.761,6.166,11.378,-1.763,-0.599,0,-4.999,0,0.142,1.485,-7.175,0.923,1.308,0.105,0.263,0.599,1.077,-1.061,0.25,0.05,-0.05,0.353,1.041,-0.489,-0.544,0.687,0.718,0.335,0.395,0.993,0.155,2.151,0.049,0.01,-47.881,0.216,2.297,0.025,0.01,-73.016,0.233,0,0,0,0,0,3.079,0.018,0.005,-15.078,0.606,0,0,0,0,0,3.319,0.013,0.007,-70.576,0.448,3.42,0.003,0.008,-21.255,0.416,3.932,0.01,0.012,-17.821,0.32,4.221,0.055,0.007,-149.167,0.647,4.301,0.062,0.008,-64.698,0.539,4.359,0.079,0.01,-40.298,0.442,4.724,0.032,0.008,-37.917,0.569,5.075,0.146,0.009,-64.714,0.58,5.222,0.04,0.011,-24.047,0.496,5.509,0.035,0.008,-50.329,0.664,6,0.008,0.009,-34.639,0.633,6.063,0.046,0.009,-54.054,0.676,6.258,0.032,0.009,-56.137,0.708,6.655,0.017,0.014,-14.49,0.459,7,0.019,0.01,-43.69,0.669,7.155,0.05,0.009,-35.837,0.78,8.291,0.01,0.014,-17.513,0.576,8.429,0.006
173,Margin on site 24,000_000,9/27/2021 17:17,25,0,Failed Sort COL1-001 OB 10-1631_PIK_SORT rev10  09/27/21 13:14,FALSE,,GD,(None),Not Done,Not Done,(None),Not Done,Not Done,(None),Not Done,(None),100_LVL (old),,,0,0,FALSE,Fail,0,0,,2.152,2.296,2.982,3.079,0,3.318,3.424,3.934,4.221,4.3,4.358,4.724,5.074,5.223,5.51,6,6.063,6.258,6.655,7,7.155,8.289,8.429,5.136,5.702,0,6.166,11.378,-1.683,-0.706,-3.392,-4.939,0,0.073,1.711,-7.066,0.923,1.284,0.041,0.247,0.552,1.099,-1.034,0.227,0.026,-0.05,0.353,1.041,-0.513,-0.621,0.688,0.691,0.333,0,0.973,0.131,2.152,0.049,0.012,-35.827,0.176,2.296,0.025,0.009,-68.467,0.242,2.982,0.005,0.003,-17.047,1.147,3.079,0.019,0.009,-11.632,0.328,0,0,0,0,0,3.318,0.014,0.007,-75.789,0.456,3.424,0.024,0.015,-17.886,0.231,3.934,0.011,0.014,-18.356,0.286,4.221,0.053,0.007,-137.147,0.625,4.3,0.057,0.008,-67.689,0.533,4.358,0.075,0.009,-41.765,0.459,4.724,0.004,0.006,-30.49,0.84,5.074,0.135,0.008,-65.981,0.617,5.223,0.041,0.011,-24.795,0.484,5.51,0.033,0.007,-52.653,0.812,6,0.008,0.01,-32.149,0.578,6.063,0.043,0.009,-53.315,0.673,6.258,0.03,0.009,-54.617,0.702,6.655,0.017,0.015,-14.532,0.453,7,0.019,0.01,-43.275,0.677,7.155,0.047,0.009,-35.978,0.796,8.289,0.009,0.015,-16.996,0.564,8.429,0.005
174,Margin on site 25,000_000,9/27/2021 17:21,25,0,Failed Sort COL1-001 OB 10-1631_PIK_SORT rev10  09/27/21 13:18,FALSE,,GD,(None),Not Done,Not Done,(None),Not Done,Not Done,(None),Not Done,(None),100_LVL (old),,,0,0,FALSE,Fail,0,0,,2.149,2.298,2.986,3.08,0,3.318,3.423,3.932,4.221,4.301,4.359,4.724,5.075,5.222,5.509,6,6.063,6.258,6.656,7,7.156,8.29,8.431,5.136,5.702,3.763,6.167,11.377,-1.869,-0.537,-3.024,-4.921,0,0.073,1.667,-7.173,0.923,1.308,0.128,0.263,0.607,1.077,-1.061,0.266,0.05,-0.027,0.374,1.066,-0.466,-0.578,0.745,0.691,0.379,0.588,1.019,0.112,2.149,0.048,0.01,-44.518,0.205,2.298,0.028,0.009,-74.435,0.247,2.986,0.005,0.003,-13.831,1.15,3.08,0.017,0.018,-11.067,0.175,0,0,0,0,0,3.318,0.012,0.008,-66.097,0.419,3.423,0.03,0.015,-17.647,0.234,3.932,0.01,0.014,-17.045,0.28,4.221,0.058,0.007,-144.659,0.628,4.301,0.074,0.008,-79.23,0.539,4.359,0.09,0.009,-46.594,0.484,4.724,0.038,0.01,-40.695,0.45,5.075,0.168,0.008,-66.57,0.613,5.222,0.041,0.01,-25.76,0.522,5.509,0.043,0.008,-69.422,0.653,6,0.009,0.009,-36.738,0.651,6.063,0.056,0.009,-60.398,0.696,6.258,0.037,0.008,-65.152,0.742,6.656,0.017,0.011,-15.671,0.617,7,0.02,0.01,-43.931,0.669,7.156,0.058,0.009,-38.354,0.763,8.29,0.011,0.015,-16.633,0.565,8.431,0.006
175,Margin on site 26,000_000,9/27/2021 17:25,25,0,Failed Sort COL1-001 OB 10-1631_PIK_SORT rev10  09/27/21 13:22,FALSE,,GD,(None),Not Done,Not Done,(None),Not Done,Not Done,(None),Not Done,(None),100_LVL (old),,,0,0,FALSE,Fail,0,0,,2.149,2.297,2.983,3.078,0,3.319,3.425,3.932,4.221,4.301,4.358,4.724,5.075,5.222,5.51,6,6.063,6.258,6.655,7,7.155,8.29,8.429,5.136,5.702,3.761,6.166,11.377,-1.869,-0.661,-3.302,-5.041,0,0.176,1.729,-7.153,0.923,1.308,0.082,0.263,0.599,1.077,-1.038,0.25,0.05,-0.049,0.337,1.041,-0.516,-0.545,0.688,0.691,0.327,0.381,0.973,0.112,2.149,0.047,0.01,-49.484,0.221,2.297,0.026,0.01,-69.434,0.231,2.983,0.005,0.002,-13.107,1.222,3.078,0.017,0.014,-14.656,0.213,0,0,0,0,0,3.319,0.012,0.008,-65.134,0.425,3.425,0.027,0.015,-19.506,0.232,3.932,0.009,0.012,-22.084,0.324,4.221,0.055,0.007,-145.926,0.644,4.301,0.066,0.008,-71.519,0.559,4.358,0.081,0.009,-41.81,0.471,4.724,0.034,0.008,-41.94,0.583,5.075,0.155,0.008,-69.47,0.608,5.222,0.039,0.009,-26.761,0.561,5.51,0.039,0.008,-67.055,0.656,6,0.008,0.01,-37.402,0.632,6.063,0.049,0.009,-54.035,0.673,6.258,0.034,0.009,-59.309,0.715,6.655,0.016,0.013,-15.456,0.501,7,0.019,0.011,-40.76,0.644,7.155,0.053,0.009,-36.94,0.776,8.29,0.01,0.015,-16.819,0.547,8.429,0.006
176,Margin on site 27,000_000,9/27/2021 17:30,25,0,Failed Sort COL1-001 OB 10-1631_PIK_SORT rev10  09/27/21 13:26,FALSE,,GD,(None),Not Done,Not Done,(None),Not Done,Not Done,(None),Not Done,(None),100_LVL (old),,,0,0,FALSE,Fail,0,0,,2.15,2.297,2.979,3.079,0,3.317,3.423,3.931,4.221,4.301,4.359,4.724,5.075,5.222,5.509,6,6.063,6.258,6.656,6.999,7.155,8.291,8.428,5.136,5.702,3.763,6.166,11.375,-1.832,-0.599,-3.654,-5.006,0,0.004,1.667,-7.192,0.916,1.326,0.105,0.275,0.607,1.077,-1.061,0.227,0.026,-0.049,0.387,1.023,-0.49,-0.519,0.669,0.691,0.333,0.648,0.995,0.065,2.15,0.048,0.009,-55.537,0.248,2.297,0.027,0.01,-66.668,0.229,2.979,0.005,0.005,-11.893,0.606,3.079,0.017,0.015,-12.27,0.201,0,0,0,0,0,3.317,0.012,0.007,-68.827,0.453,3.423,0.03,0.015,-19.835,0.228,3.931,0.009,0.014,-22.688,0.28,4.221,0.057,0.007,-148.05,0.64,4.301,0.075,0.008,-75.184,0.541,4.359,0.091,0.009,-46.196,0.483,4.724,0.005,0.007,-32.206,0.639,5.075,0.171,0.008,-70.298,0.62,5.222,0.039,0.009,-18.269,0.591,5.509,0.044,0.009,-69.525,0.642,6,0.009,0.009,-35.867,0.66,6.063,0.008,0.009,-49.99,0.702,6.258,0.037,0.009,-62.83,0.728,6.656,0.016,0.012,-16.109,0.553,6.999,0.02,0.01,-45.154,0.673,7.155,0.057,0.01,-36.691,0.753,8.291,0.011,0.014,-17.719,0.585,8.428,0.006
177,Margin on site 28,000_000,9/27/2021 17:34,24.9,0,Failed Sort COL1-001 OB 10-1631_PIK_SORT rev10  09/27/21 13:31,FALSE,,GD,(None),Not Done,Not Done,(None),Not Done,Not Done,(None),Not Done,(None),100_LVL (old),,,0,0,FALSE,Fail,0,0,,2.149,2.299,2.982,3.077,0,3.318,3.424,3.931,4.221,4.301,4.36,4.724,5.076,5.223,5.51,6,6.064,6.257,6.655,7,7.155,8.29,8.429,5.136,5.701,3.764,6.165,11.372,-1.864,-0.429,-3.392,-5.154,0,0.039,1.689,-7.186,0.9,1.326,0.162,0.263,0.654,1.096,-1.034,0.273,0.074,-0.091,0.348,1.058,-0.516,-0.576,0.688,0.691,0.24,0.685,0.951,-0.032,2.149,0.046,0.009,-49.675,0.245,2.299,0.029,0.009,-66.036,0.246,2.982,0.005,0.003,-10.77,0.957,3.077,0.016,0.014,-10.682,0.219,0,0,0,0,0,3.318,0.012,0.008,-68.481,0.415,3.424,0.035,0.015,-16.186,0.224,3.931,0.009,0.014,-17.37,0.285,4.221,0.058,0.007,-142.475,0.639,4.301,0.082,0.008,-74.24,0.528,4.36,0.099,0.009,-43.054,0.465,4.724,0.043,0.01,-39.327,0.489,5.076,0.18,0.008,-65.06,0.611,5.223,0.029,0.014,-8.685,0.365,5.51,0.048,0.009,-65.043,0.642,6,0.008,0.009,-30.928,0.674,6.064,0.007,0.009,-39.45,0.654,6.257,0.037,0.009,-56.408,0.697,6.655,0.016,0.013,-9.191,0.519,7,0.019,0.011,-37.479,0.627,7.155,0.054,0.01,-32.196,0.723,8.29,0.01,0.016,-15.28,0.518,8.429,0.006
178,Margin on site 29,000_000,9/27/2021 17:38,24.9,0,Failed Sort COL1-001 OB 10-1631_PIK_SORT rev10  09/27/21 13:35,FALSE,,GD,(None),Not Done,Not Done,(None),Not Done,Not Done,(None),Not Done,(None),100_LVL (old),,,0,0,FALSE,Fail,0,0,,2.15,2.298,0,3.08,0,3.318,3.421,3.931,4.221,4.301,4.359,4.725,5.075,5.222,5.509,6,6.063,6.257,6.655,7,7.155,8.289,8.43,5.136,5.702,0,6.166,11.377,-1.795,-0.537,0,-4.921,0,0.073,1.527,-7.194,0.923,1.308,0.11,0.343,0.599,1.093,-1.065,0.227,0.05,-0.07,0.352,1.041,-0.515,-0.596,0.707,0.684,0.335,0,0.971,0.108,2.15,0.048,0.014,-44.379,0.149,2.298,0.028,0.01,-75.361,0.229,0,0,0,0,0,3.08,0.018,0.013,-14.521,0.232,0,0,0,0,0,3.318,0.013,0.008,-69.338,0.419,3.421,0.004,0.012,-18.185,0.292,3.931,0.01,0.012,-21.641,0.317,4.221,0.057,0.006,-154.731,0.654,4.301,0.068,0.008,-73.463,0.565,4.359,0.085,0.01,-41.706,0.456,4.725,0.005,0.005,-47.333,0.88,5.075,0.158,0.009,-64.199,0.573,5.222,0.041,0.01,-26.089,0.516,5.509,0.04,0.009,-63.51,0.647,6,0.008,0.01,-34.267,0.631,6.063,0.052,0.009,-56.926,0.68,6.257,0.035,0.009,-59.151,0.722,6.655,0.017,0.014,-14.443,0.469,7,0.02,0.011,-40.809,0.639,7.155,0.055,0.009,-35.186,0.759,8.289,0.011,0.015,-16.874,0.556,8.43,0.006
179,Margin on site 30,000_000,9/27/2021 17:42,25,0,Failed Sort COL1-001 OB 10-1631_PIK_SORT rev10  09/27/21 13:39,FALSE,,GD,(None),Not Done,Not Done,(None),Not Done,Not Done,(None),Not Done,(None),100_LVL (old),,,0,0,FALSE,Fail,0,0,,2.149,2.298,2.98,3.076,0,3.317,3.424,3.934,4.221,4.301,4.359,4.724,5.076,5.222,5.51,6,6.063,6.258,6.655,6.999,7.155,8.289,8.428,5.136,5.702,3.766,6.166,11.374,-1.869,-0.553,-3.575,-5.239,0,0.004,1.708,-7.077,0.923,1.326,0.105,0.276,0.63,1.049,-1.038,0.273,0.026,-0.049,0.333,1.023,-0.516,-0.609,0.649,0.695,0.333,0.917,0.973,0.037,2.149,0.044,0.009,-40.443,0.229,2.298,0.026,0.009,-66.092,0.243,2.98,0.005,0.002,-20.521,1.328,3.076,0.016,0.009,-15.011,0.33,0,0,0,0,0,3.317,0.012,0.008,-69.564,0.442,3.424,0.03,0.016,-20.114,0.212,3.934,0.009,0.01,-21.694,0.412,4.221,0.056,0.007,-146.943,0.643,4.301,0.073,0.008,-72.187,0.553,4.359,0.09,0.009,-44.876,0.482,4.724,0.038,0.009,-42.092,0.544,5.076,0.165,0.009,-64.809,0.576,5.222,0.037,0.012,-16.768,0.449,5.51,0.043,0.009,-65.889,0.638,6,0.008,0.009,-32.006,0.633,6.063,0.051,0.009,-50.523,0.653,6.258,0.034,0.009,-56.201,0.707,6.655,0.016,0.014,-10.771,0.485,6.999,0.019,0.011,-40.13,0.628,7.155,0.053,0.01,-32.518,0.728,8.289,0.01,0.016,-15.861,0.527,8.428,0.006
180,Margin on site,000_000,9/27/2021 16:50,25.2,0,Failed Sort COL1-001 OB 10-1631_PIK_SORT rev10  09/27/21 12:47,FALSE,,GD,(None),Not Done,Not Done,(None),Not Done,Not Done,(None),Not Done,(None),100_LVL (old),,,0,0,FALSE,Fail,0,0,,2.15,2.299,2.982,3.08,0,3.32,3.424,3.933,4.222,4.302,4.359,4.726,5.076,5.224,5.511,6.001,6.066,6.259,6.656,7.001,7.157,8.292,8.431,5.137,0,3.762,6.168,11.378,-1.795,-0.475,-3.383,-4.893,0,0.279,1.727,-7.125,0.973,1.363,0.128,0.374,0.673,1.155,-0.946,0.315,0.201,0.017,0.39,1.084,-0.391,-0.468,0.757,0.741,0,0.493,1.064,0.147,2.15,0.049,0.009,-67.58,0.237,2.299,0.028,0.009,-64.593,0.247,2.982,0.005,0.002,-30.615,1.517,3.08,0.018,0.006,-15.68,0.485,0,0,0,0,0,3.32,0.013,0.008,-72.878,0.435,3.424,0.032,0.013,-24.199,0.271,3.933,0.01,0.012,-16.956,0.32,4.222,0.058,0.007,-136.117,0.615,4.302,0.075,0.008,-78.68,0.553,4.359,0.092,0.009,-43.569,0.477,4.726,0.039,0.009,-44.692,0.544,5.076,0.171,0.008,-64.476,0.601,5.224,0.042,0.008,-24.787,0.639,5.511,0.044,0.008,-64.036,0.673,6.001,0.009,0.009,-34.919,0.663,6.066,0.007,0.01,-44.379,0.581,6.259,0.037,0.009,-58.702,0.705,6.656,0.017,0.011,-13.34,0.596,7.001,0.021,0.011,-42.343,0.666,7.157,0.058,0.01,-35.87,0.746,8.292,0.011,0.016,-15.772,0.518,8.431,0.007
181,Margin on site,000_000,9/27/2021 12:57,24.8,0,Failed Sort COL1-001 OB 10-1631_PIK_SORT rev10  09/27/21 08:54,FALSE,,GD,(None),Not Done,Not Done,(None),Not Done,Not Done,(None),Not Done,(None),100_LVL (old),,,0,0,FALSE,Fail,0,0,,2.152,2.298,2.982,3.079,0,3.318,3.425,3.931,4.221,4.301,4.358,4.725,5.075,5.223,5.51,6,6.063,6.258,6.655,7,7.155,8.29,8.429,5.137,5.702,0,6.166,11.378,-1.683,-0.537,-3.459,-4.996,0,0.073,1.749,-7.198,0.9,1.35,0.082,0.318,0.599,1.127,-1.029,0.242,0.05,-0.049,0.355,1.041,-0.516,-0.57,0.7,0.741,0.379,0,0.995,0.135,2.152,0.048,0.012,-37.823,0.181,2.298,0.024,0.011,-72.782,0.214,2.982,0.005,0.002,-18.509,1.736,3.079,0.018,0.004,-12.037,0.777,0,0,0,0,0,3.318,0.013,0.007,-70.97,0.45,3.425,0.025,0.018,-20.156,0.195,3.931,0.01,0.015,-16.948,0.265,4.221,0.054,0.007,-139.376,0.625,4.301,0.062,0.008,-66.993,0.527,4.358,0.079,0.01,-41.525,0.458,4.725,0.031,0.008,-42.633,0.593,5.075,0.143,0.009,-60.725,0.576,5.223,0.04,0.009,-29.045,0.552,5.51,0.035,0.008,-51.144,0.699,6,0.008,0.01,-30.405,0.63,6.063,0.045,0.009,-52.052,0.657,6.258,0.032,0.009,-57.574,0.7,6.655,0.017,0.014,-15.334,0.489,7,0.019,0.011,-42.274,0.659,7.155,0.049,0.009,-34.236,0.766,8.29,0.01,0.015,-16.764,0.556,8.429,0.006
182,E0402P_11,0_0,3/29/2022 14:29,21.4,0,QPLog 10-1631 (16) rev8,FALSE,,GD,,,,,,,,,,,,,,,,Fail,0,0,,2.159,2.307,2.978,3.075,0,3.318,3.421,3.92,4.22,4.3,4.358,4.721,5.077,5.219,5.509,6.009,6.064,6.255,6.653,6.994,7.156,8.293,8.428,5.134,5.698,0,6.16,11.367,-1.238,0.384,-3.785,-5.365,0,0.039,1.51,-7.814,0.854,1.261,0.056,0.052,0.697,0.932,-1.081,0.7,0.089,-0.175,0.251,0.859,-0.462,-0.43,0.643,0.621,-0.03,0,0.704,-0.159,2.159,0.074,0.014,-29.671,0.155,2.307,0.062,0.01,-56.637,0.233,2.978,0.004,0.008,-17.883,0.385,3.075,0.013,0.013,-19.184,0.242,0,0,0,0,0,3.318,0.014,0.006,-128.248,0.565,3.421,0.005,0.011,-23.886,0.3,3.92,0.005,0.007,-21.753,0.537,4.22,0.008,0.006,-166.45,0.699,4.3,0.014,0.006,-122.736,0.664,4.358,0.127,0.01,-43.26,0.428,4.721,0.009,0.008,-48.288,0.58,5.077,0.024,0.01,-37.503,0.515,5.219,0.081,0.01,-39.603,0.509,5.509,0.099,0.008,-72.571,0.694,6.009,0.018,0.005,-111.13,1.141,6.064,0.023,0.006,-132.78,1.044,6.255,0.007,0.008,-45.771,0.796,6.653,0.003,0.012,-8.689,0.548,6.994,0.003,0.009,-31.759,0.759,7.156,0.022,0.008,-66.962,0.898,8.293,0.041,0.009,-37.431,0.891,8.428,0.026
183,e0402p,0_0,3/29/2022 13:43,21.1,0,QPLog 10-1631 (16) rev8,FALSE,,GD,,,,,,,,,,,,,,,,Fail,0,0,,2.154,2.303,2.975,3.075,0,3.318,3.421,3.92,4.219,4.299,4.357,4.721,5.077,5.221,5.508,6.009,6.063,6.255,6.651,6.995,7.156,8.294,8.428,5.133,5.698,3.76,6.16,11.367,-1.582,0,-4.017,-5.369,0,0.073,1.531,-7.809,0.816,1.221,-0.022,0.024,0.723,1.021,-1.113,0.685,0.057,-0.153,0.172,0.87,-0.482,-0.377,0.667,0.574,-0.03,0.292,0.734,-0.149,2.154,0.043,0.012,-41.083,0.174,2.303,0.04,0.009,-73.676,0.261,2.975,0.003,0.009,-11.788,0.327,3.075,0.012,0.013,-17.342,0.241,0,0,0,0,0,3.318,0.012,0.006,-121.176,0.547,3.421,0.004,0.011,-21.54,0.306,3.92,0.004,0.009,-20.627,0.453,4.219,0.007,0.006,-164.988,0.703,4.299,0.093,0.007,-131.872,0.64,4.357,0.106,0.01,-37.696,0.432,4.721,0.006,0.008,-47.881,0.584,5.077,0.018,0.014,-18.843,0.367,5.221,0.012,0.009,-31.872,0.568,5.508,0.011,0.006,-65.779,0.881,6.009,0.016,0.005,-104.698,1.18,6.063,0.02,0.006,-124.6,1.078,6.255,0.007,0.008,-49.874,0.788,6.651,0.005,0.009,-16.658,0.72,6.995,0.003,0.01,-24.684,0.716,7.156,0.172,0.008,-76.633,0.934,8.294,0.036,0.01,-35.786,0.865,8.428,0.022
184,e0402p,0_0,3/29/2022 13:24,20.8,0,QPLog 10-1631 (16) rev8,FALSE,,GD,,,,,,,,,,,,,,,,Fail,0,0,,2.159,2.298,2.978,3.081,0,3.319,3.421,3.931,4.22,4.299,4.354,4.72,5.07,5.22,5.506,5.999,6.061,6.254,6.653,6.995,7.152,8.292,8.427,5.134,5.699,3.758,6.163,11.368,-1.23,-0.483,-3.812,-4.791,0,0.142,1.51,-7.233,0.836,1.18,-0.157,-0.026,0.333,0.993,-1.221,0.205,-0.065,-0.189,0.263,0.87,-0.648,-0.495,0.622,0.578,0.066,0.082,0.863,-0.125,2.159,0.061,0.004,-41.097,0.538,2.298,0.026,0.006,-99.674,0.416,2.978,0.003,0.008,-19.658,0.352,3.081,0.018,0.016,-16.427,0.197,0,0,0,0,0,3.319,0.011,0.006,-129.388,0.571,3.421,0.001,0.009,-12.523,0.392,3.931,0.008,0.002,-11.653,2.208,4.22,0.005,0.006,-148.198,0.697,4.299,0.036,0.005,-58.759,0.829,4.354,0.032,0.006,-70.565,0.711,4.72,0.003,0.006,-26.624,0.846,5.07,0.009,0.009,-59.273,0.579,5.22,0.011,0.009,-46.824,0.596,5.506,0.005,0.006,-52.171,0.857,5.999,0.012,0.006,-99.653,0.936,6.061,0.006,0.005,-159.729,1.223,6.254,0.004,0.007,-46.562,0.875,6.653,0.002,0.01,-14.078,0.682,6.995,0.017,0.009,-46.634,0.754,7.152,0.062,0.006,-80.097,1.157,8.292,0.01,0.012,-18.334,0.702,8.427,0.016
185,e0402p,0_0,3/29/2022 14:08,21.3,0,QPLog 10-1631 (16) rev8,FALSE,,GD,,,,,,,,,,,,,,,,Fail,0,0,,2.156,2.307,2.978,3.073,0,3.318,3.421,3.918,4.219,4.3,4.359,4.722,5.076,5.218,5.51,6.009,6.064,6.255,6.675,6.996,7.157,8.293,8.428,5.139,5.7,0,6.16,11.368,-1.434,0.384,-3.756,-5.517,0,0.039,1.529,-7.887,0.815,1.241,0.114,0.094,0.626,0.869,-1.039,0.69,0.109,-0.181,1.078,0.932,-0.426,-0.42,0.669,0.89,0.134,0,0.734,-0.136,2.156,0.048,0.011,-39.903,0.191,2.307,0.055,0.01,-51.586,0.24,2.978,0.004,0.006,-17.19,0.5,3.073,0.011,0.013,-17.852,0.238,0,0,0,0,0,3.318,0.013,0.006,-125.297,0.535,3.421,0.006,0.011,-22.924,0.319,3.918,0.004,0.007,-25.73,0.557,4.219,0.008,0.006,-178.963,0.766,4.3,0.015,0.007,-114.65,0.626,4.359,0.163,0.01,-49.371,0.452,4.722,0.011,0.008,-60.669,0.609,5.076,0.015,0.011,-32.361,0.465,5.218,0.005,0.009,-32.298,0.585,5.51,0.117,0.009,-48.71,0.625,6.009,0.02,0.006,-95.741,1.034,6.064,0.028,0.006,-118.27,1.012,6.255,0.01,0.008,-54.953,0.813,6.675,0.005,0.009,-23.987,0.736,6.996,0.002,0.009,-22.422,0.801,7.157,0.172,0.008,-64.277,0.858,8.293,0.037,0.009,-42.312,0.973,8.428,0.025
186,e0402p,0_0,3/29/2022 13:31,20.9,0,QPLog 10-1631 (16) rev8,FALSE,,GD,,,,,,,,,,,,,,,,Fail,0,0,,2.157,2.304,2.979,3.075,0,3.318,3.422,3.92,4.22,4.299,4.357,4.721,5.075,5.218,5.508,6,6.064,6.256,6.652,6.995,7.156,8.294,8.428,5.135,5.699,0,6.162,11.37,-1.313,0.124,-3.694,-5.327,0,0.107,1.552,-7.782,0.835,1.221,-0.002,0.048,0.584,0.867,-1.15,0.225,0.089,-0.134,0.214,0.882,-0.446,-0.377,0.648,0.634,0.093,0,0.803,-0.076,2.157,0.053,0.015,-21.655,0.146,2.304,0.044,0.009,-47.929,0.254,2.979,0.004,0.007,-12.713,0.4,3.075,0.013,0.014,-16.062,0.219,0,0,0,0,0,3.318,0.014,0.006,-125.43,0.557,3.422,0.004,0.013,-20.205,0.27,3.92,0.005,0.011,-22.086,0.346,4.22,0.007,0.006,-165.583,0.755,4.299,0.097,0.007,-131.51,0.636,4.357,0.111,0.01,-43.038,0.456,4.721,0.007,0.007,-53.731,0.635,5.075,0.013,0.009,-30.087,0.545,5.218,0.005,0.01,-26.376,0.54,5.508,0.071,0.008,-63.425,0.68,6,0.017,0.006,-64.866,0.936,6.064,0.022,0.006,-119.424,1.042,6.256,0.009,0.008,-53.894,0.801,6.652,0.002,0.012,-9.452,0.542,6.995,0.003,0.009,-25.485,0.794,7.156,0.187,0.007,-79.892,0.958,8.294,0.037,0.01,-31.711,0.827,8.428,0.024
187,e0402p,0_0,3/29/2022 14:03,21.2,0,QPLog 10-1631 (16) rev8,FALSE,,GD,,,,,,,,,,,,,,,,Fail,0,0,,2.164,2.307,2.974,3.076,0,3.318,3.421,3.92,4.219,4.299,4.356,4.72,5.077,5.219,5.508,5.998,6.063,6.255,6.654,6.995,7.156,8.294,8.428,5.134,5.698,0,6.162,11.368,-0.872,0.479,-4.148,-5.274,0,0.073,1.49,-7.793,0.776,1.201,-0.041,-0.05,0.72,0.934,-1.15,0.166,0.06,-0.167,0.312,0.871,-0.446,-0.402,0.64,0.604,-0.044,0,0.803,-0.132,2.164,0.057,0.017,-8.465,0.13,2.307,0.051,0.013,-28.85,0.177,2.974,0.005,0.003,-6.861,1.084,3.076,0.014,0.016,-18.002,0.19,0,0,0,0,0,3.318,0.014,0.006,-129.476,0.571,3.421,0.004,0.012,-22.586,0.292,3.92,0.005,0.003,-24.66,1.317,4.219,0.007,0.006,-162.621,0.688,4.299,0.011,0.007,-100.182,0.634,4.356,0.102,0.01,-42.063,0.42,4.72,0.006,0.008,-41.743,0.587,5.077,0.019,0.01,-31.68,0.493,5.219,0.052,0.01,-45.548,0.518,5.508,0.056,0.008,-71.136,0.712,5.998,0.016,0.005,-63.381,1.15,6.063,0.021,0.007,-95.786,0.922,6.255,0.008,0.008,-44.092,0.757,6.654,0.003,0.011,-11.634,0.599,6.995,0.002,0.009,-24.347,0.771,7.156,0.181,0.008,-76.538,0.934,8.294,0.036,0.01,-32.714,0.825,8.428,0.022
188,e0402p,0_0,3/29/2022 13:53,21.2,0,QPLog 10-1631 (16) rev8,FALSE,,GD,,,,,,,,,,,,,,,,Fail,0,0,,2.156,2.306,2.978,3.075,0,3.318,3.421,3.92,4.219,4.299,4.358,4.721,5.077,5.22,5.51,6.008,6.064,6.255,6.654,6.996,7.157,8.294,8.428,5.136,5.698,0,6.16,11.366,-1.382,0.322,-3.764,-5.369,0,0.073,1.531,-7.814,0.776,1.221,0.056,0.052,0.692,0.949,-1.022,0.675,0.075,-0.181,0.287,0.906,-0.428,-0.402,0.656,0.689,-0.03,0,0.734,-0.177,2.156,0.055,0.012,-39.696,0.182,2.306,0.055,0.009,-62.761,0.247,2.978,0.004,0.008,-15.452,0.379,3.075,0.012,0.012,-18.057,0.247,0,0,0,0,0,3.318,0.013,0.006,-125.15,0.551,3.421,0.005,0.011,-23.972,0.318,3.92,0.005,0.004,-26.298,0.901,4.219,0.008,0.006,-175.224,0.661,4.299,0.014,0.006,-119.312,0.68,4.358,0.141,0.01,-45.672,0.448,4.721,0.009,0.009,-57.217,0.543,5.077,0.015,0.013,-27.272,0.381,5.22,0.009,0.004,-36.961,1.29,5.51,0.117,0.008,-68.97,0.69,6.008,0.019,0.006,-105.067,1.085,6.064,0.025,0.006,-133.038,1.095,6.255,0.009,0.006,-58.866,0.986,6.654,0.003,0.01,-9.432,0.647,6.996,0.003,0.01,-27.333,0.703,7.157,0.181,0.008,-70.386,0.9,8.294,0.039,0.01,-40.98,0.856,8.428,0.025
189,e0402p,0_0,3/29/2022 13:58,21.2,0,QPLog 10-1631 (16) rev8,FALSE,,GD,,,,,,,,,,,,,,,,Fail,0,0,,2.152,2.306,2.979,3.072,0,3.317,3.421,3.918,4.219,4.3,4.359,4.722,5.075,5.219,5.51,6.009,6.064,6.255,6.676,6.995,7.156,8.293,8.428,5.149,5.698,0,6.16,11.358,-1.657,0.322,-3.668,-5.577,0,0.004,1.549,-7.887,0.776,1.261,0.133,0.079,0.596,0.908,-0.99,0.69,0.093,-0.175,1.102,0.882,-0.462,-0.421,0.656,1.387,-0.03,0,0.704,-0.401,2.152,0.042,0.013,-40.656,0.169,2.306,0.055,0.01,-62.52,0.24,2.979,0.003,0.005,-17.331,0.564,3.072,0.01,0.015,-17.204,0.198,0,0,0,0,0,3.317,0.011,0.006,-118.868,0.526,3.421,0.006,0.012,-24.83,0.289,3.918,0.003,0.004,-32.646,0.925,4.219,0.007,0.005,-177.045,0.774,4.3,0.014,0.006,-112.478,0.665,4.359,0.148,0.01,-48.84,0.436,4.722,0.009,0.009,-53.143,0.553,5.075,0.016,0.006,-22.344,0.883,5.219,0.009,0.009,-42.934,0.601,5.51,0.137,0.007,-69.193,0.735,6.009,0.019,0.006,-102.793,1.007,6.064,0.025,0.006,-131.807,1.094,6.255,0.009,0.008,-60.39,0.807,6.676,0.005,0.009,-24.873,0.743,6.995,0.002,0.01,-19.996,0.685,7.156,0.153,0.008,-62.782,0.856,8.293,0.031,0.008,-37.78,1.008,8.428,0.023
190,e0402p,0_0,3/29/2022 13:48,21.1,0,QPLog 10-1631 (16) rev8,FALSE,,GD,,,,,,,,,,,,,,,,Fail,0,0,,2.161,2.306,2.978,3.074,0,3.318,3.421,3.922,4.247,4.3,4.358,4.721,5.076,5.218,5.508,6.009,6.064,6.255,6.653,6.993,7.156,8.294,8.428,5.142,5.699,0,6.16,11.367,-1.065,0.322,-3.733,-5.397,0,0.073,1.49,-7.703,2.443,1.261,0.056,0.052,0.626,0.884,-1.13,0.705,0.091,-0.175,0.275,0.821,-0.464,-0.395,0.656,1.035,0.093,0,0.734,-0.171,2.161,0.069,0.012,-22.136,0.186,2.306,0.066,0.01,-54.427,0.226,2.978,0.004,0.005,-15.988,0.553,3.074,0.013,0.015,-18.814,0.208,0,0,0,0,0,3.318,0.014,0.006,-129.702,0.568,3.421,0.005,0.011,-23.998,0.31,3.922,0.005,0.004,-44.954,0.952,4.247,0.003,0.006,-37.883,0.672,4.3,0.014,0.007,-114.24,0.61,4.358,0.131,0.01,-46.908,0.449,4.721,0.008,0.008,-50.505,0.593,5.076,0.014,0.011,-31.881,0.441,5.218,0.049,0.012,-41.039,0.445,5.508,0.105,0.008,-64.428,0.694,6.009,0.019,0.006,-110.257,1.059,6.064,0.025,0.006,-130.28,1.094,6.255,0.009,0.007,-63.958,0.958,6.653,0.003,0.014,-7.994,0.486,6.993,0.003,0.01,-26.051,0.721,7.156,0.186,0.008,-73.94,0.921,8.294,0.04,0.01,-35.719,0.855,8.428,0.026
191,e0402p,0_0,3/29/2022 14:12,21.3,0,QPLog 10-1631 (16) rev8,FALSE,,GD,,,,,,,,,,,,,,,,Fail,0,0,,2.159,2.303,2.977,3.077,0,3.318,3.421,3.923,4.219,4.298,4.354,4.719,5.075,5.22,5.507,5.998,6.061,6.254,0,6.993,7.155,8.293,8.427,5.134,5.699,0,6.162,11.374,-1.215,0.016,-3.825,-5.175,0,0.073,1.531,-7.656,0.816,1.12,-0.138,-0.078,0.576,0.956,-1.182,0.166,-0.043,-0.202,0,0.822,-0.512,-0.438,0.627,0.58,0.011,0,0.803,0.039,2.159,0.069,0.01,-36.682,0.208,2.303,0.045,0.01,-78.084,0.233,2.977,0.003,0.008,-19.993,0.379,3.077,0.016,0.014,-18.348,0.226,0,0,0,0,0,3.318,0.015,0.006,-133.431,0.566,3.421,0.003,0.011,-19.789,0.301,3.923,0.006,0.003,-25.27,1.278,4.219,0.007,0.006,-171.046,0.712,4.298,0.01,0.006,-93.326,0.69,4.354,0.082,0.011,-45.859,0.413,4.719,0.005,0.008,-51.523,0.568,5.075,0.018,0.01,-44.97,0.522,5.22,0.01,0.005,-41.826,0.981,5.507,0.044,0.008,-75.28,0.711,5.998,0.018,0.007,-86.43,0.873,6.061,0.017,0.005,-135.06,1.184,6.254,0.006,0.008,-52.165,0.76,0,0,0,0,0,6.993,0.003,0.01,-27.072,0.725,7.155,0.179,0.007,-89.491,0.994,8.293,0.034,0.014,-24.349,0.6,8.427,0.026
192,E0402P,,3/30/2022 16:50,22.7,0,,FALSE,,GD,,,,,,,,,,,,,,,,Fail,0,0,,2.16,2.304,2.977,3.079,0,3.319,3.421,3.92,4.22,4.3,4.359,4.721,5.078,5.221,5.507,5.999,6.064,6.255,6.652,6.994,7.157,8.296,8.427,5.135,5.7,3.757,6.164,11.372,-1.163,0.169,-3.842,-4.967,0,0.142,1.51,-7.766,0.855,1.261,0.094,0.066,0.775,1.006,-1.182,0.195,0.091,-0.147,0.238,0.833,-0.414,-0.327,0.629,0.631,0.169,0.019,0.891,-0.013,2.16,0.104,0.011,-44.932,0.191,2.304,0.101,0.009,-75.668,0.261,2.977,0.007,0.009,-16.733,0.345,3.079,0.033,0.017,-18.464,0.184,0,0,0,0,0,3.319,0.03,0.006,-124.351,0.543,3.421,0.008,0.011,-26.211,0.298,3.92,0.013,0.012,-14.292,0.316,4.22,0.015,0.006,-197.638,0.712,4.3,0.027,0.006,-140.628,0.68,4.359,0.024,0.009,-50.229,0.468,4.721,0.014,0.008,-63.693,0.586,5.078,0.05,0.008,-78.228,0.65,5.221,0.014,0.007,-44.84,0.769,5.507,0.01,0.007,-65.6,0.747,5.999,0.022,0.007,-48.042,0.804,6.064,0.032,0.006,-113.808,1.019,6.255,0.01,0.011,-24.226,0.574,6.652,0.005,0.012,-13.631,0.535,6.994,0.005,0.01,-31.94,0.688,7.157,0.042,0.008,-74.877,0.948,8.296,0.011,0.01,-36.842,0.794,8.427,0.005
193,HVT 7,,3/30/2022 17:27,23,0,"System 500, 3.30.22",FALSE,,GD,,,,,,,,,,,,,,,,Fail,0,0,,2.158,2.304,2.979,3.079,0,3.319,3.422,3.92,4.219,4.3,4.358,4.721,5.077,5.219,5.507,5.998,6.063,6.252,6.652,6.994,7.157,8.296,8.428,5.134,5.7,3.757,6.163,11.373,-1.247,0.124,-3.65,-4.939,0,0.176,1.551,-7.782,0.816,1.241,0.075,0.011,0.728,0.943,-1.198,0.161,0.057,-0.309,0.226,0.859,-0.414,-0.327,0.656,0.605,0.114,-0.051,0.849,-0.007,2.158,0.091,0.011,-42.148,0.189,2.304,0.089,0.009,-76.979,0.268,2.979,0.006,0.009,-17.942,0.318,3.079,0.03,0.015,-16.712,0.2,0,0,0,0,0,3.319,0.028,0.006,-120.031,0.534,3.422,0.007,0.013,-28.158,0.266,3.92,0.012,0.012,-18.049,0.337,4.219,0.014,0.006,-200.535,0.764,4.3,0.026,0.006,-136.612,0.698,4.358,0.023,0.009,-50.205,0.462,4.721,0.014,0.007,-66.895,0.632,5.077,0.048,0.008,-78.34,0.661,5.219,0.013,0.007,-56.63,0.803,5.507,0.01,0.007,-65.893,0.778,5.998,0.023,0.006,-55.626,0.975,6.063,0.032,0.006,-132.204,1.028,6.252,0.009,0.011,-32.696,0.586,6.652,0.005,0.012,-11.535,0.55,6.994,0.005,0.01,-31.557,0.685,7.157,0.041,0.007,-81.142,0.98,8.296,0.009,0.01,-31.058,0.87,8.428,0.005
194,HVT 8,,3/30/2022 17:40,23.3,0,"System 500, 3.30.22",FALSE,,GD,,,,,,,,,,,,,,,,Fail,0,0,,2.16,2.306,2.978,3.08,0,3.319,3.422,3.921,4.22,4.301,4.36,4.722,5.079,5.221,5.508,5.999,6.064,6.254,6.653,6.996,7.158,8.297,8.429,5.135,5.7,3.757,6.164,11.374,-1.164,0.322,-3.733,-4.847,0,0.21,1.59,-7.753,0.875,1.302,0.152,0.109,0.807,1.006,-1.156,0.181,0.107,-0.218,0.263,0.919,-0.349,-0.266,0.688,0.658,0.155,0.019,0.894,0.044,2.16,0.111,0.012,-42.876,0.181,2.306,0.11,0.009,-72.635,0.255,2.978,0.007,0.012,-19.935,0.251,3.08,0.034,0.016,-17.416,0.189,0,0,0,0,0,3.319,0.032,0.006,-120.619,0.535,3.422,0.008,0.013,-25.275,0.263,3.921,0.013,0.016,-14.202,0.25,4.22,0.016,0.006,-200.164,0.728,4.301,0.028,0.006,-136.64,0.68,4.36,0.025,0.01,-52.237,0.434,4.722,0.015,0.008,-66.928,0.591,5.079,0.053,0.008,-79.536,0.65,5.221,0.015,0.006,-50.702,0.854,5.508,0.01,0.008,-70.014,0.73,5.999,0.023,0.007,-56.623,0.842,6.064,0.032,0.006,-115.703,0.999,6.254,0.01,0.012,-26.03,0.503,6.653,0.005,0.012,-12.188,0.541,6.996,0.005,0.01,-30.035,0.687,7.158,0.045,0.007,-77.246,0.961,8.297,0.01,0.009,-33.129,0.878,8.429,0.005
195,HVT 9,,3/30/2022 17:53,23.1,0,"System 500, 3.30.22",FALSE,,GD,,,,,,,,,,,,,,,,Fail,0,0,,2.159,2.305,2.978,3.08,0,3.319,3.421,3.921,4.22,4.3,4.359,4.721,5.078,5.22,5.507,5.998,6.063,6.252,6.652,6.994,7.157,8.296,8.428,5.134,5.699,3.758,6.163,11.374,-1.172,0.248,-3.755,-4.876,0,0.21,1.51,-7.729,0.874,1.282,0.094,0.011,0.752,0.969,-1.215,0.156,0.042,-0.281,0.214,0.847,-0.396,-0.327,0.656,0.578,0.086,0.071,0.863,0.045,2.159,0.105,0.012,-33.41,0.175,2.305,0.106,0.01,-67.284,0.235,2.978,0.007,0.01,-18.994,0.298,3.08,0.034,0.014,-18.622,0.218,0,0,0,0,0,3.319,0.03,0.006,-116.941,0.525,3.421,0.008,0.01,-25.889,0.339,3.921,0.013,0.013,-17.302,0.313,4.22,0.015,0.006,-201.722,0.713,4.3,0.027,0.006,-135.424,0.698,4.359,0.024,0.009,-47.24,0.479,4.721,0.015,0.008,-62.79,0.569,5.078,0.052,0.008,-77.887,0.641,5.22,0.015,0.008,-57.118,0.646,5.507,0.01,0.008,-64.779,0.705,5.998,0.022,0.007,-62.641,0.832,6.063,0.031,0.006,-108.91,0.959,6.252,0.011,0.012,-31.419,0.539,6.652,0.005,0.013,-12.704,0.495,6.994,0.005,0.011,-31.606,0.644,7.157,0.045,0.007,-80.307,0.971,8.296,0.01,0.01,-29.774,0.852,8.428,0.005
196,HVT_10,,3/30/2022 18:06,23.2,0,"System 500, 3.30.22",FALSE,,GD,,,,,,,,,,,,,,,,Fail,0,0,,2.16,2.304,2.979,3.08,0,3.319,3.422,3.928,4.22,4.301,4.359,4.722,5.078,5.22,5.508,5.999,6.064,6.251,6.65,6.994,7.157,8.293,8.429,5.135,5.7,3.758,6.164,11.374,-1.163,0.124,-3.707,-4.886,0,0.21,1.551,-7.369,0.855,1.302,0.094,0.081,0.752,0.995,-1.156,0.19,0.089,-0.32,0.165,0.834,-0.414,-0.42,0.683,0.631,0.155,0.029,0.894,0.022,2.16,0.081,0.01,-43.243,0.223,2.304,0.093,0.009,-77.458,0.252,2.979,0.006,0.008,-17.576,0.359,3.08,0.03,0.016,-17.615,0.197,0,0,0,0,0,3.319,0.027,0.006,-114.775,0.518,3.422,0.007,0.013,-25.954,0.263,3.928,0.01,0.005,-10.874,0.852,4.22,0.014,0.006,-202.416,0.716,4.301,0.026,0.006,-139.904,0.674,4.359,0.022,0.009,-49.807,0.471,4.722,0.014,0.008,-63.555,0.591,5.078,0.047,0.008,-78.754,0.644,5.22,0.013,0.007,-47.12,0.7,5.508,0.01,0.007,-67.35,0.749,5.999,0.024,0.007,-64.458,0.891,6.064,0.035,0.006,-129.876,1.051,6.251,0.011,0.009,-40.117,0.682,6.65,0.005,0.012,-11.165,0.552,6.994,0.005,0.01,-34.907,0.69,7.157,0.042,0.008,-76.544,0.953,8.293,0.006,0.011,-16.904,0.733,8.429,0.005
197,SN E0402P_1,,3/25/2022 18:40,23.1,0,DFW300,FALSE,,GD,,,,,,,,,,,,,,,,Fail,0,0,,2.155,2.302,2.98,3.078,0,3.319,3.421,3.938,4.22,4.3,4.358,4.721,5.076,5.219,5.507,5.999,6.062,6.262,6.647,6.994,7.155,8.293,8.427,5.133,5.7,3.757,6.162,11.373,-1.463,-0.107,-3.598,-5.055,0,0.142,1.511,-6.859,0.874,1.261,0.056,0.066,0.63,0.919,-1.162,0.21,-0.012,0.137,0.055,0.847,-0.53,-0.417,0.616,0.553,0.127,-0.01,0.796,0.005,2.155,0.052,0.01,-55.716,0.224,2.302,0.045,0.01,-81.704,0.234,2.98,0.004,0.005,-34.795,0.61,3.078,0.016,0.013,-16.649,0.24,0,0,0,0,0,3.319,0.015,0.006,-111.974,0.542,3.421,0.003,0.011,-24.925,0.306,3.938,0.008,0.013,-38.938,0.298,4.22,0.008,0.006,-167.069,0.766,4.3,0.014,0.006,-136.458,0.727,4.358,0.011,0.009,-37.192,0.466,4.721,0.006,0.006,-46.677,0.732,5.076,0.027,0.008,-65.818,0.609,5.219,0.011,0.006,-62.758,0.855,5.507,0.009,0.006,-57.396,0.936,5.999,0.02,0.006,-76.565,0.94,6.062,0.021,0.005,-192.04,1.227,6.262,0.003,0.002,-21.198,3.718,6.647,0.003,0.004,-17.902,1.801,6.994,0.02,0.01,-43.048,0.695,7.155,0.024,0.007,-81.081,0.997,8.293,0.004,0.009,-16.667,0.921,8.427,0.003
198,SN E0402P_2,,3/25/2022 19:41,23.4,0,DFW300,FALSE,,GD,,,,,,,,,,,,,,,,Fail,0,0,,2.156,2.302,2.98,3.077,0,3.318,3.42,3.937,4.22,4.299,4.355,4.723,5.076,5.22,5.508,6,6.062,6.261,6.649,6.993,7.155,8.295,8.429,5.134,5.7,3.756,6.16,11.372,-1.397,-0.107,-3.581,-5.14,0,0.107,1.474,-6.879,0.835,1.221,-0.099,0.178,0.654,0.969,-1.103,0.225,-0.012,0.103,0.128,0.812,-0.512,-0.359,0.694,0.58,0.141,-0.143,0.729,-0.024,2.156,0.054,0.011,-50.086,0.199,2.302,0.044,0.01,-67.466,0.228,2.98,0.003,0.006,-25.495,0.492,3.077,0.015,0.013,-18.072,0.23,0,0,0,0,0,3.318,0.014,0.006,-99.823,0.512,3.42,0.003,0.013,-16.747,0.27,3.937,0.008,0.008,-30.847,0.518,4.22,0.008,0.005,-175.897,0.784,4.299,0.013,0.006,-139.405,0.769,4.355,0.011,0.01,-37.154,0.431,4.723,0.006,0.007,-52.036,0.682,5.076,0.024,0.008,-61.78,0.623,5.22,0.011,0.006,-57.204,0.82,5.508,0.01,0.006,-88.986,0.859,6,0.018,0.006,-78.329,1.021,6.062,0.018,0.005,-166.215,1.194,6.261,0.009,0.006,-58.197,1.074,6.649,0.019,0.013,-18.646,0.494,6.993,0.02,0.01,-42.241,0.687,7.155,0.023,0.007,-80.454,0.997,8.295,0.006,0.009,-32.549,0.897,8.429,0.003
199,SN E0402P_3,,3/25/2022 19:48,23.4,0,DFW300,FALSE,,GD,,,,,,,,,,,,,,,,Fail,0,0,,2.157,2.302,2.981,3.079,0,3.318,3.418,3.936,4.22,4.299,4.355,4.722,5.076,5.219,5.508,6,6.062,6.26,6.65,6.993,7.155,8.294,8.428,5.134,5.7,3.757,6.161,11.371,-1.359,-0.107,-3.476,-4.939,0,0.107,1.328,-6.923,0.855,1.201,-0.119,0.122,0.654,0.943,-1.12,0.225,-0.012,0.074,0.14,0.822,-0.512,-0.377,0.64,0.593,0.114,-0.048,0.743,-0.043,2.157,0.056,0.01,-47.909,0.214,2.302,0.043,0.011,-68.807,0.217,2.981,0.003,0.005,-29.497,0.587,3.079,0.016,0.015,-15.92,0.206,0,0,0,0,0,3.318,0.014,0.006,-102.425,0.522,3.418,0.003,0.012,-17.331,0.278,3.936,0.008,0.009,-33.495,0.425,4.22,0.008,0.006,-191.764,0.744,4.299,0.014,0.006,-124.338,0.698,4.355,0.011,0.01,-38.797,0.427,4.722,0.006,0.007,-46.777,0.68,5.076,0.026,0.008,-62.02,0.617,5.219,0.011,0.006,-49.933,0.878,5.508,0.01,0.007,-60.377,0.824,6,0.019,0.006,-81.453,0.961,6.062,0.019,0.005,-165.369,1.111,6.26,0.009,0.006,-60.066,1.076,6.65,0.02,0.013,-18.445,0.498,6.993,0.021,0.01,-40.883,0.692,7.155,0.024,0.007,-83.152,1.007,8.294,0.006,0.011,-27.271,0.731,8.428,0.003
200,SN E0402P_4,,3/25/2022 19:55,23.6,0,DFW300,FALSE,,GD,,,,,,,,,,,,,,,,Fail,0,0,,2.155,2.303,2.981,3.079,0,3.318,3.419,3.937,4.22,4.299,4.358,4.722,5.076,5.22,5.508,6,6.062,6.26,6.65,6.994,7.154,8.294,8.428,5.134,5.7,3.756,6.161,11.372,-1.463,-0.045,-3.485,-4.999,0,0.073,1.41,-6.895,0.855,1.201,0.056,0.094,0.654,0.959,-1.103,0.24,-0.012,0.074,0.14,0.836,-0.548,-0.377,0.643,0.58,0.162,-0.129,0.782,-0.022,2.155,0.056,0.011,-42.908,0.196,2.303,0.048,0.01,-73.291,0.227,2.981,0.004,0.009,-23.994,0.318,3.079,0.016,0.015,-15.354,0.208,0,0,0,0,0,3.318,0.015,0.006,-109.805,0.534,3.419,0.003,0.008,-22.143,0.434,3.937,0.009,0.009,-38.296,0.453,4.22,0.008,0.006,-191.113,0.746,4.299,0.014,0.006,-134.935,0.703,4.358,0.011,0.008,-42.595,0.556,4.722,0.006,0.008,-46.567,0.594,5.076,0.027,0.009,-63.938,0.58,5.22,0.011,0.006,-49.106,0.826,5.508,0.01,0.006,-68.017,0.982,6,0.019,0.006,-85.63,1.018,6.062,0.019,0.005,-160.16,1.112,6.26,0.01,0.006,-57.794,1.068,6.65,0.02,0.013,-21.746,0.51,6.994,0.021,0.011,-41.038,0.642,7.154,0.025,0.007,-81.3,1.003,8.294,0.006,0.01,-26.931,0.84,8.428,0.003
201,SN E0402P_5,,3/25/2022 20:07,23.7,0,DFW300,FALSE,,GD,,,,,,,,,,,,,,,,Fail,0,0,,2.156,2.303,2.979,3.078,0,3.318,3.419,3.936,4.22,4.299,4.357,4.722,5.076,5.219,5.508,6,6.062,6.26,6.652,6.994,7.155,8.294,8.426,5.133,5.699,3.757,6.162,11.373,-1.397,-0.045,-3.703,-5.062,0,0.073,1.429,-6.923,0.855,1.201,0.017,0.122,0.63,0.945,-1.136,0.225,-0.027,0.074,0.214,0.837,-0.53,-0.377,0.6,0.566,0.086,-0.055,0.8,-0.005,2.156,0.058,0.011,-43.112,0.202,2.303,0.05,0.01,-71.039,0.23,2.979,0.004,0.006,-24.605,0.504,3.078,0.016,0.014,-14.799,0.217,0,0,0,0,0,3.318,0.015,0.006,-107.967,0.539,3.419,0.003,0.014,-20.218,0.252,3.936,0.009,0.009,-38.187,0.453,4.22,0.008,0.005,-170.929,0.78,4.299,0.014,0.006,-132.932,0.734,4.357,0.012,0.01,-36.308,0.432,4.722,0.006,0.007,-48.732,0.683,5.076,0.027,0.008,-64.101,0.622,5.219,0.011,0.008,-53.662,0.624,5.508,0.01,0.007,-64.772,0.814,6,0.019,0.006,-79.614,0.943,6.062,0.019,0.005,-164.524,1.138,6.26,0.01,0.006,-54.895,1.047,6.652,0.003,0.004,-21.78,1.831,6.994,0.021,0.011,-41.432,0.663,7.155,0.025,0.007,-82.061,1.005,8.294,0.007,0.01,-33.682,0.793,8.426,0.003
202,SN E0402P,,3/30/2022 16:02,22.6,0,,FALSE,,GD,,,,,,,,,,,,,,,,Fail,0,0,,2.158,2.304,2.979,3.079,0,3.32,3.42,3.922,4.22,4.301,4.359,4.722,5.079,5.221,5.508,6,6.065,6.254,6.652,6.996,7.158,8.297,8.429,5.136,5.701,3.758,6.164,11.374,-1.284,0.124,-3.707,-4.996,0,0.245,1.447,-7.702,0.875,1.302,0.114,0.081,0.807,1.042,-1.14,0.253,0.14,-0.19,0.238,0.905,-0.364,-0.266,0.688,0.683,0.278,0.071,0.908,0.041,2.158,0.098,0.012,-35.435,0.176,2.304,0.092,0.009,-72.247,0.255,2.979,0.007,0.011,-17.375,0.266,3.079,0.032,0.014,-18.89,0.221,0,0,0,0,0,3.32,0.029,0.006,-125.561,0.543,3.42,0.007,0.012,-18.877,0.283,3.922,0.012,0.011,-17.218,0.348,4.22,0.014,0.006,-204.642,0.724,4.301,0.025,0.006,-128.285,0.684,4.359,0.023,0.009,-50.941,0.463,4.722,0.014,0.008,-65.936,0.59,5.079,0.048,0.008,-74.399,0.628,5.221,0.014,0.006,-49.956,0.891,5.508,0.01,0.007,-59.495,0.741,6,0.023,0.007,-52.543,0.901,6.065,0.031,0.006,-118.065,1.021,6.254,0.01,0.016,-21.263,0.397,6.652,0.005,0.012,-12.872,0.576,6.996,0.005,0.01,-33.037,0.674,7.158,0.043,0.007,-80.997,0.967,8.297,0.01,0.01,-33.27,0.796,8.429,0.005
203,SN E0402P,,3/30/2022 16:33,22.7,0,,FALSE,,GD,,,,,,,,,,,,,,,,Fail,0,0,,2.16,2.305,2.977,3.079,0,3.319,3.421,3.92,4.22,4.3,4.359,4.722,5.078,5.221,5.508,5.999,6.064,6.253,6.653,6.995,7.157,8.295,8.429,5.135,5.7,3.757,6.164,11.374,-1.149,0.248,-3.816,-4.996,0,0.176,1.49,-7.782,0.855,1.282,0.094,0.081,0.783,1.019,-1.156,0.21,0.091,-0.229,0.251,0.87,-0.4,-0.359,0.688,0.631,0.182,-0.065,0.923,0.039,2.16,0.096,0.012,-30.334,0.174,2.305,0.112,0.009,-69.19,0.255,2.977,0.007,0.008,-16.926,0.353,3.079,0.033,0.016,-16.83,0.197,0,0,0,0,0,3.319,0.031,0.006,-125.965,0.546,3.421,0.008,0.012,-21.891,0.281,3.92,0.013,0.015,-16.867,0.257,4.22,0.015,0.006,-204.933,0.718,4.3,0.027,0.006,-125.195,0.683,4.359,0.024,0.01,-44.461,0.445,4.722,0.015,0.007,-66.369,0.65,5.078,0.051,0.008,-76.125,0.632,5.221,0.014,0.006,-54.534,0.854,5.508,0.01,0.008,-61.914,0.724,5.999,0.023,0.007,-59.752,0.864,6.064,0.034,0.006,-132.941,1.05,6.253,0.01,0.012,-28.549,0.534,6.653,0.005,0.013,-13.626,0.497,6.995,0.006,0.01,-35.424,0.718,7.157,0.045,0.007,-81.059,0.977,8.295,0.007,0.012,-15.224,0.719,8.429,0.006
204,SN E0402P,,3/30/2022 15:57,22,0,,FALSE,,GD,,,,,,,,,,,,,,,,Fail,0,0,,2.159,2.304,2.979,3.079,0,3.32,3.421,3.921,4.22,4.3,4.359,4.722,5.078,5.22,5.507,6,6.064,6.256,6.651,6.994,7.157,8.296,8.428,5.135,5.7,3.757,6.163,11.373,-1.224,0.169,-3.685,-4.939,0,0.245,1.509,-7.75,0.855,1.261,0.114,0.094,0.752,0.993,-1.182,0.225,0.089,-0.131,0.202,0.833,-0.396,-0.291,0.669,0.631,0.155,-0.029,0.849,0.012,2.159,0.102,0.012,-31.68,0.175,2.304,0.098,0.01,-67.781,0.242,2.979,0.007,0.01,-16.189,0.311,3.079,0.033,0.014,-19.386,0.22,0,0,0,0,0,3.32,0.03,0.006,-129.104,0.545,3.421,0.007,0.013,-22.486,0.266,3.921,0.013,0.013,-15.938,0.312,4.22,0.015,0.006,-202.762,0.737,4.3,0.026,0.006,-134.138,0.701,4.359,0.024,0.009,-52.831,0.477,4.722,0.014,0.007,-67.699,0.659,5.078,0.049,0.008,-76.021,0.642,5.22,0.014,0.007,-53.387,0.74,5.507,0.01,0.007,-65.94,0.761,6,0.023,0.006,-54.863,0.934,6.064,0.031,0.006,-111.767,1.027,6.256,0.01,0.016,-20.363,0.381,6.651,0.005,0.013,-14.356,0.52,6.994,0.005,0.011,-30.052,0.65,7.157,0.043,0.007,-80.782,0.979,8.296,0.01,0.011,-35.434,0.731,8.428,0.005
205,SN E0402P,,3/30/2022 15:49,21.9,0,,FALSE,,GD,,,,,,,,,,,,,,,,Fail,0,0,,2.127,2.304,2.978,3.079,0,3.319,3.422,3.921,4.22,4.3,4.358,4.722,5.078,5.221,5.507,5.999,6.063,6.254,6.651,6.995,7.157,8.295,8.428,5.134,5.7,3.757,6.163,11.374,-3.412,0.14,-3.759,-4.942,0,0.21,1.592,-7.75,0.835,1.261,0.036,0.143,0.752,1.006,-1.172,0.192,0.044,-0.19,0.189,0.894,-0.396,-0.359,0.648,0.617,0.155,-0.021,0.849,0.041,2.127,0.05,0.008,-17.455,0.262,2.304,0.098,0.009,-68.321,0.259,2.978,0.006,0.01,-17.464,0.301,3.079,0.03,0.014,-18.787,0.22,0,0,0,0,0,3.319,0.027,0.006,-126.46,0.543,3.422,0.007,0.014,-21.554,0.253,3.921,0.012,0.011,-16.396,0.359,4.22,0.014,0.005,-194.811,0.778,4.3,0.024,0.006,-123.967,0.668,4.358,0.022,0.009,-45.633,0.495,4.722,0.1,0.004,-77.28,1.191,5.078,0.045,0.008,-74.145,0.605,5.221,0.013,0.007,-55.855,0.723,5.507,0.009,0.008,-59.515,0.714,5.999,0.024,0.007,-58.48,0.881,6.063,0.032,0.005,-147.778,1.116,6.254,0.009,0.016,-19.967,0.399,6.651,0.005,0.013,-12.007,0.503,6.995,0.005,0.011,-33.285,0.64,7.157,0.042,0.007,-86.866,1.013,8.295,0.007,0.012,-19.143,0.676,8.428,0.005
206,8645,000_000,3/8/2022 23:34,25.4,0,QPLog 10-1631 (16) rev3,FALSE,,GD,,,,,,,,,,,,,,,,Fail,0,0,,2.145,2.301,0,3.078,3.132,3.318,3.422,3.916,4.219,4.3,4.359,4.722,5.076,0,5.508,5.999,6.062,6.255,6.649,6.997,7.158,8.292,8.431,5.134,5.699,3.758,6.163,11.37,-2.178,-0.169,0,-5.034,-2.297,0.107,1.592,-7.997,0.796,1.261,0.094,0.081,0.63,0,-1.156,0.19,0.006,-0.153,0.128,0.962,-0.375,-0.488,0.759,0.604,0.08,0.098,0.857,-0.077,2.145,0.077,0.009,-49.903,0.24,2.301,0.075,0.01,-78.473,0.23,0,0,0,0,0,3.078,0.026,0.018,-16.431,0.175,3.132,0.004,0.003,-20.227,0.945,3.318,0.019,0.007,-85.35,0.477,3.422,0.006,0.013,-26.203,0.256,3.916,0.01,0.007,-25.934,0.56,4.219,0.012,0.006,-204.159,0.756,4.3,0.022,0.006,-123.909,0.671,4.359,0.152,0.009,-51.707,0.489,4.722,0.011,0.007,-69.217,0.703,5.076,0.038,0.007,-73.594,0.692,0,0,0,0,0,5.508,0.095,0.007,-94.265,0.81,5.999,0.027,0.006,-96.58,1.061,6.062,0.032,0.005,-190.01,1.21,6.255,0.013,0.006,-97.344,0.968,6.649,0.005,0.009,-14.088,0.778,6.997,0.006,0.009,-41.099,0.743,7.158,0.022,0.011,-29.609,0.638,8.292,0.034,0.017,-9.339,0.483,8.431,0.049
207,8645,000_000,3/30/2022 14:43,21.8,0,QPLog 10-1631 (16) rev10,FALSE,,GD,,,,,,,,,,,,,,,,Fail,0,0,,2.156,2.303,0,3.08,0,3.319,3.423,3.928,4.22,4.3,4.357,4.722,5.077,0,5.508,6,6.063,6.255,0,6.994,7.157,8.297,8.429,5.135,5.701,0,6.163,11.37,-1.388,0,0,-4.921,0,0.176,1.616,-7.391,0.854,1.241,0.016,0.137,0.697,0,-1.136,0.268,0.06,-0.169,0,0.861,-0.393,-0.259,0.677,0.658,0.251,0,0.856,-0.082,2.156,0.061,0.011,-47.662,0.2,2.303,0.05,0.009,-75.738,0.257,0,0,0,0,0,3.08,0.011,0.012,-17.307,0.257,0,0,0,0,0,3.319,0.01,0.006,-115.728,0.542,3.423,0.002,0.004,-20.462,0.842,3.928,0.004,0.002,-35.347,2.16,4.22,0.005,0.005,-156.88,0.79,4.3,0.009,0.006,-103.008,0.694,4.357,0.008,0.008,-39.059,0.515,4.722,0.004,0.007,-52.016,0.651,5.077,0.018,0.009,-55.932,0.585,0,0,0,0,0,5.508,0.007,0.004,-55.808,1.247,6,0.014,0.006,-75.552,1.018,6.063,0.013,0.005,-153.576,1.133,6.255,0.003,0.002,-51.175,2.598,0,0,0,0,0,6.994,0,0.003,-35.971,2.085,7.157,0.018,0.007,-71.183,0.962,8.297,0.005,0.011,-32.13,0.749,8.429,0.002
208,8645,000_000,3/28/2022 23:39,23.7,0,QPLog 10-1631 (16) rev8,FALSE,,GD,,,,,,,,,,,,,,,,Fail,0,0,,2.155,2.3,0,3.076,3.136,3.317,3.421,3.922,4.219,4.298,4.356,4.719,5.073,0,5.507,5.998,6.061,6.252,6.652,6.994,7.154,8.292,8.426,5.134,5.699,3.757,6.163,11.373,-1.494,-0.277,0,-5.274,-2.03,0.004,1.529,-7.687,0.796,1.12,-0.059,-0.087,0.497,0,-1.215,0.176,-0.063,-0.306,0.214,0.861,-0.582,-0.48,0.595,0.605,0.011,-0.029,0.86,0.012,2.155,0.045,0.01,-48.175,0.217,2.3,0.031,0.009,-82.304,0.263,0,0,0,0,0,3.076,0.012,0.015,-14.777,0.21,3.136,0.002,0.003,-8.771,1.134,3.317,0.07,0.006,-112.035,0.514,3.421,0.017,0.013,-24.041,0.26,3.922,0.008,0.002,-18.166,2.331,4.219,0.008,0.005,-172.771,0.879,4.298,0.011,0.007,-80.359,0.597,4.356,0.104,0.011,-40.365,0.384,4.719,0.006,0.007,-51.845,0.668,5.073,0.018,0.009,-56.804,0.543,0,0,0,0,0,5.507,0.039,0.007,-64.232,0.758,5.998,0.015,0.006,-89.227,0.947,6.061,0.014,0.005,-164.577,1.152,6.252,0.004,0.008,-34.091,0.757,6.652,0.002,0.004,-15.811,1.672,6.994,0.003,0.01,-30.075,0.679,7.154,0.15,0.007,-87.302,0.986,8.292,0.029,0.01,-26.105,0.835,8.426,0.022
209,8645,000_000,3/30/2022 14:30,21.6,0,QPLog 10-1631 (16) rev10,FALSE,,GD,,,,,,,,,,,,,,,,Fail,0,0,,2.158,2.304,2.977,3.079,3.137,3.319,3.419,3.921,4.221,4.3,4.358,4.723,5.077,0,5.508,6,6.064,6.263,6.653,6.995,7.157,8.298,8.43,5.135,5.701,3.758,6.163,11.378,-1.284,0.062,-3.833,-4.939,-1.959,0.176,1.428,-7.756,0.894,1.282,0.056,0.174,0.697,0,-1.103,0.272,0.107,0.186,0.275,0.868,-0.414,-0.223,0.728,0.658,0.251,0.029,0.877,0.133,2.158,0.062,0.01,-51.611,0.225,2.304,0.049,0.01,-73.681,0.234,2.977,0.004,0.009,-15.307,0.327,3.079,0.018,0.015,-16.657,0.205,3.137,0.002,0.003,-18.441,1.006,3.319,0.017,0.006,-123.157,0.541,3.419,0.003,0.006,-25.593,0.603,3.921,0.007,0.002,-40.129,2.247,4.221,0.009,0.007,-151.961,0.64,4.3,0.125,0.006,-139.349,0.698,4.358,0.116,0.009,-53.869,0.51,4.723,0.055,0.003,-92.407,1.399,5.077,0.028,0.008,-65.487,0.647,0,0,0,0,0,5.508,0.091,0.008,-60.579,0.707,6,0.02,0.006,-86.192,1.009,6.064,0.02,0.005,-150.353,1.135,6.263,0.003,0.002,-24.046,4.002,6.653,0.003,0.005,-23.312,1.232,6.995,0.003,0.012,-18.914,0.57,7.157,0.025,0.008,-64.394,0.921,8.298,0.069,0.01,-45.454,0.866,8.43,0.024
210,8645,000_000,3/8/2022 16:28,25.4,0,QPLog 10-1631 (16) rev3,FALSE,,GD,,,,,,,,,,,,,,,,Fail,0,0,,2.157,2.3,0,3.077,3.133,3.319,3.421,3.916,4.219,4.3,4.358,4.723,5.077,0,5.507,5.998,6.062,6.255,6.649,6.998,7.157,8.294,8.43,5.134,5.699,3.759,6.164,11.377,-1.359,-0.277,0,-5.15,-2.259,0.142,1.507,-7.997,0.776,1.261,0.056,0.174,0.677,0,-1.172,0.176,-0.01,-0.167,0.116,0.987,-0.409,-0.409,0.732,0.619,0.059,0.2,0.918,0.115,2.157,0.053,0.009,-30.55,0.228,2.3,0.063,0.009,-88.706,0.268,0,0,0,0,0,3.077,0.025,0.016,-16.947,0.196,3.133,0.004,0.002,-12.614,1.39,3.319,0.017,0.009,-100.865,0.39,3.421,0.006,0.008,-32.168,0.417,3.916,0.009,0.006,-22.821,0.617,4.219,0.012,0.005,-228.493,0.814,4.3,0.02,0.008,-104.46,0.563,4.358,0.145,0.009,-43.664,0.476,4.723,0.081,0.004,-90.141,1.279,5.077,0.036,0.009,-55.745,0.567,0,0,0,0,0,5.507,0.093,0.006,-107.41,0.873,5.998,0.026,0.006,-88.78,1.022,6.062,0.03,0.005,-179.567,1.213,6.255,0.011,0.006,-87.994,1.007,6.649,0.005,0.01,-12.913,0.695,6.998,0.006,0.01,-36.663,0.711,7.157,0.024,0.011,-34.886,0.677,8.294,0.028,0.015,-8.587,0.542,8.43,0.048
211,8645,000_000,3/30/2022 14:25,21.6,0,QPLog 10-1631 (16) rev10,FALSE,,GD,,,,,,,,,,,,,,,,Fail,0,0,,2.157,2.303,2.979,3.078,0,3.319,3.421,3.923,4.221,4.3,4.358,4.724,5.077,0,5.509,6.001,6.064,6.253,6.653,6.995,7.157,8.298,8.43,5.135,5.701,3.757,6.164,11.369,-1.322,-0.045,-3.65,-5.052,0,0.142,1.509,-7.656,0.915,1.282,0.036,0.24,0.697,0,-1.087,0.303,0.091,-0.255,0.263,0.879,-0.414,-0.206,0.731,0.671,0.279,-0.029,0.891,-0.1,2.157,0.053,0.012,-40.543,0.184,2.303,0.044,0.01,-69.907,0.233,2.979,0.003,0.003,-15.766,0.854,3.078,0.017,0.014,-19.367,0.224,0,0,0,0,0,3.319,0.016,0.006,-124.582,0.565,3.421,0.003,0.008,-17.073,0.449,3.923,0.007,0.002,-22.881,1.719,4.221,0.008,0.006,-160.657,0.731,4.3,0.115,0.006,-140.368,0.695,4.358,0.107,0.008,-51.641,0.526,4.724,0.051,0.003,-98.293,1.482,5.077,0.026,0.008,-59.078,0.619,0,0,0,0,0,5.509,0.082,0.007,-67.335,0.737,6.001,0.019,0.006,-91.487,1.058,6.064,0.019,0.005,-153.881,1.147,6.253,0.004,0.002,-29.739,3.187,6.653,0.003,0.006,-27.068,1.145,6.995,0.002,0.01,-20.766,0.703,7.157,0.192,0.008,-72.829,0.914,8.298,0.063,0.01,-43.138,0.848,8.43,0.023
212,8645,000_000,3/30/2022 14:36,21.5,0,QPLog 10-1631 (16) rev10,FALSE,,GD,,,,,,,,,,,,,,,,Fail,0,0,,2.155,2.304,0,3.079,0,3.318,3.419,3.922,4.22,4.3,4.357,0,5.076,0,5.508,6,6.063,6.256,0,6.995,7.156,8.296,8.429,5.134,5.701,3.755,6.163,11.367,-1.463,0.062,0,-5.006,0,0.107,1.387,-7.666,0.835,1.241,-0.002,0,0.63,0,-1.13,0.255,0.053,-0.104,0,0.894,-0.48,-0.309,0.674,0.605,0.237,-0.247,0.874,-0.148,2.155,0.046,0.012,-27.995,0.174,2.304,0.044,0.01,-40.176,0.221,0,0,0,0,0,3.079,0.014,0.015,-12.733,0.202,0,0,0,0,0,3.318,0.014,0.006,-124.301,0.552,3.419,0.002,0.01,-17.033,0.333,3.922,0.005,0.005,-25.799,0.749,4.22,0.007,0.006,-152.952,0.747,4.3,0.101,0.006,-133.569,0.687,4.357,0.09,0.009,-47.252,0.501,0,0,0,0,0,5.076,0.022,0.008,-61.142,0.606,0,0,0,0,0,5.508,0.071,0.008,-68.303,0.728,6,0.016,0.006,-91.718,0.942,6.063,0.015,0.005,-149.445,1.152,6.256,0.004,0.018,-12.187,0.353,0,0,0,0,0,6.995,0.018,0.011,-32.764,0.615,7.156,0.14,0.008,-67.364,0.88,8.296,0.046,0.01,-44.451,0.863,8.429,0.016
213,8645,000_000,3/28/2022 23:33,23.6,0,QPLog 10-1631 (16) rev8,FALSE,,GD,,,,,,,,,,,,,,,,Fail,0,0,,2.155,2.301,2.978,3.076,3.137,3.318,3.42,3.918,4.22,4.298,4.355,4.72,5.073,0,5.506,5.998,6.061,6.252,6.65,6.993,7.154,8.292,8.426,5.133,5.696,3.76,6.163,11.373,-1.463,-0.231,-3.764,-5.27,-1.912,0.039,1.45,-7.871,0.835,1.14,-0.099,-0.031,0.506,0,-1.247,0.161,-0.032,-0.306,0.165,0.824,-0.582,-0.463,0.595,0.564,-0.215,0.292,0.86,0.003,2.155,0.052,0.01,-44.748,0.209,2.301,0.036,0.009,-81.891,0.258,2.978,0.003,0.008,-21.329,0.384,3.076,0.014,0.015,-14.45,0.201,3.137,0.002,0.003,-3.745,1.157,3.318,0.096,0.006,-118.156,0.521,3.42,0.019,0.012,-24.938,0.279,3.918,0.008,0.016,-12.057,0.241,4.22,0.007,0.006,-174.916,0.735,4.298,0.008,0.006,-93.201,0.697,4.355,0.073,0.011,-37.275,0.393,4.72,0.007,0.007,-79.977,0.698,5.073,0.018,0.008,-53.139,0.631,0,0,0,0,0,5.506,0.034,0.007,-61.745,0.759,5.998,0.014,0.007,-79.995,0.894,6.061,0.013,0.005,-154.823,1.152,6.252,0.004,0.008,-36.105,0.833,6.65,0.002,0.012,-11.656,0.538,6.993,0.022,0.01,-41.819,0.672,7.154,0.15,0.007,-88.224,0.991,8.292,0.029,0.012,-30.727,0.704,8.426,0.022
214,8645,000_000,3/29/2022 13:14,20.4,0,QPLog 10-1631 (16) rev8,FALSE,,GD,,,,,,,,,,,,,,,,Fail,0,0,,2.155,2.302,0,3.074,0,3.318,3.422,3.923,4.219,4.298,4.357,4.721,5.075,0,5.507,5.999,6.063,6.255,6.651,6.995,7.155,8.294,8.428,5.134,5.698,0,6.162,11.371,-1.5,-0.107,0,-5.415,0,0.073,1.57,-7.624,0.776,1.16,0.017,0.011,0.58,0,-1.188,0.22,0.037,-0.164,0.202,0.883,-0.512,-0.395,0.643,0.619,-0.016,0,0.831,-0.059,2.155,0.049,0.011,-38.356,0.198,2.302,0.038,0.01,-71.398,0.239,0,0,0,0,0,3.074,0.011,0.012,-15.852,0.253,0,0,0,0,0,3.318,0.009,0.006,-127.522,0.563,3.422,0.002,0.014,-16.765,0.251,3.923,0.007,0.01,-19.487,0.387,4.219,0.007,0.006,-168.263,0.72,4.298,0.109,0.007,-107.841,0.626,4.357,0.13,0.011,-44.854,0.408,4.721,0.008,0.007,-50.254,0.651,5.075,0.018,0.011,-37.924,0.481,0,0,0,0,0,5.507,0.059,0.008,-70.643,0.731,5.999,0.015,0.006,-91.903,1.015,6.063,0.017,0.005,-140.803,1.108,6.255,0.007,0.007,-66.961,0.913,6.651,0.002,0.011,-11.649,0.633,6.995,0.003,0.01,-27.242,0.696,7.155,0.17,0.007,-86.603,0.981,8.294,0.031,0.011,-27.92,0.759,8.428,0.022
215,8645,000_000,3/8/2022 16:09,25.5,0,QPLog 10-1631 (16) rev3,FALSE,,GD,,,,,,,,,,,,,,,,Fail,0,0,,2.147,2.3,2.979,3.078,3.126,3.319,3.418,3.915,4.219,4.3,4.359,4.723,5.076,0,5.507,5.999,6.062,6.255,6.65,6.998,7.157,8.293,8.432,5.134,5.699,3.758,6.165,11.375,-2.034,-0.277,-3.712,-5.034,-2.765,0.142,1.369,-8.066,0.776,1.261,0.095,0.174,0.63,0,-1.172,0.181,-0.025,-0.17,0.153,0.998,-0.396,-0.434,0.777,0.617,0.052,0.121,0.952,0.055,2.147,0.078,0.007,-39.342,0.291,2.3,0.064,0.01,-79.166,0.232,2.979,0.006,0.008,-19.242,0.353,3.078,0.025,0.018,-21.947,0.171,3.126,0.004,0.003,-27.357,1.02,3.319,0.018,0.007,-110.819,0.451,3.418,0.006,0.011,-19.661,0.301,3.915,0.008,0.005,-19.756,0.868,4.219,0.012,0.006,-192.069,0.758,4.3,0.021,0.006,-125.503,0.679,4.359,0.14,0.009,-58.65,0.492,4.723,0.08,0.004,-84.8,1.211,5.076,0.036,0.009,-53.708,0.595,0,0,0,0,0,5.507,0.093,0.007,-111.137,0.836,5.999,0.026,0.006,-89.29,1.035,6.062,0.029,0.005,-182.925,1.193,6.255,0.011,0.006,-91.546,0.969,6.65,0.005,0.013,-12.611,0.502,6.998,0.006,0.01,-41.633,0.707,7.157,0.024,0.01,-34.841,0.714,8.293,0.028,0.011,-7.932,0.749,8.432,0.047
216,8645,000_000,3/28/2022 23:28,23.6,0,QPLog 10-1631 (16) rev8,FALSE,,GD,,,,,,,,,,,,,,,,Fail,0,0,,2.153,2.302,0,3.062,3.074,3.318,3.42,3.919,4.219,4.299,4.357,4.72,5.074,0,5.507,5.998,6.062,6.252,6.652,6.992,7.154,8.293,8.426,5.134,5.698,3.756,6.162,11.37,-1.62,-0.107,0,-6.558,-6.607,0.039,1.468,-7.839,0.796,1.18,0.018,-0.016,0.552,0,-1.205,0.161,-0.012,-0.306,0.214,0.788,-0.564,-0.445,0.595,0.592,-0.037,-0.089,0.817,-0.088,2.153,0.041,0.011,-56.111,0.195,2.302,0.033,0.01,-90.71,0.223,0,0,0,0,0,3.062,0.008,0.002,-27.626,1.984,3.074,0.011,0.007,-17.041,0.47,3.318,0.008,0.007,-95.423,0.499,3.42,0.002,0.01,-18.201,0.342,3.919,0.007,0.013,-12.946,0.301,4.219,0.007,0.006,-172.868,0.703,4.299,0.111,0.007,-115.715,0.645,4.357,0.122,0.011,-46.262,0.394,4.72,0.008,0.007,-47.153,0.66,5.074,0.019,0.008,-53.663,0.601,0,0,0,0,0,5.507,0.051,0.008,-68.43,0.724,5.998,0.015,0.006,-83.755,0.924,6.062,0.016,0.005,-160.58,1.16,6.252,0.004,0.011,-31.255,0.579,6.652,0.002,0.006,-12.429,1.186,6.992,0.003,0.01,-24.365,0.698,7.154,0.162,0.007,-86.68,0.98,8.293,0.03,0.011,-26.658,0.766,8.426,0.023
217,8645,000_000,3/30/2022 14:20,22.2,0,QPLog 10-1631 (16) rev10,FALSE,,GD,,,,,,,,,,,,,,,,Fail,0,0,,2.157,2.303,0,3.081,0,3.32,3.42,3.923,4.222,4.3,4.358,4.722,5.078,0,5.51,6.002,6.065,6.264,0,6.993,7.158,8.299,8.432,5.136,5.702,0,6.164,11.372,-1.359,0.016,0,-4.769,0,0.279,1.474,-7.634,0.952,1.282,0.055,0.109,0.775,0,-1.039,0.353,0.16,0.246,0,0.831,-0.349,-0.181,0.781,0.724,0.333,0,0.923,-0.02,2.157,0.036,0.013,-18.206,0.167,2.303,0.032,0.01,-37.078,0.234,0,0,0,0,0,3.081,0.008,0.012,-8.907,0.25,0,0,0,0,0,3.32,0.008,0.006,-62.167,0.559,3.42,0.002,0.003,-10.893,1.043,3.923,0.037,0.016,-7.961,0.244,4.222,0.051,0.006,-106.63,0.702,4.3,0.084,0.006,-69.117,0.67,4.358,0.091,0.01,-23.132,0.44,4.722,0.006,0.008,-33.114,0.6,5.078,0.023,0.008,-33.712,0.604,0,0,0,0,0,5.51,0.026,0.007,-31.703,0.744,6.002,0.014,0.006,-53.061,1.091,6.065,0.015,0.006,-79.388,1.088,6.264,0.006,0.006,-22.729,1.021,0,0,0,0,0,6.993,0.003,0.009,-28.996,0.748,7.158,0.162,0.008,-40.715,0.954,8.299,0.052,0.01,-21.793,0.844,8.432,0.014
218,8645,000_000,3/8/2022 0:37,25.7,0,QPLog 10-1631 (16) rev3,FALSE,,GD,,,,,,,,,,,,,,,,Fail,0,0,,2.148,2.3,0,3.076,0,3.317,3.42,3.914,4.219,4.301,4.357,4.723,5.076,0,5.507,5.999,6.063,6.255,6.649,6.997,7.157,8.293,8.431,5.134,5.699,3.759,6.165,11.378,-1.96,-0.339,0,-5.204,0,0.004,1.469,-8.124,0.815,1.322,0.017,0.174,0.654,0,-1.188,0.21,0.02,-0.145,0.116,0.97,-0.414,-0.455,0.764,0.578,0.058,0.155,0.953,0.134,2.148,0.079,0.01,-59.921,0.205,2.3,0.059,0.01,-60.779,0.227,0,0,0,0,0,3.076,0.024,0.016,-16.427,0.195,0,0,0,0,0,3.317,0.016,0.009,-64.532,0.377,3.42,0.006,0.008,-30.954,0.44,3.914,0.008,0.002,-21.325,1.75,4.219,0.012,0.005,-236.054,0.81,4.301,0.021,0.006,-114.362,0.668,4.357,0.138,0.009,-70.088,0.504,4.723,0.078,0.004,-89.359,1.224,5.076,0.037,0.008,-72.547,0.65,0,0,0,0,0,5.507,0.09,0.006,-104.376,0.858,5.999,0.025,0.005,-101.909,1.12,6.063,0.029,0.005,-177.254,1.212,6.255,0.01,0.007,-82.412,0.878,6.649,0.005,0.005,-15.18,1.369,6.997,0.006,0.009,-41.219,0.754,7.157,0.024,0.01,-34.849,0.719,8.293,0.027,0.008,-10.447,1.097,8.431,0.046
